site,date,year,month,dayofmonth,dayofyr,coloniesperL,filbundperL,totalperL,totalperL_diff,week,light_sum,watertemp_min,watertemp_mean,watertemp_median,watertemp_max
Coffin,2007-06-21,2007,6,21,172,0,0,0,NA,24,NA,NA,NA,NA,NA
Coffin,2007-06-28,2007,6,28,179,0.042441624,0,0.042441624,0.042441624,25,NA,NA,NA,NA,NA
Coffin,2007-07-05,2007,7,5,186,0,0,0,-0.042441624,26,NA,19.51,19.74333333,19.67,19.99
Coffin,2007-07-12,2007,7,12,193,0.007073604,0,0.007073604,0.007073604,27,NA,20.64,21.00416667,20.97,21.47
Coffin,2007-07-19,2007,7,19,200,0.028294416,0,0.028294416,0.021220812,28,NA,21.13,21.71708333,21.8,21.97
Coffin,2007-07-26,2007,7,26,207,0.205134517,0,0.205134517,0.176840101,29,NA,21.63,22.3425,22.215,23.31
Coffin,2007-08-02,2007,8,2,214,0.926642128,0.636624363,1.563266491,1.358131974,30,NA,24.69,25.08916667,25.04,25.56
Coffin,2007-08-09,2007,8,9,221,0.169766497,0.021220812,0.190987309,-1.372279182,31,NA,23.14,23.79791667,23.915,24.52
Coffin,2007-08-16,2007,8,16,228,1.393499995,5.255687797,6.649187791,6.458200482,32,NA,22.63,23.095,22.97,23.83
Coffin,2007-08-23,2007,8,23,235,0.728581215,NA,0.728581215,-5.920606576,33,NA,20.32,20.59625,20.64,20.81
Coffin,2007-08-30,2007,8,30,242,0.141472081,0,0.141472081,-0.587109135,34,NA,22.3,22.82708333,22.72,24.52
Coffin,2007-09-06,2007,9,6,249,0.042441624,0,0.042441624,-0.099030457,35,NA,20.16,20.76125,20.725,21.47
Coffin,2007-09-13,2007,9,13,256,4.746388306,0,4.746388306,4.703946682,36,NA,19.18,19.62791667,19.67,20.32
Coffin,2007-09-20,2007,9,20,263,0.077809644,0,0.077809644,-4.668578662,37,NA,NA,NA,NA,NA
Coffin,2008-06-12,2008,6,12,164,0.056588832,0,0.056588832,-0.021220812,23,NA,NA,NA,NA,NA
Coffin,2008-06-19,2008,6,19,171,0.03536802,0,0.03536802,-0.021220812,24,NA,19.34,19.70916667,19.67,20.16
Coffin,2008-06-26,2008,6,26,178,0.063662436,0,0.063662436,0.028294416,25,NA,19.83,20.15625,20.24,20.48
Coffin,2008-07-03,2008,7,3,185,0.021220812,0,0.021220812,-0.042441624,26,NA,20.16,21.2875,21.215,22.13
Coffin,2008-07-10,2008,7,10,192,0.099030457,0,0.099030457,0.077809644,27,NA,23.14,23.74333333,23.66,24.17
Coffin,2008-07-17,2008,7,17,199,0.141472081,0,0.141472081,0.042441624,28,NA,22.81,23.52875,23.66,24
Coffin,2008-07-24,2008,7,24,206,1.004451773,0.007073604,1.011525377,0.870053296,29,NA,20.64,22.22583333,22.47,22.63
Coffin,2008-07-31,2008,7,31,213,0.622477155,0,0.622477155,-0.389048222,30,NA,22.81,23.34958333,23.31,24.17
Coffin,2008-08-07,2008,8,7,220,1.195439082,0.007073604,1.202512686,0.580035531,31,NA,21.97,22.53916667,22.55,23.14
Coffin,2008-08-14,2008,8,14,227,0.247576141,0.014147208,0.261723349,-0.940789336,32,NA,20.81,21.47458333,21.63,21.97
Coffin,2008-08-21,2008,8,21,234,0.028294416,0.007073604,0.03536802,-0.226355329,33,NA,19.99,20.63791667,20.81,21.13
Coffin,2008-08-26,2008,8,26,239,0.007073604,0,0.007073604,-0.028294416,34,NA,20.32,20.80791667,20.81,21.47
Coffin,2008-09-04,2008,9,4,248,0.452710658,0,0.452710658,0.445637054,35,NA,21.3,21.61958333,21.63,22.3
Coffin,2008-09-10,2008,9,10,254,0.014147208,0,0.014147208,-0.43856345,36,NA,19.99,20.38625,20.32,20.97
Coffin,2008-09-17,2008,9,17,261,0.056588832,0,0.056588832,0.042441624,37,NA,NA,NA,NA,NA
Coffin,2008-09-24,2008,9,24,268,0.056588832,0,0.056588832,0,38,NA,NA,NA,NA,NA
Coffin,2009-05-15,2009,5,15,135,0,0,0,-0.056588832,19,NA,NA,NA,NA,NA
Coffin,2009-05-29,2009,5,29,149,0.014147208,0,0.014147208,0.014147208,21,NA,13.47,14.015,13.78,14.56
Coffin,2009-06-04,2009,6,4,155,0.007073604,0,0.007073604,-0.007073604,22,NA,14.87,15.20708333,15.03,15.82
Coffin,2009-06-17,2009,6,17,168,0.028294416,0,0.028294416,0.021220812,24,NA,17.09,17.62916667,17.73,18.37
Coffin,2009-06-25,2009,6,25,176,0,0,0,-0.028294416,25,922363.7,18.53,18.75375,18.69,19.18
Coffin,2009-07-02,2009,7,2,183,0.063662436,0.014147208,0.077809644,0.077809644,26,111590.1,18.86,19.49958333,19.51,19.99
Coffin,2009-07-09,2009,7,9,190,0.113177665,0.021220812,0.134398477,0.056588832,27,733768.5,19.18,19.83125,19.83,20.64
Coffin,2009-07-16,2009,7,16,197,0.042441624,0,0.042441624,-0.091956852,28,490965.5,19.67,20.38625,20.32,21.13
Coffin,2009-07-23,2009,7,23,204,0.028294416,0,0.028294416,-0.014147208,29,257926.5,20.97,21.25916667,21.3,21.63
Coffin,2009-07-30,2009,7,30,211,0.056588832,0,0.056588832,0.028294416,30,238647.8,22.3,22.72583333,22.63,23.14
Coffin,2009-08-06,2009,8,6,218,0.042441624,0.007073604,0.049515228,-0.007073604,31,552202.2,22.47,22.72083333,22.81,22.97
Coffin,2009-08-13,2009,8,13,225,0.190987309,0,0.190987309,0.141472081,32,197648,22.81,23.07708333,23.14,23.48
Coffin,2009-08-20,2009,8,20,232,0.183913705,0.007073604,0.190987309,0,33,567712.7,24.34,24.91458333,24.87,25.38
Coffin,2009-08-27,2009,8,27,239,0.190987309,0,0.190987309,0,34,895755.2,22.63,22.99208333,22.97,23.31
Coffin,2009-09-01,2009,9,1,244,0.03536802,0,0.03536802,-0.155619289,35,740291.2,20.48,20.80666667,20.81,20.97
Coffin,2009-09-08,2009,9,8,251,0.353680202,0.007073604,0.360753806,0.325385786,36,703199.5,19.99,20.52208333,20.64,20.81
Coffin,2009-09-15,2009,9,15,258,0.233428933,0,0.233428933,-0.127324873,37,454551.6,18.86,19.21458333,19.18,19.51
Coffin,2009-09-21,2009,9,21,264,0.021220812,0,0.021220812,-0.212208121,38,NA,NA,NA,NA,NA
Coffin,2009-10-05,2009,10,5,278,0.141472081,0,0.141472081,0.120251269,40,NA,NA,NA,NA,NA
Coffin,2010-04-15,2010,4,15,105,0.042441624,0,0.042441624,-0.099030457,15,NA,NA,NA,NA,NA
Coffin,2010-04-30,2010,4,30,120,0.014147208,0,0.014147208,-0.028294416,17,NA,NA,NA,NA,NA
Coffin,2010-05-25,2010,5,25,145,0.049515228,0,0.049515228,0.03536802,21,NA,NA,NA,NA,NA
Coffin,2010-06-04,2010,6,4,155,0.007073604,0,0.007073604,-0.042441624,22,988078.3,18.86,19.68208333,19.83,20.81
Coffin,2010-06-10,2010,6,10,161,0.028294416,0.007073604,0.03536802,0.028294416,23,160803.1,17.09,17.33958333,17.41,17.57
Coffin,2010-06-15,2010,6,15,166,0,0,0,-0.03536802,24,1546544,16.93,17.4825,17.73,17.73
Coffin,2010-06-24,2010,6,24,175,0.049515228,0.007073604,0.056588832,0.056588832,25,785704.9,19.51,20.60333333,20.64,21.47
Coffin,2010-07-01,2010,7,1,182,0.113177665,0,0.113177665,0.056588832,26,779860,19.83,20.56958333,20.64,20.97
Coffin,2010-07-08,2010,7,8,189,2.107934002,0.381974618,2.48990862,2.376730955,27,1095652.7,25.73,26.44875,26.345,27.32
Coffin,2010-07-15,2010,7,15,196,1.31569035,0.445637054,1.761327404,-0.728581215,28,656438.5,25.21,26.01791667,26.08,26.96
Coffin,2010-07-22,2010,7,22,203,0.198060913,0.049515228,0.247576141,-1.513751263,29,95934,24.34,24.7,24.69,25.04
Coffin,2010-07-29,2010,7,29,210,0.049515228,0,0.049515228,-0.198060913,30,492191.3,22.97,23.38958333,23.31,23.83
Coffin,2010-08-05,2010,8,5,217,0.120251269,0.084883248,0.205134517,0.155619289,31,402626.1,23.31,23.5925,23.66,23.83
Coffin,2010-08-12,2010,8,12,224,0.275870557,0.021220812,0.297091369,0.091956852,32,942686,24,24.34333333,24.34,24.87
Coffin,2010-08-19,2010,8,19,231,0.042441624,0,0.042441624,-0.254649745,33,1434394.7,22.97,23.305,23.225,24
Coffin,2010-08-26,2010,8,26,238,0.36782741,0.007073604,0.374901014,0.33245939,34,1280201,20.81,21.06666667,20.97,21.47
Coffin,2010-09-02,2010,9,2,245,0.700286799,0,0.700286799,0.325385786,35,1718800.1,21.8,22.27333333,22.3,22.81
Coffin,2010-09-09,2010,9,9,252,0,0,0,-0.700286799,36,302068.7,19.99,20.39958333,20.4,20.64
Coffin,2010-09-16,2010,9,16,259,0.014147208,0,0.014147208,0.014147208,37,792991.4,17.57,18.52708333,18.61,19.34
Coffin,2010-09-22,2010,9,22,265,0.042441624,0,0.042441624,0.028294416,38,NA,NA,NA,NA,NA
Coffin,2010-09-30,2010,9,30,273,0,0,0,-0.042441624,39,NA,NA,NA,NA,NA
Coffin,2010-10-07,2010,10,7,280,0.007073604,0,0.007073604,0.007073604,40,NA,NA,NA,NA,NA
Coffin,2011-04-28,2011,4,28,118,0,0,0,-0.007073604,17,NA,NA,NA,NA,NA
Coffin,2011-05-05,2011,5,5,125,0,0,0,0,18,NA,NA,NA,NA,NA
Coffin,2011-05-12,2011,5,12,132,0,0,0,0,19,NA,NA,NA,NA,NA
Coffin,2011-05-19,2011,5,19,139,0,0,0,0,20,NA,NA,NA,NA,NA
Coffin,2011-05-26,2011,5,26,146,0,0,0,0,21,NA,NA,NA,NA,NA
Coffin,2011-06-02,2011,6,2,153,0,0,0,0,22,NA,NA,NA,NA,NA
Coffin,2011-06-10,2011,6,10,161,0,0,0,0,23,646559.1,18.38,19.54041667,19.84,20.32
Coffin,2011-06-16,2011,6,16,167,0,0,0,0,24,683790.8,17.73,18.10083333,18.05,18.54
Coffin,2011-06-23,2011,6,23,174,0.014147208,0,0.014147208,0.014147208,25,62710.9,19.35,19.83166667,19.76,20.32
Coffin,2011-06-30,2011,6,30,181,0,0,0,-0.014147208,26,548262.1,18.38,18.99333333,19.03,19.51
Coffin,2011-07-07,2011,7,7,188,0,0,0,0,27,819923.2,21.47,21.89458333,21.8,22.31
Coffin,2011-07-14,2011,7,14,195,0.028294416,0,0.028294416,0.028294416,28,1257048.1,22.64,23.14291667,23.15,23.66
Coffin,2011-07-21,2011,7,21,202,0.07073604,0.007073604,0.077809644,0.049515228,29,792722.4,23.83,24.42958333,24.435,24.87
Coffin,2011-07-28,2011,7,28,209,0.551741115,0.169766497,0.721507611,0.643697967,30,947465.5,23.32,24.56083333,24.7,25.39
Coffin,2011-08-04,2011,8,4,216,0.707360403,0.07073604,0.778096444,0.056588832,31,452613.8,23.66,24.40875,24.61,25.04
Coffin,2011-08-11,2011,8,11,223,1.782548216,0.891274108,2.673822325,1.895725881,32,451763.6,22.98,23.79166667,23.745,24.87
Coffin,2011-08-18,2011,8,18,230,0.523446698,0.077809644,0.601256343,-2.072565982,33,507736.1,21.31,22.23833333,22.31,22.98
Coffin,2011-08-25,2011,8,25,237,0.990304565,0.113177665,1.103482229,0.502225886,34,335867.6,21.47,21.95708333,21.97,22.64
Coffin,2011-09-01,2011,9,1,244,2.214038062,0,2.214038062,1.110555833,35,593482.1,21.14,21.68125,21.64,22.31
Coffin,2011-09-08,2011,9,8,251,1.563266491,0,1.563266491,-0.650771571,36,385866.3,19.68,20.59666667,20.81,21.31
Coffin,2011-09-15,2011,9,15,258,0.028294416,0,0.028294416,-1.534972075,37,153321.5,19.19,20.1875,20.4,20.81
Coffin,2011-09-22,2011,9,22,265,0.014147208,0,0.014147208,-0.014147208,38,NA,NA,NA,NA,NA
Coffin,2011-09-29,2011,9,29,272,0.042441624,0,0.042441624,0.028294416,39,NA,NA,NA,NA,NA
Coffin,2011-10-06,2011,10,6,279,0,0,0,-0.042441624,40,NA,NA,NA,NA,NA
Coffin,2012-03-29,2012,3,29,89,0,0,0,0,13,NA,NA,NA,NA,NA
Coffin,2012-04-13,2012,4,13,104,0,0,0,0,15,NA,NA,NA,NA,NA
Coffin,2012-04-19,2012,4,19,110,0,0,0,0,16,NA,NA,NA,NA,NA
Coffin,2012-05-03,2012,5,3,124,0,0,0,0,18,NA,NA,NA,NA,NA
Coffin,2012-05-10,2012,5,10,131,0,0,0,0,19,NA,NA,NA,NA,NA
Coffin,2012-05-17,2012,5,17,138,0,0,0,0,20,NA,NA,NA,NA,NA
Coffin,2012-05-24,2012,5,24,145,0,0,0,0,21,NA,NA,NA,NA,NA
Coffin,2012-05-31,2012,5,31,152,0,0,0,0,22,1009971.5,17.57,18.43166667,18.45,19.02
Coffin,2012-06-07,2012,6,7,159,0,0,0,0,23,414487.7,16.45,16.80791667,16.61,17.41
Coffin,2012-06-14,2012,6,14,166,0.007073604,0,0.007073604,0.007073604,24,NA,18.21,19.06541667,19.26,20.48
Coffin,2012-06-21,2012,6,21,173,0.014147208,0,0.014147208,0.007073604,25,NA,20.97,21.38375,21.3,22.13
Coffin,2012-06-28,2012,6,28,180,0,0,0,-0.014147208,26,NA,19.18,19.66708333,19.67,19.99
Coffin,2012-07-05,2012,7,5,187,0.014147208,0,0.014147208,0.014147208,27,NA,21.47,22.27291667,22.3,22.63
Coffin,2012-07-12,2012,7,12,194,0.042441624,0,0.042441624,0.028294416,28,1238931.8,22.81,23.2425,23.31,23.66
Coffin,2012-07-19,2012,7,19,201,0.176840101,0.099030457,0.275870557,0.233428933,29,1372146.8,23.83,24.20916667,24.255,24.52
Coffin,2012-07-26,2012,7,26,208,0.141472081,0.007073604,0.148545685,-0.127324873,30,209822,22.97,23.30291667,23.31,23.48
Coffin,2012-08-02,2012,8,2,215,0.134398477,0.021220812,0.155619289,0.007073604,31,1121722.8,23.48,23.80041667,23.83,24.17
Coffin,2012-08-09,2012,8,9,222,0.077809644,0,0.077809644,-0.077809644,32,878952.4,24,24.88625,24.87,25.91
Coffin,2012-08-16,2012,8,16,229,0.056588832,0.007073604,0.063662436,-0.014147208,33,947906.6,24.17,24.48125,24.52,24.87
Coffin,2012-08-23,2012,8,23,236,0.042441624,0.007073604,0.049515228,-0.014147208,34,1297293.8,23.14,23.59958333,23.66,24
Coffin,2012-08-30,2012,8,30,243,0.03536802,0,0.03536802,-0.014147208,35,1412543.4,22.13,22.64208333,22.63,23.14
Coffin,2012-09-06,2012,9,6,250,0.084883248,0,0.084883248,0.049515228,36,706740.2,21.63,22.13291667,22.215,22.63
Coffin,2012-09-13,2012,9,13,257,0.028294416,0,0.028294416,-0.056588832,37,917164.3,20.16,20.75333333,20.81,21.47
Coffin,2012-09-20,2012,9,20,264,0.03536802,0,0.03536802,0.007073604,38,NA,18.37,18.89666667,18.94,19.51
Coffin,2012-09-27,2012,9,27,271,0,0,0,-0.03536802,39,NA,NA,NA,NA,NA
Coffin,2012-10-05,2012,10,5,279,0.014147208,0,0.014147208,0.014147208,40,NA,NA,NA,NA,NA
Coffin,2013-04-24,2013,4,24,114,0,0,0,-0.014147208,16,NA,NA,NA,NA,NA
Coffin,2013-05-02,2013,5,2,122,0,0,0,0,17,NA,NA,NA,NA,NA
Coffin,2013-05-14,2013,5,14,134,0,0,0,0,19,NA,NA,NA,NA,NA
Coffin,2013-05-23,2013,5,23,143,0,0,0,0,20,NA,NA,NA,NA,NA
Coffin,2013-05-30,2013,5,30,150,0,0.007073604,0.007073604,0.007073604,21,NA,NA,NA,NA,NA
Coffin,2013-06-06,2013,6,6,157,0,0,0,-0.007073604,22,94050,17.09,17.7325,17.74,18.38
Coffin,2013-06-13,2013,6,13,164,0,0,0,0,23,NA,15.83,16.26375,16.225,16.62
Coffin,2013-06-20,2013,6,20,171,0,0,0,0,24,1031994.1,16.78,17.43833333,17.5,18.06
Coffin,2013-06-27,2013,6,27,178,0,0,0,0,25,746404.9,21.31,21.76833333,21.725,22.31
Coffin,2013-07-03,2013,7,3,184,0.007073604,0,0.007073604,0.007073604,26,965419.6,21.98,22.36708333,22.31,22.98
Coffin,2013-07-11,2013,7,11,192,0,0,0,-0.007073604,27,679560.8,24.18,24.47041667,24.52,24.69
Coffin,2013-07-18,2013,7,18,199,0.007073604,0,0.007073604,0.007073604,28,1222236.7,25.22,25.73666667,25.92,25.92
Coffin,2013-07-25,2013,7,25,206,0.226355329,0.042441624,0.268796953,0.261723349,29,800193.3,23.49,23.99,24,24.69
Coffin,2013-08-01,2013,8,1,213,0.077809644,0,0.077809644,-0.190987309,30,431882.8,22.98,23.675,23.66,24.18
Coffin,2013-08-08,2013,8,8,220,0.03536802,0,0.03536802,-0.042441624,31,432323.8,21.98,22.32375,22.31,22.81
Coffin,2013-08-15,2013,8,15,227,0.042441624,0,0.042441624,0.007073604,32,947486.5,20.49,20.95333333,20.98,21.31
Coffin,2013-08-22,2013,8,22,234,0.028294416,0,0.028294416,-0.014147208,33,896541.4,21.64,21.82375,21.81,22.14
Coffin,2013-08-29,2013,8,29,241,1.294469538,0.056588832,1.35105837,1.322763954,34,375522.1,22.31,22.84541667,22.81,23.49
Coffin,2013-09-05,2013,9,5,248,0.297091369,0.014147208,0.311238578,-1.039819793,35,1169321.7,21.64,22.02458333,22.06,22.31
Coffin,2013-09-11,2013,9,11,254,0.014147208,0,0.014147208,-0.297091369,36,902687.2,19.68,19.91833333,19.925,20.17
Coffin,2013-09-18,2013,9,18,261,0.077809644,0,0.077809644,0.063662436,37,NA,NA,NA,NA,NA
Coffin,2013-09-25,2013,9,25,268,0.063662436,0,0.063662436,-0.014147208,38,NA,NA,NA,NA,NA
Coffin,2013-10-02,2013,10,2,275,0.03536802,0.014147208,0.049515228,-0.014147208,39,NA,NA,NA,NA,NA
Coffin,2013-10-09,2013,10,9,282,0.028294416,0,0.028294416,-0.021220812,40,NA,NA,NA,NA,NA
Coffin,2014-05-29,2014,5,29,149,0,0,0,-0.028294416,21,NA,NA,NA,NA,NA
Coffin,2014-06-05,2014,6,5,156,0,0.014147208,0.014147208,0.014147208,22,NA,NA,NA,NA,NA
Coffin,2014-06-12,2014,6,12,163,0.014147208,0.007073604,0.021220812,0.007073604,23,135217,18.22,18.70583333,18.71,19.03
Coffin,2014-06-19,2014,6,19,170,0,0,0,-0.021220812,24,1240115.5,17.9,18.40208333,18.38,19.03
Coffin,2014-06-26,2014,6,26,177,0.120251269,0.091956852,0.212208121,0.212208121,25,617442.4,19.19,19.95125,19.925,20.33
Coffin,2014-07-02,2014,7,2,183,0.049515228,0.014147208,0.063662436,-0.148545685,26,984719.3,22.14,22.69375,22.48,23.83
Coffin,2014-07-09,2014,7,9,190,0.049515228,0.049515228,0.099030457,0.03536802,27,1028969.8,21.48,21.91458333,21.81,22.48
Coffin,2014-07-17,2014,7,17,198,0.183913705,0.077809644,0.261723349,0.162692893,28,1231913.9,22.98,23.33916667,23.32,23.66
Coffin,2014-07-23,2014,7,23,204,0.275870557,0.028294416,0.304164973,0.042441624,29,1106255,23.14,23.75291667,23.83,24.18
Coffin,2014-07-30,2014,7,30,211,0.360753806,0.084883248,0.445637054,0.141472081,30,859469.6,22.31,22.89083333,22.895,23.66
Coffin,2014-08-06,2014,8,6,218,0.162692893,0.028294416,0.190987309,-0.254649745,31,1269877.9,22.98,23.34458333,23.23,23.83
Coffin,2014-08-12,2014,8,12,224,0.091956852,0.021220812,0.113177665,-0.077809644,32,999756.4,23.14,23.76083333,23.83,24.18
Coffin,2014-08-20,2014,8,20,232,3.515581204,0.028294416,3.543875621,3.430697956,33,686912.9,20.82,21.92291667,21.81,23.14
Coffin,2014-08-27,2014,8,27,239,0.905421316,0.134398477,1.039819793,-2.504055828,34,854884.6,20.98,21.30291667,21.31,21.81
Coffin,2014-09-04,2014,9,4,247,0.749802028,0.021220812,0.77102284,-0.268796953,35,1041240.7,21.31,22.34791667,22.48,23.66
Coffin,2014-09-10,2014,9,10,253,0.954936545,0.014147208,0.969083753,0.198060913,36,826424.5,21.14,21.67083333,21.48,22.48
Coffin,2014-09-17,2014,9,17,260,0.021220812,0,0.021220812,-0.94786294,37,NA,NA,NA,NA,NA
Coffin,2014-09-25,2014,9,25,268,0.014147208,0,0.014147208,-0.007073604,38,NA,NA,NA,NA,NA
Coffin,2014-10-03,2014,10,3,276,0.049515228,0,0.049515228,0.03536802,39,NA,NA,NA,NA,NA
Coffin,2014-10-10,2014,10,10,283,0.007073604,0,0.007073604,-0.042441624,40,NA,NA,NA,NA,NA
Coffin,2015-05-14,2015,5,14,134,0,0,0,-0.007073604,19,NA,NA,NA,NA,NA
Coffin,2015-05-21,2015,5,21,141,0,0,0,0,20,NA,NA,NA,NA,NA
Coffin,2015-05-28,2015,5,28,148,0,0,0,0,21,NA,NA,NA,NA,NA
Coffin,2015-06-05,2015,6,5,156,0,0,0,0,22,NA,NA,NA,NA,NA
Coffin,2015-06-11,2015,6,11,162,0,0,0,0,23,954504.9,15.83,16.70125,16.78,17.1
Coffin,2015-06-19,2015,6,19,170,0,0.014147208,0.014147208,0.014147208,24,1164940.1,18.38,18.795,18.79,19.03
Coffin,2015-07-02,2015,7,2,183,0.007073604,0.007073604,0.014147208,0,26,1303031,19.52,19.9125,20.01,20.17
Coffin,2015-07-09,2015,7,9,190,0.03536802,0.014147208,0.049515228,0.03536802,27,802679.1,21.31,21.8725,21.895,22.48
Coffin,2015-07-16,2015,7,16,197,0.091956852,0.028294416,0.120251269,0.07073604,28,1864479.1,22.48,22.81125,22.81,23.32
Coffin,2015-07-23,2015,7,23,204,0.134398477,0.049515228,0.183913705,0.063662436,29,1200967.6,22.81,23.01083333,22.98,23.14
Coffin,2015-07-30,2015,7,30,211,0.077809644,0.028294416,0.106104061,-0.077809644,30,825660.4,23.49,24.29833333,24.265,25.22
Coffin,2015-08-06,2015,8,6,218,0.042441624,0.014147208,0.056588832,-0.049515228,31,1211472.7,23.14,23.48791667,23.49,24
Coffin,2015-08-13,2015,8,13,225,0.155619289,0.021220812,0.176840101,0.120251269,32,1420196.8,22.31,22.79666667,22.725,23.32
Coffin,2015-08-20,2015,8,20,232,0.459784262,0.049515228,0.50929949,0.33245939,33,1411564.1,24.87,25.19583333,25.04,25.74
Coffin,2015-08-25,2015,8,25,237,0.43856345,0.021220812,0.459784262,-0.049515228,34,392421.9,24.35,24.77333333,24.78,25.22
Coffin,2015-09-03,2015,9,3,246,3.3316675,0.381974618,3.713642117,3.253857855,35,1000187.4,22.81,23.36833333,23.49,23.83
Coffin,2015-09-10,2015,9,10,253,0.594182739,0.03536802,0.629550759,-3.084091359,36,204977.7,23.32,23.63166667,23.66,23.83
Coffin,2015-09-17,2015,9,17,260,0.700286799,0,0.700286799,0.07073604,37,872322.1,20.98,21.55916667,21.64,22.14
Coffin,2015-09-24,2015,9,24,267,0.169766497,0.007073604,0.176840101,-0.523446699,38,NA,NA,NA,NA,NA
Coffin,2015-10-02,2015,10,2,275,0.063662436,0,0.063662436,-0.113177665,39,NA,NA,NA,NA,NA
Coffin,2015-10-10,2015,10,10,283,0.127324873,0.03536802,0.162692893,0.099030457,40,NA,NA,NA,NA,NA
Coffin,2015-10-12,2015,10,12,285,0.014147208,0,0.014147208,-0.148545685,41,NA,NA,NA,NA,NA
Coffin,2016-05-26,2016,5,26,147,0.007073604,0,0.007073604,-0.007073604,21,NA,NA,NA,NA,NA
Coffin,2016-06-03,2016,6,3,155,0.084883248,0.042441624,0.127324873,0.120251269,22,NA,NA,NA,NA,NA
Coffin,2016-06-16,2016,6,16,168,0.183913705,0.183913705,0.36782741,0.240502537,24,NA,15.67,16.19333333,16.31,17.9
Coffin,2016-06-23,2016,6,23,175,0.056588832,0.042441624,0.099030457,-0.268796953,25,1351791.4,18.71,19.1825,19.36,19.52
Coffin,2016-06-30,2016,6,30,182,0.028294416,0.03536802,0.063662436,-0.03536802,26,1503908.2,21.48,21.95541667,22.14,22.31
Coffin,2016-07-07,2016,7,7,189,0.028294416,0.014147208,0.042441624,-0.021220812,27,457564.8,22.48,23.13125,23.06,23.83
Coffin,2016-07-14,2016,7,14,196,0.134398477,0.141472081,0.275870557,0.233428933,28,399396.6,21.64,22.36583333,22.31,23.32
Coffin,2016-07-21,2016,7,21,203,0.049515228,0.028294416,0.077809644,-0.198060913,29,1509483.7,22.48,22.8875,22.98,23.32
Coffin,2016-07-27,2016,7,27,209,0.523446698,0.148545685,0.671992383,0.594182739,30,1602947.7,23.14,23.73791667,23.83,24.18
Coffin,2016-08-15,2016,8,15,228,0.477468272,0.343069796,0.820538068,0.148545685,33,867004.8,24,24.36958333,24.35,24.69
Coffin,2016-08-22,2016,8,22,235,1.294469538,0.396121826,1.690591364,0.870053296,34,1409831.2,23.14,23.83083333,23.83,24.35
Coffin,2016-08-31,2016,8,31,244,0.551741115,0.077809644,0.629550759,-1.061040605,35,635085,22.48,22.74166667,22.725,23.14
Coffin,2016-09-07,2016,9,7,251,0.488078678,0.028294416,0.516373094,-0.113177665,36,426285.5,22.31,22.7275,22.725,23.32
Coffin,2016-09-14,2016,9,14,258,0.318312182,0.014147208,0.33245939,-0.183913705,37,471806,21.14,21.55208333,21.64,22.14
Coffin,2016-09-21,2016,9,21,265,0.608329947,0.056588832,0.664918779,0.33245939,38,760247.5,20.49,20.99,20.98,21.48
Coffin,2016-09-28,2016,9,28,272,0.028294416,0.021220812,0.049515228,-0.615403551,39,NA,NA,NA,NA,NA
Coffin,2016-10-05,2016,10,5,279,0.049515228,0,0.049515228,0,40,NA,NA,NA,NA,NA
Fichter,2007-06-21,2007,6,21,172,0,0,0,NA,24,NA,NA,NA,NA,NA
Fichter,2007-06-28,2007,6,28,179,0.084883248,0,0.084883248,0.084883248,25,NA,NA,NA,NA,NA
Fichter,2007-07-05,2007,7,5,186,0.608329947,0.099030457,0.707360403,0.622477155,26,NA,19.66,20.38291667,20.31,21.13
Fichter,2007-07-12,2007,7,12,193,0.007073604,0.007073604,0.014147208,-0.693213195,27,NA,20.47,21.04541667,21.13,21.63
Fichter,2007-07-19,2007,7,19,200,0.113177665,0.021220812,0.134398477,0.120251269,28,NA,21.63,21.81958333,21.79,21.96
Fichter,2007-07-26,2007,7,26,207,1.032746189,1.909873089,2.942619278,2.808220801,29,NA,22.46,22.92291667,22.79,24.68
Fichter,2007-08-02,2007,8,2,214,0.997378169,3.077017754,4.074395923,1.131776645,30,NA,24.86,25.225,25.285,25.72
Fichter,2007-08-09,2007,8,9,221,1.676444156,9.846456814,11.52290097,7.448505047,31,NA,23.13,23.69708333,23.81,24.16
Fichter,2007-08-16,2007,8,16,228,1.025672585,6.826027892,7.851700477,-3.671200493,32,NA,22.79,23.3425,23.385,23.98
Fichter,2007-08-23,2007,8,23,235,0.594182739,NA,0.594182739,-7.257517738,33,NA,20.47,20.59666667,20.63,20.79
Fichter,2007-08-30,2007,8,30,242,8.863225854,0,8.863225854,8.269043115,34,NA,22.63,23.0175,22.96,23.64
Fichter,2007-09-06,2007,9,6,249,1.71888578,0,1.71888578,-7.144340074,35,NA,20.47,21.05166667,20.795,21.79
Fichter,2007-09-13,2007,9,13,256,2.320142123,0,2.320142123,0.601256343,36,NA,18.86,19.28,19.26,19.66
Fichter,2007-09-20,2007,9,20,263,0.544667511,0,0.544667511,-1.775474612,37,NA,NA,NA,NA,NA
Fichter,2008-06-05,2008,6,5,157,0,0,0,-0.544667511,22,NA,NA,NA,NA,NA
Fichter,2008-06-12,2008,6,12,164,0.049515228,0,0.049515228,0.049515228,23,NA,NA,NA,NA,NA
Fichter,2008-06-19,2008,6,19,171,0.099030457,0,0.099030457,0.049515228,24,NA,19.02,19.70291667,19.66,20.63
Fichter,2008-06-26,2008,6,26,178,0.176840101,0,0.176840101,0.077809644,25,NA,19.98,20.14833333,20.14,20.47
Fichter,2008-07-03,2008,7,3,185,3.03457613,0.063662436,3.098238567,2.921398466,26,NA,22.13,22.38375,22.46,22.79
Fichter,2008-07-10,2008,7,10,192,0.212208121,0,0.212208121,-2.886030446,27,NA,22.63,23.37125,23.47,23.81
Fichter,2008-07-17,2008,7,17,199,1.096408625,0,1.096408625,0.884200504,28,NA,23.3,23.72,23.725,24.16
Fichter,2008-07-24,2008,7,24,206,0.466857866,0.007073604,0.47393147,-0.622477155,29,NA,21.46,21.69791667,21.63,22.13
Fichter,2008-07-31,2008,7,31,213,1.768401008,0.106104061,1.874505069,1.400573599,30,NA,23.3,23.87916667,23.64,24.68
Fichter,2008-08-07,2008,8,7,220,0.870053296,0.063662436,0.933715732,-0.940789336,31,NA,21.46,21.69708333,21.63,22.13
Fichter,2008-08-14,2008,8,14,227,0.466857866,0,0.466857866,-0.466857866,32,NA,21.29,21.59833333,21.63,22.13
Fichter,2008-08-21,2008,8,21,234,1.329837558,0.099030457,1.428868015,0.962010149,33,NA,20.47,20.75458333,20.71,21.13
Fichter,2008-08-26,2008,8,26,239,0.360753806,0,0.360753806,-1.068114209,34,NA,20.47,20.87791667,20.96,21.29
Fichter,2008-09-04,2008,9,4,248,0.141472081,0,0.141472081,-0.219281725,35,NA,21.13,21.86875,21.71,23.13
Fichter,2008-09-10,2008,9,10,254,0.212208121,0,0.212208121,0.07073604,36,NA,19.98,20.32625,20.31,20.63
Fichter,2008-09-17,2008,9,17,261,0.056588832,0.014147208,0.07073604,-0.141472081,37,NA,NA,NA,NA,NA
Fichter,2008-09-24,2008,9,24,268,0.099030457,0,0.099030457,0.028294416,38,NA,NA,NA,NA,NA
Fichter,2009-05-15,2009,5,15,135,0,0,0,-0.099030457,19,NA,NA,NA,NA,NA
Fichter,2009-05-29,2009,5,29,149,0.007073604,0,0.007073604,0.007073604,21,NA,13.01,13.30416667,13.32,13.62
Fichter,2009-06-04,2009,6,4,155,0.021220812,0,0.021220812,0.014147208,22,NA,15.02,15.51791667,15.5,16.13
Fichter,2009-06-17,2009,6,17,168,0.007073604,0,0.007073604,-0.014147208,24,NA,16.45,17.61083333,17.005,19.5
Fichter,2009-06-25,2009,6,25,176,0.084883248,0,0.084883248,0.077809644,25,872580.2,18.53,19.11666667,18.775,20.63
Fichter,2009-07-02,2009,7,2,183,0.063662436,0,0.063662436,-0.021220812,26,177680.3,18.21,18.57791667,18.53,18.86
Fichter,2009-07-09,2009,7,9,190,0.106104061,0.042441624,0.148545685,0.084883248,27,711077.8,19.02,19.4675,19.18,20.47
Fichter,2009-07-16,2009,7,16,197,0.042441624,0,0.042441624,-0.106104061,28,633803.3,19.98,20.36708333,20.39,21.13
Fichter,2009-07-23,2009,7,23,204,0.007073604,0,0.007073604,-0.03536802,29,362971.4,20.79,20.91041667,20.79,21.13
Fichter,2009-07-30,2009,7,30,211,0.233428933,0.007073604,0.240502537,0.233428933,30,630348.4,21.46,22.11875,22.21,22.63
Fichter,2009-08-06,2009,8,6,218,0.212208121,0,0.212208121,-0.028294416,31,294846.2,22.29,22.76625,22.79,23.3
Fichter,2009-08-13,2009,8,13,225,0.205134517,0,0.205134517,-0.007073604,32,262618.8,22.79,22.93166667,22.96,23.13
Fichter,2009-08-20,2009,8,20,232,0.297091369,0,0.297091369,0.091956852,33,738418.3,24.51,24.96333333,25.03,25.37
Fichter,2009-08-27,2009,8,27,239,0.488078678,0,0.488078678,0.190987309,34,617991.5,22.79,23.11583333,23.13,23.64
Fichter,2009-09-01,2009,9,1,244,0.381974618,0,0.381974618,-0.106104061,35,591265.2,20.47,20.73458333,20.63,21.46
Fichter,2009-09-08,2009,9,8,251,0.629550759,0,0.629550759,0.247576141,36,201684.3,20.31,20.61791667,20.63,20.96
Fichter,2009-09-15,2009,9,15,258,0.940789336,0,0.940789336,0.311238578,37,160845.5,19.18,19.4,19.34,19.66
Fichter,2009-09-21,2009,9,21,264,4.095616735,0,4.095616735,3.154827399,38,NA,NA,NA,NA,NA
Fichter,2009-10-05,2009,10,5,278,0.226355329,0,0.226355329,-3.869261406,40,NA,NA,NA,NA,NA
Fichter,2010-04-15,2010,4,15,105,0.077809644,0,0.077809644,-0.148545685,15,NA,NA,NA,NA,NA
Fichter,2010-04-30,2010,4,30,120,0.063662436,0,0.063662436,-0.014147208,17,NA,NA,NA,NA,NA
Fichter,2010-05-13,2010,5,13,133,0,0,0,-0.063662436,19,NA,NA,NA,NA,NA
Fichter,2010-05-25,2010,5,25,145,0.049515228,0,0.049515228,0.049515228,21,NA,NA,NA,NA,NA
Fichter,2010-06-04,2010,6,4,155,0.021220812,0,0.021220812,-0.028294416,22,1096610.6,19.66,19.92083333,19.98,20.47
Fichter,2010-06-10,2010,6,10,161,0.007073604,0,0.007073604,-0.014147208,23,134657.7,16.93,17.29,17.24,17.56
Fichter,2010-06-15,2010,6,15,166,0.042441624,0.007073604,0.049515228,0.042441624,24,1249426.9,17.08,17.4,17.4,17.88
Fichter,2010-06-24,2010,6,24,175,0.091956852,0,0.091956852,0.042441624,25,795273.5,20.96,21.46666667,21.545,21.96
Fichter,2010-07-01,2010,7,1,182,0.36782741,0.226355329,0.594182739,0.502225886,26,856552.5,20.63,21.04291667,21.045,21.29
Fichter,2010-07-08,2010,7,8,189,0.346606598,0.106104061,0.452710658,-0.141472081,27,1282859.1,23.47,25.00583333,25.115,25.89
Fichter,2010-07-15,2010,7,15,196,0.431489846,0.219281725,0.650771571,0.198060913,28,183509.1,24.33,24.76666667,24.685,25.37
Fichter,2010-07-22,2010,7,22,203,0.657845175,0.381974618,1.039819793,0.389048222,29,88125,24.33,24.58708333,24.595,25.03
Fichter,2010-07-29,2010,7,29,210,0.275870557,0.148545685,0.424416242,-0.615403551,30,884157.6,23.81,24.1575,24.16,24.51
Fichter,2010-08-05,2010,8,5,217,5.715472059,5.503263938,11.218736,10.79431975,31,348311.1,23.64,24.04208333,23.98,24.68
Fichter,2010-08-12,2010,8,12,224,1.478383243,1.365205578,2.843588821,-8.375147175,32,501535.6,24.16,24.41166667,24.33,24.68
Fichter,2010-08-19,2010,8,19,231,0.884200504,0.608329947,1.492530451,-1.35105837,33,1172367,22.96,23.53625,23.47,24.33
Fichter,2010-08-26,2010,8,26,238,0.459784262,0.042441624,0.502225886,-0.990304565,34,661262.3,20.79,21.00666667,20.79,21.63
Fichter,2010-09-02,2010,9,2,245,2.468687808,0,2.468687808,1.966461921,35,808126,22.79,23.47166667,23.47,24.16
Fichter,2010-09-09,2010,9,9,252,0.381974618,0,0.381974618,-2.08671319,36,140039,20.31,20.625,20.63,20.96
Fichter,2010-09-16,2010,9,16,259,0.042441624,0,0.042441624,-0.339532994,37,216613.8,17.88,18.36791667,18.37,19.02
Fichter,2010-09-23,2010,9,23,266,0.077809644,0,0.077809644,0.03536802,38,NA,NA,NA,NA,NA
Fichter,2010-09-30,2010,9,30,273,0,0,0,-0.077809644,39,NA,NA,NA,NA,NA
Fichter,2010-10-07,2010,10,7,280,0.007073604,0,0.007073604,0.007073604,40,NA,NA,NA,NA,NA
Fichter,2011-04-28,2011,4,28,118,0,0,0,-0.007073604,17,NA,NA,NA,NA,NA
Fichter,2011-05-05,2011,5,5,125,0,0,0,0,18,NA,NA,NA,NA,NA
Fichter,2011-05-12,2011,5,12,132,0,0,0,0,19,NA,NA,NA,NA,NA
Fichter,2011-05-19,2011,5,19,139,0,0,0,0,20,NA,NA,NA,NA,NA
Fichter,2011-05-26,2011,5,26,146,0,0,0,0,21,NA,NA,NA,NA,NA
Fichter,2011-06-02,2011,6,2,153,0,0,0,0,22,NA,NA,NA,NA,NA
Fichter,2011-06-10,2011,6,10,161,0,0,0,0,23,619358.2,19.35,20.0325,20.15,20.64
Fichter,2011-06-16,2011,6,16,167,0,0,0,0,24,463883.6,17.09,18.34208333,18.37,19.83
Fichter,2011-06-23,2011,6,23,174,0.028294416,0,0.028294416,0.028294416,25,93905.3,18.05,18.805,18.86,19.51
Fichter,2011-06-30,2011,6,30,181,0,0,0,-0.028294416,26,715609.6,19.67,20.09,20.15,20.47
Fichter,2011-07-07,2011,7,7,188,0.042441624,0.028294416,0.07073604,0.07073604,27,994870,22.63,22.96541667,22.97,23.13
Fichter,2011-07-14,2011,7,14,195,0.014147208,0,0.014147208,-0.056588832,28,569198.6,23.3,23.65375,23.65,23.99
Fichter,2011-07-21,2011,7,21,202,0.127324873,0.007073604,0.134398477,0.120251269,29,219466.4,24.86,25.38041667,25.38,25.9
Fichter,2011-07-28,2011,7,28,209,0.099030457,0,0.099030457,-0.03536802,30,142192.1,23.65,24.34541667,24.34,25.03
Fichter,2011-08-04,2011,8,4,216,0.870053296,0.099030457,0.969083753,0.870053296,31,86401.8,23.65,24.2075,24.25,24.68
Fichter,2011-08-11,2011,8,11,223,1.372279182,0.212208121,1.584487303,0.615403551,32,798653.3,22.63,23.06625,22.97,23.65
Fichter,2011-08-18,2011,8,18,230,1.959388317,0.339532994,2.298921311,0.714434007,33,850288.5,21.97,22.905,22.97,23.47
Fichter,2011-08-25,2011,8,25,237,1.082261417,0.049515228,1.131776645,-1.167144666,34,186464,21.46,21.77708333,21.8,22.13
Fichter,2011-09-01,2011,9,1,244,3.041649734,0,3.041649734,1.909873089,35,178875.6,20.97,21.60375,21.63,22.13
Fichter,2011-09-08,2011,9,8,251,0.481005074,0,0.481005074,-2.56064466,36,225913.6,19.99,20.19,20.15,20.31
Fichter,2011-09-15,2011,9,15,258,0.063662436,0,0.063662436,-0.417342638,37,96864.6,19.35,20.07041667,20.23,20.64
Fichter,2011-09-22,2011,9,22,265,0,0,0,-0.063662436,38,NA,NA,NA,NA,NA
Fichter,2011-09-29,2011,9,29,272,0,0,0,0,39,NA,NA,NA,NA,NA
Fichter,2011-10-06,2011,10,6,279,0.007073604,0,0.007073604,0.007073604,40,NA,NA,NA,NA,NA
Fichter,2012-03-29,2012,3,29,89,0,0,0,-0.007073604,13,NA,NA,NA,NA,NA
Fichter,2012-04-13,2012,4,13,104,0,0,0,0,15,NA,NA,NA,NA,NA
Fichter,2012-04-19,2012,4,19,110,0,0,0,0,16,NA,NA,NA,NA,NA
Fichter,2012-05-03,2012,5,3,124,0,0,0,0,18,NA,NA,NA,NA,NA
Fichter,2012-05-10,2012,5,10,131,0,0,0,0,19,NA,NA,NA,NA,NA
Fichter,2012-05-17,2012,5,17,138,0,0,0,0,20,NA,NA,NA,NA,NA
Fichter,2012-05-24,2012,5,24,145,0,0,0,0,21,NA,NA,NA,NA,NA
Fichter,2012-05-31,2012,5,31,152,0.007073604,0,0.007073604,0.007073604,22,919016,17.72,18.18666667,18.21,18.37
Fichter,2012-06-07,2012,6,7,159,0,0,0,-0.007073604,23,455003.2,16.13,16.62166667,16.53,17.08
Fichter,2012-06-14,2012,6,14,166,0.021220812,0,0.021220812,0.021220812,24,NA,17.72,18.18625,18.21,19.02
Fichter,2012-06-21,2012,6,21,173,0.049515228,0,0.049515228,0.028294416,25,NA,20.63,21.36291667,21.295,22.63
Fichter,2012-06-28,2012,6,28,180,0.07073604,0.007073604,0.077809644,0.028294416,26,NA,20.14,20.52916667,20.55,20.79
Fichter,2012-07-05,2012,7,5,187,0.106104061,0,0.106104061,0.028294416,27,NA,22.79,22.9175,22.96,23.13
Fichter,2012-07-12,2012,7,12,194,0.664918779,0.190987309,0.855906088,0.749802028,28,1235992.4,23.64,24.12208333,23.98,25.03
Fichter,2012-07-19,2012,7,19,201,0.813464464,0.198060913,1.011525377,0.155619289,29,1009820.6,24.33,24.60208333,24.68,24.86
Fichter,2012-07-26,2012,7,26,208,0.452710658,0.113177665,0.565888323,-0.445637054,30,246990.2,22.96,23.045,23.045,23.13
Fichter,2012-08-02,2012,8,2,215,0.431489846,0.148545685,0.580035531,0.014147208,31,976194.6,23.13,23.81541667,23.725,24.86
Fichter,2012-08-09,2012,8,9,222,0.587109135,0.247576141,0.834685276,0.254649745,32,626989.7,24.51,24.88541667,24.86,25.55
Fichter,2012-08-16,2012,8,16,229,0.155619289,0.021220812,0.176840101,-0.657845175,33,770968.6,24.16,24.4275,24.51,24.68
Fichter,2012-08-23,2012,8,23,236,0.254649745,0.091956852,0.346606598,0.169766497,34,896551.4,23.47,23.87791667,23.725,24.51
Fichter,2012-08-30,2012,8,30,243,0.268796953,0.007073604,0.275870557,-0.07073604,35,715824.6,22.29,22.70375,22.63,23.47
Fichter,2012-09-06,2012,9,6,250,0.898347712,0,0.898347712,0.622477155,36,750194.3,21.29,21.84833333,21.795,22.79
Fichter,2012-09-13,2012,9,13,257,0.148545685,0,0.148545685,-0.749802028,37,1160904,19.98,20.82166667,20.63,22.13
Fichter,2012-09-20,2012,9,20,264,0.099030457,0,0.099030457,-0.049515228,38,1405945,18.37,18.69333333,18.53,19.18
Fichter,2012-09-27,2012,9,27,271,0.063662436,0,0.063662436,-0.03536802,39,NA,NA,NA,NA,NA
Fichter,2012-10-05,2012,10,5,279,0.007073604,0,0.007073604,-0.056588832,40,NA,NA,NA,NA,NA
Fichter,2013-05-14,2013,5,14,134,0,0,0,-0.007073604,19,NA,NA,NA,NA,NA
Fichter,2013-05-23,2013,5,23,143,0,0,0,0,20,NA,NA,NA,NA,NA
Fichter,2013-05-30,2013,5,30,150,0,0,0,0,21,NA,12.56,13.12208333,13.18,13.64
Fichter,2013-06-06,2013,6,6,157,0,0,0,0,22,NA,17.11,17.44333333,17.43,17.91
Fichter,2013-06-13,2013,6,13,164,0,0,0,0,23,NA,15.05,15.29666667,15.37,15.53
Fichter,2013-06-20,2013,6,20,171,0.007073604,0.007073604,0.014147208,0.014147208,24,524151.1,16.95,17.63833333,17.59,19.2
Fichter,2013-06-27,2013,6,27,178,0,0,0,-0.014147208,25,210639.8,20.66,21.7825,21.82,22.32
Fichter,2013-07-03,2013,7,3,184,0.021220812,0,0.021220812,0.021220812,26,269949.3,19.52,21.52333333,21.48,23.15
Fichter,2013-07-11,2013,7,11,192,0,0,0,-0.021220812,27,443420.7,22.32,23.05541667,23.15,23.66
Fichter,2013-07-18,2013,7,18,199,0.03536802,0,0.03536802,0.03536802,28,584063.4,26.09,26.45083333,26.355,27.33
Fichter,2013-07-25,2013,7,25,206,0.353680202,0.134398477,0.488078678,0.452710658,29,343682.2,23.32,23.63416667,23.66,24.18
Fichter,2013-08-01,2013,8,1,213,0.346606598,0.099030457,0.445637054,-0.042441624,30,96488.3,23.15,23.5625,23.575,24.01
Fichter,2013-08-08,2013,8,8,220,0.410269034,0.141472081,0.551741115,0.106104061,31,515540.1,21.82,22.28166667,22.235,22.82
Fichter,2013-08-15,2013,8,15,227,0.940789336,0.056588832,0.997378169,0.445637054,32,625666.5,20.66,21.0775,21.07,21.48
Fichter,2013-08-22,2013,8,22,234,2.355510143,0.176840101,2.532350244,1.534972075,33,619950.2,22.48,22.99166667,22.98,23.66
Fichter,2013-08-29,2013,8,29,241,0.997378169,0.190987309,1.188365478,-1.343984766,34,170888.4,22.15,22.65041667,22.65,23.32
Fichter,2013-09-05,2013,9,5,248,1.358131974,0.07073604,1.428868015,0.240502537,35,695029.5,21.32,21.72041667,21.82,21.98
Fichter,2013-09-11,2013,9,11,254,6.47234769,0.169766497,6.642114187,5.213246172,36,714134.9,19.52,20.3475,20.25,21.48
Fichter,2013-09-18,2013,9,18,261,0.91249492,0,0.91249492,-5.729619267,37,NA,NA,NA,NA,NA
Fichter,2013-09-25,2013,9,25,268,0.431489846,0,0.431489846,-0.481005074,38,NA,NA,NA,NA,NA
Fichter,2013-10-02,2013,10,2,275,0.247576141,0,0.247576141,-0.183913705,39,NA,NA,NA,NA,NA
Fichter,2013-10-09,2013,10,9,282,0.056588832,0,0.056588832,-0.190987309,40,NA,NA,NA,NA,NA
Fichter,2014-05-29,2014,5,29,149,0,0,0,-0.056588832,21,NA,NA,NA,NA,NA
Fichter,2014-06-05,2014,6,5,156,0,0.007073604,0.007073604,0.007073604,22,NA,NA,NA,NA,NA
Fichter,2014-06-12,2014,6,12,163,0.014147208,0.014147208,0.028294416,0.021220812,23,156475.5,17.27,17.85,17.91,18.39
Fichter,2014-06-19,2014,6,19,170,0.113177665,0.091956852,0.205134517,0.176840101,24,1288908.8,18.72,19.04666667,19.04,19.52
Fichter,2014-06-26,2014,6,26,177,0.03536802,0.03536802,0.07073604,-0.134398477,25,509253.3,19.52,19.68916667,19.68,19.85
Fichter,2014-07-02,2014,7,2,183,0.127324873,0.056588832,0.183913705,0.113177665,26,553364.2,21.15,22.62,22.48,24.36
Fichter,2014-07-09,2014,7,9,190,0.360753806,0.162692893,0.523446698,0.339532994,27,746319.3,21.82,22.32333333,22.48,22.65
Fichter,2014-07-17,2014,7,17,198,0.099030457,0.007073604,0.106104061,-0.417342638,28,1173637.7,22.65,22.99791667,23.065,23.32
Fichter,2014-07-23,2014,7,23,204,0.381974618,0.056588832,0.43856345,0.33245939,29,682553.8,24.01,24.54333333,24.445,25.39
Fichter,2014-07-30,2014,7,30,211,0.36782741,0.007073604,0.374901014,-0.063662436,30,352519.3,22.32,22.69791667,22.65,23.15
Fichter,2014-08-06,2014,8,6,218,0.530520303,0.028294416,0.558814719,0.183913705,31,980951.8,23.32,23.49,23.49,23.66
Fichter,2014-08-12,2014,8,12,224,0.445637054,0.028294416,0.47393147,-0.084883248,32,747148.2,22.98,23.39125,23.32,24.01
Fichter,2014-08-20,2014,8,20,232,3.119459379,0.212208121,3.3316675,2.857736029,33,1197512.5,20.66,21.335,21.32,22.15
Fichter,2014-08-27,2014,8,27,239,1.195439082,0.042441624,1.237880706,-2.093786794,34,890491.2,21.98,22.46958333,22.48,22.98
Fichter,2014-09-04,2014,9,4,247,0.884200504,0.042441624,0.926642128,-0.311238578,35,953019.6,21.65,22.40291667,22.235,23.83
Fichter,2014-09-10,2014,9,10,253,0.261723349,0.014147208,0.275870557,-0.650771571,36,991887.9,20.99,21.25541667,21.32,21.48
Fichter,2014-09-17,2014,9,17,260,0.240502537,0,0.240502537,-0.03536802,37,NA,NA,NA,NA,NA
Fichter,2014-09-25,2014,9,25,268,0.028294416,0,0.028294416,-0.212208121,38,NA,NA,NA,NA,NA
Fichter,2014-10-03,2014,10,3,276,0.007073604,0,0.007073604,-0.021220812,39,NA,NA,NA,NA,NA
Fichter,2014-10-10,2014,10,10,283,0.007073604,0,0.007073604,0,40,NA,NA,NA,NA,NA
Fichter,2015-05-14,2015,5,14,134,0,0,0,-0.007073604,19,NA,NA,NA,NA,NA
Fichter,2015-05-21,2015,5,21,141,0,0,0,0,20,NA,NA,NA,NA,NA
Fichter,2015-05-28,2015,5,28,148,0.007073604,0,0.007073604,0.007073604,21,NA,NA,NA,NA,NA
Fichter,2015-06-05,2015,6,5,156,0,0,0,-0.007073604,22,NA,NA,NA,NA,NA
Fichter,2015-06-19,2015,6,19,170,0.03536802,0.014147208,0.049515228,0.049515228,24,1123596,18.72,19.315,19.2,20.01
Fichter,2015-07-02,2015,7,2,183,0.063662436,0.007073604,0.07073604,0.021220812,26,734500.1,19.36,19.86625,19.85,20.49
Fichter,2015-07-09,2015,7,9,190,0.03536802,0,0.03536802,-0.03536802,27,572018.4,21.15,21.42791667,21.4,21.98
Fichter,2015-07-16,2015,7,16,197,0.056588832,0.03536802,0.091956852,0.056588832,28,1303461.7,21.48,21.91333333,21.98,22.32
Fichter,2015-07-23,2015,7,23,204,0.190987309,0.084883248,0.275870557,0.183913705,29,965979.2,22.82,23.20708333,23.15,23.49
Fichter,2015-07-30,2015,7,30,211,1.195439082,0.219281725,1.414720807,1.138850249,30,575064.2,24.7,25.24375,25.305,25.74
Fichter,2015-08-06,2015,8,6,218,0.134398477,0.056588832,0.190987309,-1.223733498,31,988605.2,23.32,23.56083333,23.49,23.83
Fichter,2015-08-13,2015,8,13,225,0.679065987,0.084883248,0.763949236,0.572961927,32,1179009,22.65,23.09041667,22.98,23.66
Fichter,2015-08-25,2015,8,25,237,0.424416242,0.183913705,0.608329947,-0.155619289,34,485422.4,23.32,23.82625,23.83,24.01
Fichter,2015-09-03,2015,9,3,246,4.300751252,0.346606598,4.64735785,4.039027903,35,602630.9,23.66,23.86875,23.83,24.18
Fichter,2015-09-10,2015,9,10,253,2.723337553,0.148545685,2.871883237,-1.775474612,36,139092,23.66,24.11625,24.01,24.7
Fichter,2015-09-17,2015,9,17,260,1.952314713,0.056588832,2.008903545,-0.862979692,37,1025019.7,21.48,21.99708333,21.9,22.82
Fichter,2015-09-24,2015,9,24,267,0.537593907,0.007073604,0.544667511,-1.464236035,38,NA,NA,NA,NA,NA
Fichter,2015-10-02,2015,10,2,275,0.169766497,0,0.169766497,-0.374901014,39,NA,NA,NA,NA,NA
Fichter,2015-10-12,2015,10,12,285,0.141472081,0,0.141472081,-0.028294416,41,NA,NA,NA,NA,NA
Fichter,2016-05-26,2016,5,26,147,0.063662436,0,0.063662436,-0.077809644,21,NA,NA,NA,NA,NA
Fichter,2016-06-03,2016,6,3,155,0.028294416,0,0.028294416,-0.03536802,22,709291.3,14.89,16.64791667,16.87,17.59
Fichter,2016-06-16,2016,6,16,168,0.099030457,0.042441624,0.141472081,0.113177665,24,1014384.8,16.32,16.8375,17.11,17.27
Fichter,2016-06-23,2016,6,23,175,0.304164973,0.240502537,0.544667511,0.40319543,25,716954.6,18.88,19.40791667,19.52,19.85
Fichter,2016-06-30,2016,6,30,182,0.063662436,0.028294416,0.091956852,-0.452710658,26,593718.5,20.66,21.27833333,21.4,21.82
Fichter,2016-07-07,2016,7,7,189,0.07073604,0.042441624,0.113177665,0.021220812,27,687526.6,23.15,23.38375,23.32,23.66
Fichter,2016-07-14,2016,7,14,196,0.898347712,0.954936545,1.853284257,1.740106592,28,745253.4,21.48,22.44166667,22.32,23.83
Fichter,2016-07-21,2016,7,21,203,0.190987309,0.07073604,0.261723349,-1.591560908,29,878414,22.32,22.90291667,22.9,23.83
Fichter,2016-07-27,2016,7,27,209,1.895725881,0.565888323,2.461614204,2.199890854,30,767653,23.49,24.05875,24.095,24.53
Fichter,2016-08-04,2016,8,4,217,2.001829941,0.778096444,2.779926385,0.318312182,31,1280642.2,23.32,24.10333333,24.095,25.05
Fichter,2016-08-15,2016,8,15,228,0.604793145,0.212208121,0.817001266,-1.962925119,33,764391.6,24.01,24.25583333,24.27,24.53
Fichter,2016-08-22,2016,8,22,235,1.605708116,0.396121826,2.001829941,1.184828676,34,1056073.6,22.65,23.265,23.32,23.66
Fichter,2016-08-31,2016,8,31,244,1.61278172,0.063662436,1.676444156,-0.325385786,35,95002.9,22.65,22.94958333,22.9,23.32
Fichter,2016-09-07,2016,9,7,251,0.707360403,0.162692893,0.870053296,-0.80639086,36,516680.7,22.15,22.40708333,22.32,22.98
Fichter,2016-09-14,2016,9,14,258,0.629550759,0.042441624,0.671992383,-0.198060913,37,476111.9,21.32,21.74083333,21.82,22.32
Fichter,2016-09-21,2016,9,21,265,0.650771571,0.028294416,0.679065987,0.007073604,38,907553,20.99,21.28333333,21.15,22.15
Fichter,2016-09-28,2016,9,28,272,0.148545685,0,0.148545685,-0.530520303,39,NA,NA,NA,NA,NA
Fichter,2016-10-05,2016,10,5,279,0.134398477,0.007073604,0.141472081,-0.007073604,40,NA,NA,NA,NA,NA
Midge,2005-07-21,2005,7,21,202,0.077809644,NA,0.077809644,NA,29,NA,NA,NA,NA,NA
Midge,2005-07-28,2005,7,28,209,0.452710658,NA,0.452710658,0.374901014,30,NA,NA,NA,NA,NA
Midge,2005-08-04,2005,8,4,216,0.113177665,NA,0.113177665,-0.339532994,31,NA,NA,NA,NA,NA
Midge,2005-08-11,2005,8,11,223,1.152997457,NA,1.152997457,1.039819793,32,NA,NA,NA,NA,NA
Midge,2005-08-18,2005,8,18,230,0.657845175,NA,0.657845175,-0.495152282,33,NA,NA,NA,NA,NA
Midge,2005-08-25,2005,8,25,237,0.488078678,NA,0.488078678,-0.169766497,34,NA,NA,NA,NA,NA
Midge,2005-09-03,2005,9,3,246,1.817916237,NA,1.817916237,1.329837558,35,NA,NA,NA,NA,NA
Midge,2005-09-12,2005,9,12,255,3.232637043,NA,3.232637043,1.414720807,37,NA,NA,NA,NA,NA
Midge,2005-09-20,2005,9,20,263,0.014147208,NA,0.014147208,-3.218489835,38,NA,NA,NA,NA,NA
Midge,2005-09-25,2005,9,25,268,0.183913705,NA,0.183913705,0.169766497,39,NA,NA,NA,NA,NA
Midge,2006-06-29,2006,6,29,180,0.33245939,NA,0.33245939,0.148545685,26,NA,NA,NA,NA,NA
Midge,2006-07-06,2006,7,6,187,0.275870557,NA,0.275870557,-0.056588833,27,NA,NA,NA,NA,NA
Midge,2006-07-13,2006,7,13,194,2.284774103,NA,2.284774103,2.008903546,28,NA,NA,NA,NA,NA
Midge,2006-07-17,2006,7,17,198,3.246784251,NA,3.246784251,0.962010148,29,NA,23.72,25.565,25.02,27.92
Midge,2006-07-23,2006,7,23,204,0.007073604,NA,0.007073604,-3.239710647,30,NA,23.38,23.82083333,23.72,24.24
Midge,2006-07-31,2006,7,31,212,3.317520292,NA,3.317520292,3.310446688,31,NA,24.93,25.47833333,25.365,26.14
Midge,2006-08-07,2006,8,7,219,1.846210653,NA,1.846210653,-1.471309639,32,NA,25.45,25.78708333,25.79,26.49
Midge,2006-08-14,2006,8,14,226,1.068114209,NA,1.068114209,-0.778096444,33,NA,21.87,22.40041667,22.29,23.04
Midge,2006-08-21,2006,8,21,233,0.94786294,NA,0.94786294,-0.120251269,34,NA,22.04,22.33791667,22.37,22.54
Midge,2006-08-28,2006,8,28,240,1.124703041,NA,1.124703041,0.176840101,35,NA,20.07,20.39041667,20.39,20.72
Midge,2006-09-08,2006,9,8,251,2.857736029,NA,2.857736029,1.733032988,36,NA,18.93,19.81666667,19.905,20.72
Midge,2006-09-12,2006,9,12,255,0.346606598,NA,0.346606598,-2.511129431,37,NA,18.13,18.78583333,18.69,19.58
Midge,2006-09-18,2006,9,18,261,0.268796953,NA,0.268796953,-0.077809645,38,NA,NA,NA,NA,NA
Midge,2007-06-21,2007,6,21,172,0,0,0,-0.268796953,24,NA,NA,NA,NA,NA
Midge,2007-06-28,2007,6,28,179,0.014147208,0,0.014147208,0.014147208,25,NA,NA,NA,NA,NA
Midge,2007-07-05,2007,7,5,186,0.240502537,0,0.240502537,0.226355329,26,NA,19.87,20.47166667,20.595,21.17
Midge,2007-07-12,2007,7,12,193,0.056588832,0.014147208,0.07073604,-0.169766497,27,NA,21.67,22.22166667,22.17,22.67
Midge,2007-07-19,2007,7,19,200,0.091956852,0.190987309,0.282944161,0.212208121,28,NA,21.84,22.29166667,22.34,22.67
Midge,2007-07-26,2007,7,26,207,0.551741115,0.176840101,0.728581215,0.445637054,29,NA,23.68,24.35708333,24.21,25.59
Midge,2007-08-02,2007,8,2,214,1.619855324,3.077017754,4.696873078,3.968291863,30,NA,24.21,25.38,25.07,26.64
Midge,2007-08-09,2007,8,9,221,5.658883227,10.56089082,16.21977405,11.52290097,31,NA,24.21,24.58625,24.55,25.07
Midge,2007-08-16,2007,8,16,228,0.8771269,0.679065987,1.556192887,-14.66358116,32,NA,23.01,23.46541667,23.34,24.03
Midge,2007-08-23,2007,8,23,235,0.580035531,0.077809644,0.657845175,-0.898347712,33,NA,20.51,20.67041667,20.68,20.84
Midge,2007-08-30,2007,8,30,242,22.15452783,0.43856345,22.59309128,21.93524611,34,NA,23.52,23.91583333,23.86,24.38
Midge,2007-09-06,2007,9,6,249,4.78882993,0,4.78882993,-17.80426135,35,NA,20.51,20.94666667,20.925,21.51
Midge,2007-09-13,2007,9,13,256,3.466065976,0,3.466065976,-1.322763954,36,NA,19.38,19.89375,19.71,20.68
Midge,2007-09-20,2007,9,20,263,2.440393391,0.014147208,2.4545406,-1.011525377,37,NA,NA,NA,NA,NA
Midge,2008-06-05,2008,6,5,157,0,0,0,-2.4545406,22,NA,NA,NA,NA,NA
Midge,2008-06-12,2008,6,12,164,0.056588832,0,0.056588832,0.056588832,23,NA,NA,NA,NA,NA
Midge,2008-06-19,2008,6,19,171,0.572961927,0,0.572961927,0.516373094,24,NA,NA,NA,NA,NA
Midge,2008-06-26,2008,6,26,178,0.247576141,0,0.247576141,-0.325385786,25,NA,20.84,20.98,21.01,21.17
Midge,2008-07-03,2008,7,3,185,2.829441613,0.113177665,2.942619278,2.695043137,26,NA,23.17,23.50583333,23.34,24.03
Midge,2008-07-10,2008,7,10,192,0.954936545,0,0.954936545,-1.987682733,27,NA,25.24,25.72541667,25.76,26.28
Midge,2008-07-17,2008,7,17,199,3.727789325,0,3.727789325,2.772852781,28,NA,24.38,25.16958333,25.07,25.76
Midge,2008-07-24,2008,7,24,206,0.523446698,0.007073604,0.530520303,-3.197269023,29,NA,22.67,22.82541667,22.84,23.17
Midge,2008-07-31,2008,7,31,213,10.8721294,0.113177665,10.98530706,10.45478676,30,NA,23.86,24.3275,24.21,25.07
Midge,2008-08-07,2008,8,7,220,1.181291874,0.014147208,1.195439082,-9.789867981,31,NA,22.17,22.46375,22.34,22.84
Midge,2008-08-14,2008,8,14,227,0.222818527,0.03536802,0.258186547,-0.937252534,32,NA,22.01,22.52875,22.51,23.01
Midge,2008-08-21,2008,8,21,234,0.622477155,0.014147208,0.636624363,0.378437816,33,NA,21.01,21.60375,21.51,22.34
Midge,2008-08-26,2008,8,26,239,0.106104061,0,0.106104061,-0.530520303,34,NA,21.51,21.85416667,21.755,22.67
Midge,2008-09-04,2008,9,4,248,0.749802028,0,0.749802028,0.643697967,35,NA,21.84,22.5,22.34,23.17
Midge,2008-09-10,2008,9,10,254,0.014147208,0,0.014147208,-0.735654819,36,NA,20.35,20.63583333,20.68,20.84
Midge,2008-09-17,2008,9,17,261,0.198060913,0,0.198060913,0.183913705,37,NA,NA,NA,NA,NA
Midge,2008-09-24,2008,9,24,268,0.226355329,0,0.226355329,0.028294416,38,NA,NA,NA,NA,NA
Midge,2009-05-15,2009,5,15,135,0,0,0,-0.226355329,19,NA,NA,NA,NA,NA
Midge,2009-05-29,2009,5,29,149,0.014147208,0,0.014147208,0.014147208,21,285449,13.81,14.02541667,13.97,14.59
Midge,2009-06-04,2009,6,4,155,0.007073604,0,0.007073604,-0.007073604,22,125431.9,15.54,16.28041667,16.18,17.12
Midge,2009-06-17,2009,6,17,168,0.03536802,0,0.03536802,0.028294416,24,136487.1,17.44,18.31958333,17.93,19.54
Midge,2009-06-25,2009,6,25,176,0.014147208,0,0.014147208,-0.021220812,25,283232.2,17.77,18.74208333,18.25,20.35
Midge,2009-07-02,2009,7,2,183,0,0,0,-0.014147208,26,61440.9,19.06,19.42833333,19.38,19.71
Midge,2009-07-09,2009,7,9,190,0.056588832,0.021220812,0.077809644,0.077809644,27,287569.5,19.06,19.53666667,19.54,20.35
Midge,2009-07-16,2009,7,16,197,0.205134517,0.007073604,0.212208121,0.134398477,28,198401.4,20.35,20.6975,20.68,21.17
Midge,2009-07-23,2009,7,23,204,0.544667511,0.007073604,0.551741115,0.339532994,29,194117.1,21.17,21.69375,21.67,22.01
Midge,2009-07-30,2009,7,30,211,0.799317256,0.007073604,0.80639086,0.254649745,30,177152.8,24.03,24.23458333,24.21,24.55
Midge,2009-08-06,2009,8,6,218,0.346606598,0.007073604,0.353680202,-0.452710658,31,322810.4,23.52,23.94625,24.03,24.38
Midge,2009-08-13,2009,8,13,225,0.07073604,0,0.07073604,-0.282944161,32,166712,22.84,22.98666667,23.01,23.17
Midge,2009-08-20,2009,8,20,232,3.246784251,0.007073604,3.253857855,3.183121815,33,262974.3,25.42,25.72583333,25.76,26.28
Midge,2009-08-27,2009,8,27,239,0.983230961,0,0.983230961,-2.270626895,34,59858.9,23.68,23.93041667,23.86,24.38
Midge,2009-09-01,2009,9,1,244,0.558814719,0,0.558814719,-0.424416242,35,14714.1,21.01,21.38083333,21.255,21.84
Midge,2009-09-08,2009,9,8,251,0.261723349,0,0.261723349,-0.297091369,36,NA,20.19,20.79708333,20.51,21.67
Midge,2009-09-15,2009,9,15,258,0.099030457,0,0.099030457,-0.162692893,37,NA,19.54,19.66666667,19.71,19.87
Midge,2009-09-21,2009,9,21,264,4.562474601,0,4.562474601,4.463444145,38,NA,NA,NA,NA,NA
Midge,2009-10-05,2009,10,5,278,0.756875632,0,0.756875632,-3.80559897,40,NA,NA,NA,NA,NA
Midge,2010-04-15,2010,4,15,105,0.028294416,0,0.028294416,-0.728581215,15,NA,NA,NA,NA,NA
Midge,2010-04-30,2010,4,30,120,0.099030457,0,0.099030457,0.07073604,17,NA,NA,NA,NA,NA
Midge,2010-05-13,2010,5,13,133,0,0,0,-0.099030457,19,NA,NA,NA,NA,NA
Midge,2010-05-25,2010,5,25,145,0.042441624,0.007073604,0.049515228,0.049515228,21,NA,NA,NA,NA,NA
Midge,2010-06-04,2010,6,4,155,0.148545685,0,0.148545685,0.099030457,22,589337.3,20.35,21.10541667,21.01,22.01
Midge,2010-06-10,2010,6,10,161,0.014147208,0,0.014147208,-0.134398477,23,150071.5,17.77,17.97,17.93,18.41
Midge,2010-06-15,2010,6,15,166,0.021220812,0,0.021220812,0.007073604,24,818846.4,17.93,18.51208333,18.57,19.22
Midge,2010-06-24,2010,6,24,175,0.07073604,0,0.07073604,0.049515228,25,331314.8,21.67,22.09666667,22.17,22.51
Midge,2010-07-01,2010,7,1,182,1.485456847,0.43856345,1.924020297,1.853284257,26,615989.2,21.34,21.78458333,21.84,22.17
Midge,2010-07-08,2010,7,8,189,0.063662436,0,0.063662436,-1.860357861,27,581598.1,24.03,25.10625,24.635,26.46
Midge,2010-07-15,2010,7,15,196,0.028294416,0.028294416,0.056588832,-0.007073604,28,124659.2,25.42,25.96666667,25.93,26.81
Midge,2010-07-22,2010,7,22,203,0.290017765,0.198060913,0.488078678,0.431489846,29,30560,25.24,25.61083333,25.59,25.93
Midge,2010-07-29,2010,7,29,210,0.106104061,0,0.106104061,-0.381974618,30,224413.7,24.03,24.28625,24.295,24.55
Midge,2010-08-05,2010,8,5,217,8.742974585,7.002867993,15.74584258,15.63973852,31,290153.7,24.55,24.74833333,24.72,24.89
Midge,2010-08-12,2010,8,12,224,1.945241109,33.86134251,35.80658362,20.06074104,32,592028.2,23.52,23.71375,23.68,24.03
Midge,2010-08-19,2010,8,19,231,42.087944,2.256479687,44.34442368,8.537840068,33,638819.9,23.68,24.2825,24.295,24.89
Midge,2010-08-26,2010,8,26,238,4.661505058,0.063662436,4.725167494,-39.61925619,34,404283.5,21.01,21.47041667,21.51,21.84
Midge,2010-09-02,2010,9,2,245,0.495152282,0,0.495152282,-4.230015212,35,342735.7,23.34,23.99625,23.86,24.72
Midge,2010-09-09,2010,9,9,252,0.40319543,0,0.40319543,-0.091956852,36,283705.5,20.68,21.13166667,21.17,21.51
Midge,2010-09-16,2010,9,16,259,0.148545685,0,0.148545685,-0.254649745,37,250993.5,18.09,18.55916667,18.49,19.22
Midge,2010-09-23,2010,9,23,266,0.049515228,0,0.049515228,-0.099030457,38,NA,NA,NA,NA,NA
Midge,2010-09-30,2010,9,30,273,0.014147208,0,0.014147208,-0.03536802,39,NA,NA,NA,NA,NA
Midge,2010-10-07,2010,10,7,280,0.042441624,0,0.042441624,0.028294416,40,NA,NA,NA,NA,NA
Midge,2011-04-28,2011,4,28,118,0,0,0,-0.042441624,17,NA,NA,NA,NA,NA
Midge,2011-05-05,2011,5,5,125,0,0,0,0,18,NA,NA,NA,NA,NA
Midge,2011-05-12,2011,5,12,132,0,0,0,0,19,NA,NA,NA,NA,NA
Midge,2011-05-19,2011,5,19,139,0,0,0,0,20,NA,NA,NA,NA,NA
Midge,2011-05-26,2011,5,26,146,0,0,0,0,21,NA,NA,NA,NA,NA
Midge,2011-06-02,2011,6,2,153,0.007073604,0,0.007073604,0.007073604,22,NA,NA,NA,NA,NA
Midge,2011-06-10,2011,6,10,161,0,0,0,-0.007073604,23,261391.8,17.13,19.08375,18.74,22.34
Midge,2011-06-16,2011,6,16,167,0,0,0,0,24,449653.4,17.93,19.17833333,19.47,20.2
Midge,2011-06-23,2011,6,23,174,0.007073604,0,0.007073604,0.007073604,25,62237.4,18.74,19.38916667,19.47,19.71
Midge,2011-06-30,2011,6,30,181,0,0,0,-0.007073604,26,315653.1,21.01,21.35708333,21.425,21.68
Midge,2011-07-07,2011,7,7,188,0,0,0,0,27,571146.3,23.18,23.8125,23.775,24.21
Midge,2011-07-14,2011,7,14,195,0.198060913,0.014147208,0.212208121,0.212208121,28,461881.1,22.34,23.39458333,23.35,24.38
Midge,2011-07-21,2011,7,21,202,0.148545685,0.007073604,0.155619289,-0.056588832,29,414143.2,25.07,25.67291667,25.77,26.29
Midge,2011-07-28,2011,7,28,209,0.226355329,0,0.226355329,0.07073604,30,583783.3,24.03,24.88625,24.9,25.59
Midge,2011-08-04,2011,8,4,216,0.834685276,0.007073604,0.84175888,0.615403551,31,385716.2,24.03,24.33875,24.38,24.73
Midge,2011-08-11,2011,8,11,223,0.155619289,0.014147208,0.169766497,-0.671992383,32,354748,23.35,23.92625,24.03,24.21
Midge,2011-08-18,2011,8,18,230,3.232637043,0.870053296,4.102690339,3.932923842,33,214224.1,22.34,23.20375,23.35,23.86
Midge,2011-08-25,2011,8,25,237,2.334289331,0.049515228,2.383804559,-1.71888578,34,206452.7,22.18,22.48208333,22.425,22.84
Midge,2011-09-01,2011,9,1,244,1.053967001,0,1.053967001,-1.329837558,35,146023.5,21.18,21.3575,21.34,21.68
Midge,2011-09-08,2011,9,8,251,0.459784262,0,0.459784262,-0.594182739,36,142600.3,20.68,21.07291667,21.01,21.34
Midge,2011-09-15,2011,9,15,258,0.056588832,0,0.056588832,-0.40319543,37,111525.6,19.87,20.69208333,20.76,21.18
Midge,2011-09-22,2011,9,22,265,0.014147208,0,0.014147208,-0.042441624,38,NA,NA,NA,NA,NA
Midge,2011-09-29,2011,9,29,272,0,0,0,-0.014147208,39,NA,NA,NA,NA,NA
Midge,2011-10-06,2011,10,6,279,0,0,0,0,40,NA,NA,NA,NA,NA
Midge,2012-02-16,2012,2,16,47,0,0,0,0,7,NA,NA,NA,NA,NA
Midge,2012-02-16,2012,2,16,47,0,0,0,0,7,NA,NA,NA,NA,NA
Midge,2012-03-29,2012,3,29,89,0,0,0,0,13,NA,NA,NA,NA,NA
Midge,2012-04-13,2012,4,13,104,0,0,0,0,15,NA,NA,NA,NA,NA
Midge,2012-04-19,2012,4,19,110,0,0,0,0,16,NA,NA,NA,NA,NA
Midge,2012-05-03,2012,5,3,124,0,0,0,0,18,NA,NA,NA,NA,NA
Midge,2012-05-10,2012,5,10,131,0,0,0,0,19,NA,NA,NA,NA,NA
Midge,2012-05-17,2012,5,17,138,0,0,0,0,20,NA,NA,NA,NA,NA
Midge,2012-05-24,2012,5,24,145,0,0,0,0,21,NA,NA,NA,NA,NA
Midge,2012-05-31,2012,5,31,152,0,0,0,0,22,426059.5,20.03,20.5275,20.51,21.01
Midge,2012-06-07,2012,6,7,159,0.042441624,0.007073604,0.049515228,0.049515228,23,419299.5,16.81,17.32291667,17.125,17.93
Midge,2012-06-14,2012,6,14,166,0.141472081,0,0.141472081,0.091956853,24,NA,19.22,19.99125,19.71,21.01
Midge,2012-06-21,2012,6,21,173,0.502225886,0.007073604,0.50929949,0.36782741,25,NA,22.34,23.32166667,23.34,24.72
Midge,2012-06-28,2012,6,28,180,0.007073604,0,0.007073604,-0.502225886,26,NA,20.03,20.35291667,20.27,20.84
Midge,2012-07-05,2012,7,5,187,0.282944161,0.021220812,0.304164973,0.297091369,27,NA,23.01,23.3575,23.34,23.86
Midge,2012-07-12,2012,7,12,194,0.084883248,0.028294416,0.113177665,-0.190987309,28,673232.2,23.52,24.44958333,24.12,25.76
Midge,2012-07-19,2012,7,19,201,0.226355329,0.056588832,0.282944161,0.169766497,29,640229.3,24.72,25.04625,25.07,25.59
Midge,2012-07-26,2012,7,26,208,0.40319543,0.091956852,0.495152282,0.212208121,30,198379.8,23.34,23.78625,23.86,24.21
Midge,2012-08-02,2012,8,2,215,0.587109135,0.091956852,0.679065987,0.183913705,31,476821.2,24.21,24.86166667,24.465,25.93
Midge,2012-08-09,2012,8,9,222,0.834685276,0.339532994,1.17421827,0.495152282,32,413540.5,25.07,25.45875,25.42,25.93
Midge,2012-08-16,2012,8,16,229,0.120251269,0.03536802,0.155619289,-1.018598981,33,300056.2,24.89,25.1775,25.07,25.76
Midge,2012-08-23,2012,8,23,236,0.275870557,0,0.275870557,0.120251269,34,216506,23.86,24.39875,24.38,24.89
Midge,2012-08-30,2012,8,30,243,0.679065987,0,0.679065987,0.40319543,35,225504.4,23.17,23.50625,23.52,23.86
Midge,2012-09-06,2012,9,6,250,0.565888323,0,0.565888323,-0.113177665,36,233889.9,22.17,22.50583333,22.34,23.34
Midge,2012-09-13,2012,9,13,257,0.643697967,0,0.643697967,0.077809644,37,99200.6,20.68,21.37583333,21.09,22.34
Midge,2012-09-20,2012,9,20,264,0.325385786,0,0.325385786,-0.318312182,38,95023.9,18.9,19.2,19.22,19.38
Midge,2012-09-27,2012,9,27,271,0.021220812,0,0.021220812,-0.304164973,39,NA,NA,NA,NA,NA
Midge,2012-10-05,2012,10,5,279,0.028294416,0,0.028294416,0.007073604,40,NA,NA,NA,NA,NA
Midge,2013-04-24,2013,4,24,114,0,0,0,-0.028294416,16,NA,NA,NA,NA,NA
Midge,2013-05-02,2013,5,2,122,0,0,0,0,17,NA,NA,NA,NA,NA
Midge,2013-05-14,2013,5,14,134,0,0,0,0,19,NA,NA,NA,NA,NA
Midge,2013-05-23,2013,5,23,143,0,0,0,0,20,NA,NA,NA,NA,NA
Midge,2013-05-30,2013,5,30,150,0,0,0,0,21,473237.5,13.43,14.35416667,14.285,15.31
Midge,2013-06-06,2013,6,6,157,0,0,0,0,22,655051.4,17.05,17.49666667,17.53,17.85
Midge,2013-06-13,2013,6,13,164,0.014147208,0.007073604,0.021220812,0.021220812,23,282694.4,16.1,16.22666667,16.26,16.42
Midge,2013-06-20,2013,6,20,171,0.021220812,0,0.021220812,0,24,386684.8,17.37,18.32333333,18.01,19.47
Midge,2013-06-27,2013,6,27,178,0.021220812,0,0.021220812,0,25,311659.7,21.59,22.16333333,22.175,22.43
Midge,2013-07-03,2013,7,3,184,0.063662436,0,0.063662436,0.042441624,26,319786.5,22.09,22.93625,22.43,24.13
Midge,2013-07-11,2013,7,11,192,0.07073604,0,0.07073604,0.007073604,27,291627.6,24.82,25.04333333,24.99,25.52
Midge,2013-07-18,2013,7,18,199,0.077809644,0,0.077809644,0.007073604,28,302219.6,26.22,27.07333333,27.005,27.63
Midge,2013-07-25,2013,7,25,206,0.304164973,0.056588832,0.360753806,0.282944161,29,286342.5,23.27,23.54625,23.61,23.78
Midge,2013-08-01,2013,8,1,213,0.141472081,0.396121826,0.537593907,0.176840101,30,283845.5,23.78,23.96625,23.95,24.3
Midge,2013-08-08,2013,8,8,220,0.346606598,0.084883248,0.431489846,-0.106104061,31,217044.4,22.09,22.61375,22.51,23.09
Midge,2013-08-15,2013,8,15,227,0.466857866,0.077809644,0.544667511,0.113177665,32,192577.8,21.26,21.55166667,21.59,21.76
Midge,2013-08-22,2013,8,22,234,2.397951767,0.50929949,2.907251258,2.362583747,33,200274.6,22.76,23.375,23.27,24.13
Midge,2013-08-29,2013,8,29,241,1.343984766,0.240502537,1.584487303,-1.322763954,34,198121.3,22.09,22.35125,22.345,22.76
Midge,2013-09-05,2013,9,5,248,4.166352776,0.042441624,4.2087944,2.624307096,35,122493.9,21.93,22.39291667,22.43,22.59
Midge,2013-09-11,2013,9,11,254,9.252274075,0.190987309,9.443261384,5.234466985,36,105659.2,19.95,20.75625,20.35,21.93
Midge,2013-09-18,2013,9,18,261,81.36766719,0.268796953,81.63646415,72.19320276,37,60881.3,18.17,18.64208333,18.49,19.31
Midge,2013-09-25,2013,9,25,268,0.459784262,0,0.459784262,-81.17667988,38,NA,NA,NA,NA,NA
Midge,2013-10-02,2013,10,2,275,0.226355329,0.007073604,0.233428933,-0.226355329,39,NA,NA,NA,NA,NA
Midge,2013-10-09,2013,10,9,282,0.028294416,0,0.028294416,-0.205134517,40,NA,NA,NA,NA,NA
Midge,2014-05-29,2014,5,29,149,0,0,0,-0.028294416,21,NA,NA,NA,NA,NA
Midge,2014-06-05,2014,6,5,156,0.007073604,0,0.007073604,0.007073604,22,49180.8,16.58,17.39166667,17.69,18.01
Midge,2014-06-12,2014,6,12,163,0,0,0,-0.007073604,23,114453.2,18.01,18.35833333,18.33,18.82
Midge,2014-06-19,2014,6,19,170,0.07073604,0.063662436,0.134398477,0.134398477,24,280487.1,19.47,19.96458333,19.95,20.6
Midge,2014-06-26,2014,6,26,177,0.091956852,0.134398477,0.226355329,0.091956853,25,398901.1,19.63,20.39083333,20.515,21.09
Midge,2014-07-02,2014,7,2,183,0.671992383,0.650771571,1.322763954,1.096408625,26,509458.4,23.44,24.75458333,24.82,25.52
Midge,2014-07-09,2014,7,9,190,3.027502526,0.700286799,3.727789325,2.405025371,27,587744.3,22.93,23.25375,23.27,23.61
Midge,2014-07-17,2014,7,17,198,0.742728424,0.190987309,0.933715732,-2.794073593,28,634094.1,23.78,24.26125,24.3,24.64
Midge,2014-07-23,2014,7,23,204,1.025672585,0.693213195,1.71888578,0.785170048,29,630692.1,25.17,25.53833333,25.52,26.22
Midge,2014-07-30,2014,7,30,211,1.202512686,0.099030457,1.301543142,-0.417342638,30,409514.7,22.76,23.19708333,23.09,23.78
Midge,2014-08-06,2014,8,6,218,1.626928928,0.077809644,1.704738572,0.40319543,31,370150.7,23.78,24.01791667,23.95,24.3
Midge,2014-08-12,2014,8,12,224,0.551741115,0.028294416,0.580035531,-1.124703041,32,472365.5,23.78,24.19166667,24.13,24.64
Midge,2014-08-20,2014,8,20,232,2.440393391,0.007073604,2.447466995,1.867431465,33,388783.4,20.76,21.08583333,21.09,21.59
Midge,2014-08-27,2014,8,27,239,0.282944161,0.021220812,0.304164973,-2.143302022,34,326427.9,22.43,22.92375,22.76,23.61
Midge,2014-09-04,2014,9,4,247,1.138850249,0.007073604,1.145923853,0.84175888,35,268431.3,22.43,22.99333333,22.93,23.61
Midge,2014-09-10,2014,9,10,253,0.40319543,0,0.40319543,-0.742728424,36,228163.6,21.59,21.70333333,21.76,21.93
Midge,2014-09-17,2014,9,17,260,1.945241109,0.021220812,1.966461921,1.563266491,37,208325.4,18.33,18.81833333,18.66,19.31
Midge,2014-09-25,2014,9,25,268,0.099030457,0,0.099030457,-1.867431465,38,NA,NA,NA,NA,NA
Midge,2014-10-03,2014,10,3,276,0.014147208,0,0.014147208,-0.084883248,39,NA,NA,NA,NA,NA
Midge,2014-10-10,2014,10,10,283,0.127324873,0,0.127324873,0.113177665,40,NA,NA,NA,NA,NA
Midge,2015-05-14,2015,5,14,134,0,0,0,-0.127324873,19,NA,NA,NA,NA,NA
Midge,2015-05-21,2015,5,21,141,0.007073604,0,0.007073604,0.007073604,20,NA,NA,NA,NA,NA
Midge,2015-05-28,2015,5,28,148,0.113177665,0.014147208,0.127324873,0.120251269,21,NA,NA,NA,NA,NA
Midge,2015-06-05,2015,6,5,156,0.007073604,0,0.007073604,-0.120251269,22,NA,NA,NA,NA,NA
Midge,2015-06-11,2015,6,11,162,0.014147208,0,0.014147208,0.007073604,23,634159.1,18.53,19.1275,19.02,19.67
Midge,2015-06-19,2015,6,19,170,0.077809644,0.014147208,0.091956852,0.077809644,24,533720.4,19.99,20.39166667,20.48,20.97
Midge,2015-07-02,2015,7,2,183,0.07073604,0.007073604,0.077809644,-0.014147208,26,403089,19.99,20.41416667,20.4,20.81
Midge,2015-07-09,2015,7,9,190,0.028294416,0.014147208,0.042441624,-0.03536802,27,407630.9,22.3,22.45916667,22.47,22.63
Midge,2015-07-16,2015,7,16,197,0.141472081,0.049515228,0.190987309,0.148545685,28,702552.6,22.81,23.03708333,22.97,23.48
Midge,2015-07-30,2015,7,30,211,1.237880706,0.162692893,1.400573599,1.20958629,30,623329.5,24.34,25.44916667,25.645,25.91
Midge,2015-08-06,2015,8,6,218,0.106104061,0.077809644,0.183913705,-1.216659894,31,632135.3,24,24.1275,24.17,24.34
Midge,2015-08-13,2015,8,13,225,0.261723349,0.120251269,0.381974618,0.198060913,32,331401.1,23.14,23.44833333,23.48,23.83
Midge,2015-08-20,2015,8,20,232,0.721507611,0.077809644,0.799317256,0.417342638,33,313026.6,25.56,25.85708333,25.91,26.26
Midge,2015-08-25,2015,8,25,237,0.565888323,0.099030457,0.664918779,-0.134398477,34,201167.3,24.34,24.89541667,24.87,25.38
Midge,2015-09-03,2015,9,3,246,0.884200504,0.063662436,0.94786294,0.282944161,35,314135.1,23.66,24.03041667,23.915,24.52
Midge,2015-09-10,2015,9,10,253,13.59546695,0.50929949,14.10476644,13.1569035,36,157950.5,24.34,24.74291667,24.69,25.04
Midge,2015-09-17,2015,9,17,260,2.100860398,0,2.100860398,-12.00390604,37,161352.1,22.13,22.57958333,22.47,23.14
Midge,2015-09-24,2015,9,24,267,0.77102284,0,0.77102284,-1.329837558,38,NA,NA,NA,NA,NA
Midge,2015-10-02,2015,10,2,275,0.381974618,0,0.381974618,-0.389048222,39,NA,NA,NA,NA,NA
Midge,2015-10-12,2015,10,12,285,0.063662436,0,0.063662436,-0.318312182,41,NA,NA,NA,NA,NA
Midge,2016-05-26,2016,5,26,147,0.063662436,0.03536802,0.099030457,0.03536802,21,NA,NA,NA,NA,NA
Midge,2016-06-03,2016,6,3,155,0.049515228,0.014147208,0.063662436,-0.03536802,22,NA,19.67,20.16958333,20.16,20.81
Midge,2016-06-16,2016,6,16,168,0.091956852,0.014147208,0.106104061,0.042441624,24,379203.6,15.66,16.28083333,16.13,17.24
Midge,2016-06-23,2016,6,23,175,1.117629437,0.488078678,1.605708116,1.499604055,25,413798.7,20.48,20.82666667,20.81,21.13
Midge,2016-06-30,2016,6,30,182,2.603086284,0.919568524,3.522654809,1.916946693,26,531847.5,22.97,23.42041667,23.31,24
Midge,2016-07-07,2016,7,7,189,0.212208121,0.091956852,0.304164973,-3.218489835,27,392066.6,22.47,23.62833333,23.48,24.69
Midge,2016-07-14,2016,7,14,196,5.347644649,3.515581204,8.863225854,8.55906088,28,401463,23.83,24.13541667,24.17,24.52
Midge,2016-07-21,2016,7,21,203,2.914324862,0.728581215,3.642906077,-5.220319777,29,421926.1,23.14,23.77625,23.48,24.69
Midge,2016-07-27,2016,7,27,209,5.510337542,1.881578673,7.391916215,3.749010138,30,524818.1,24.17,24.76916667,24.52,25.56
Midge,2016-08-04,2016,8,4,217,1.386426391,0.233428933,1.619855324,-5.772060891,31,402141.5,24.17,24.705,24.52,25.56
Midge,2016-08-15,2016,8,15,228,3.451918768,0.654308373,4.106227141,2.486371818,33,498899,25.21,25.35333333,25.38,25.56
Midge,2016-08-22,2016,8,22,235,0.537593907,0.042441624,0.580035531,-3.526191611,34,285244.9,23.31,23.65041667,23.66,23.83
Midge,2016-08-31,2016,8,31,244,1.987682733,0.198060913,2.185743646,1.605708116,35,304824.4,23.48,23.69333333,23.66,23.83
Midge,2016-09-07,2016,9,7,251,0.466857866,0.084883248,0.551741115,-1.634002532,36,275191.3,22.13,22.28583333,22.3,22.47
Midge,2016-09-14,2016,9,14,258,1.358131974,0.084883248,1.443015223,0.891274108,37,328914.1,21.97,22.20166667,22.13,22.47
Midge,2016-09-21,2016,9,21,265,0.954936545,0.091956852,1.046893397,-0.396121826,38,192125.6,21.8,22.08416667,22.13,22.3
Midge,2016-09-28,2016,9,28,272,0.084883248,0.021220812,0.106104061,-0.940789336,39,NA,NA,NA,NA,NA
Midge,2016-10-05,2016,10,5,279,0.134398477,0,0.134398477,0.028294416,40,NA,NA,NA,NA,NA
Newbury,2005-07-21,2005,7,21,202,0.021220812,NA,0.021220812,NA,29,NA,NA,NA,NA,NA
Newbury,2005-07-28,2005,7,28,209,0.007073604,NA,0.007073604,-0.014147208,30,NA,NA,NA,NA,NA
Newbury,2005-08-04,2005,8,4,216,0,NA,0,-0.007073604,31,NA,NA,NA,NA,NA
Newbury,2005-08-11,2005,8,11,223,0.353680202,NA,0.353680202,0.353680202,32,NA,NA,NA,NA,NA
Newbury,2005-08-18,2005,8,18,230,0.148545685,NA,0.148545685,-0.205134517,33,NA,NA,NA,NA,NA
Newbury,2005-08-25,2005,8,25,237,2.015977149,NA,2.015977149,1.867431465,34,NA,NA,NA,NA,NA
Newbury,2005-09-03,2005,9,3,246,0.84175888,NA,0.84175888,-1.17421827,35,NA,NA,NA,NA,NA
Newbury,2005-09-12,2005,9,12,255,11.84121315,NA,11.84121315,10.99945427,37,NA,NA,NA,NA,NA
Newbury,2005-09-20,2005,9,20,263,0.084883248,NA,0.084883248,-11.7563299,38,NA,NA,NA,NA,NA
Newbury,2007-07-05,2007,7,5,186,0.028294416,0.028294416,0.056588832,-0.028294416,26,NA,18.72,20.40166667,20.425,21.49
Newbury,2007-07-12,2007,7,12,193,0,0,0,-0.056588832,27,NA,20.5,21.15,20.99,21.83
Newbury,2007-07-19,2007,7,19,200,0.056588832,0,0.056588832,0.056588832,28,NA,20.67,21.36791667,21.49,21.66
Newbury,2007-07-26,2007,7,26,207,0.063662436,0.007073604,0.07073604,0.014147208,29,NA,22.66,23.39583333,23.245,24.37
Newbury,2007-08-02,2007,8,2,214,4.484664957,0,4.484664957,4.413928917,30,NA,25.24,26.035,25.935,26.82
Newbury,2007-08-09,2007,8,9,221,0.671992383,0,0.671992383,-3.812672574,31,NA,23.68,24.21083333,24.19,24.89
Newbury,2007-08-16,2007,8,16,228,2.221111666,0,2.221111666,1.549119283,32,NA,22.99,23.45583333,23.51,23.85
Newbury,2007-08-23,2007,8,23,235,2.044271566,0,2.044271566,-0.176840101,33,NA,20.34,20.5225,20.5,20.67
Newbury,2007-08-30,2007,8,30,242,13.53180452,0,13.53180452,11.48753295,34,NA,22.49,23.35916667,23.505,24.19
Newbury,2007-09-06,2007,9,6,249,28.90274608,0,28.90274608,15.37094156,35,NA,20.67,20.825,20.83,21.16
Newbury,2007-09-13,2007,9,13,256,10.97823346,0,10.97823346,-17.92451262,36,NA,19.04,19.50291667,19.53,20.18
Newbury,2007-09-20,2007,9,20,263,1.223733498,0,1.223733498,-9.754499961,37,NA,NA,NA,NA,NA
Newbury,2008-06-05,2008,6,5,157,0,0,0,-1.223733498,22,NA,NA,NA,NA,NA
Newbury,2008-06-12,2008,6,12,164,0.014147208,0,0.014147208,0.014147208,23,NA,NA,NA,NA,NA
Newbury,2008-06-19,2008,6,19,171,0.07073604,0,0.07073604,0.056588832,24,NA,19.04,19.8825,19.855,20.67
Newbury,2008-06-26,2008,6,26,178,0.353680202,0.007073604,0.360753806,0.290017765,25,NA,20.34,20.495,20.5,20.67
Newbury,2008-07-03,2008,7,3,185,0.183913705,0,0.183913705,-0.176840101,26,NA,20.5,21.42625,21.245,22.99
Newbury,2008-07-10,2008,7,10,192,0.190987309,0.007073604,0.198060913,0.014147208,27,NA,23.16,23.66333333,23.51,24.19
Newbury,2008-07-17,2008,7,17,199,1.167144666,0,1.167144666,0.969083753,28,NA,23.68,24.31958333,24.19,25.07
Newbury,2008-07-24,2008,7,24,206,0.176840101,0.007073604,0.183913705,-0.983230961,29,NA,18.39,19.36125,19.29,20.5
Newbury,2008-07-31,2008,7,31,213,1.626928928,0,1.626928928,1.443015223,30,NA,22.99,23.30416667,23.16,24.02
Newbury,2008-08-07,2008,8,7,220,0.50929949,0.007073604,0.516373094,-1.110555833,31,NA,20.18,20.90708333,20.99,21.49
Newbury,2008-08-14,2008,8,14,227,1.549119283,0.03536802,1.584487303,1.068114209,32,NA,21.49,22.01333333,21.91,22.66
Newbury,2008-08-21,2008,8,21,234,2.603086284,0.014147208,2.617233492,1.032746189,33,NA,20.5,21.23875,21.075,21.99
Newbury,2008-08-26,2008,8,26,239,0.671992383,0,0.671992383,-1.945241109,34,NA,20.83,21.08416667,20.99,21.49
Newbury,2008-09-04,2008,9,4,248,0.141472081,0,0.141472081,-0.530520302,35,NA,20.99,21.81916667,21.66,22.83
Newbury,2008-09-10,2008,9,10,254,0.311238578,0,0.311238578,0.169766497,36,NA,20.02,20.26666667,20.18,20.5
Newbury,2008-09-17,2008,9,17,261,0.07073604,0,0.07073604,-0.240502537,37,NA,NA,NA,NA,NA
Newbury,2008-09-24,2008,9,24,268,0.155619289,0,0.155619289,0.084883248,38,NA,NA,NA,NA,NA
Newbury,2009-05-15,2009,5,15,135,0,0,0,-0.155619289,19,NA,NA,NA,NA,NA
Newbury,2009-05-29,2009,5,29,149,0,0,0,0,21,NA,10.86,11.49208333,11.47,12.09
Newbury,2009-06-04,2009,6,4,155,0,0,0,0,22,NA,15.52,16.295,15.915,17.43
Newbury,2009-06-17,2009,6,17,168,0.007073604,0,0.007073604,0.007073604,24,NA,15.84,16.31875,16.39,16.79
Newbury,2009-06-25,2009,6,25,176,0.03536802,0,0.03536802,0.028294416,25,653910.6,18.07,18.64958333,18.8,19.04
Newbury,2009-07-02,2009,7,2,183,0.007073604,0,0.007073604,-0.028294416,26,83184,15.68,16.3525,16.31,17.11
Newbury,2009-07-09,2009,7,9,190,0.021220812,0.007073604,0.028294416,0.021220812,27,335620.2,17.27,18.28208333,18.31,19.53
Newbury,2009-07-16,2009,7,16,197,0.049515228,0.007073604,0.056588832,0.028294416,28,443377.9,20.18,20.39458333,20.34,20.67
Newbury,2009-07-23,2009,7,23,204,0.021220812,0,0.021220812,-0.03536802,29,292596.7,19.69,20.73458333,20.99,21.16
Newbury,2009-07-30,2009,7,30,211,0.021220812,0,0.021220812,0,30,248560.8,19.21,20.35291667,20.18,21.49
Newbury,2009-08-06,2009,8,6,218,0.155619289,0,0.155619289,0.134398477,31,107155,22.83,23.30083333,23.33,24.02
Newbury,2009-08-13,2009,8,13,225,0.134398477,0,0.134398477,-0.021220812,32,196065.7,21.83,22.02958333,21.99,22.33
Newbury,2009-08-20,2009,8,20,232,2.914324862,0.03536802,2.949692882,2.815294405,33,126067.8,23.33,24.53208333,24.63,25.42
Newbury,2009-08-27,2009,8,27,239,3.451918768,0.007073604,3.458992372,0.50929949,34,648863,22.99,23.49125,23.51,24.02
Newbury,2009-09-01,2009,9,1,244,1.499604055,0,1.499604055,-1.959388317,35,571028.2,20.34,20.96208333,21.075,21.66
Newbury,2009-09-08,2009,9,8,251,5.673030435,0,5.673030435,4.17342638,36,566550.5,20.34,21.21333333,20.995,22.16
Newbury,2009-09-15,2009,9,15,258,6.776512664,0,6.776512664,1.103482229,37,334026.9,19.37,19.68625,19.53,20.34
Newbury,2009-09-21,2009,9,21,264,41.12593385,0,41.12593385,34.34942118,38,NA,NA,NA,NA,NA
Newbury,2009-10-05,2009,10,5,278,0.481005074,0,0.481005074,-40.64492877,40,NA,NA,NA,NA,NA
Newbury,2010-04-15,2010,4,15,105,0.042441624,0,0.042441624,-0.43856345,15,NA,NA,NA,NA,NA
Newbury,2010-04-30,2010,4,30,120,0.007073604,0,0.007073604,-0.03536802,17,NA,NA,NA,NA,NA
Newbury,2010-05-13,2010,5,13,133,0,0,0,-0.007073604,19,NA,NA,NA,NA,NA
Newbury,2010-05-25,2010,5,25,145,0.077809644,0,0.077809644,0.077809644,21,NA,NA,NA,NA,NA
Newbury,2010-06-04,2010,6,4,155,0.03536802,0,0.03536802,-0.042441624,22,596980.2,19.69,20.63208333,20.42,21.66
Newbury,2010-06-10,2010,6,10,161,0.007073604,0,0.007073604,-0.028294416,23,146196,16.79,17.23666667,17.27,17.43
Newbury,2010-06-15,2010,6,15,166,0.084883248,0.042441624,0.127324873,0.120251269,24,928789.9,17.27,17.99208333,17.91,18.72
Newbury,2010-06-24,2010,6,24,175,0.141472081,0.03536802,0.176840101,0.049515228,25,332455.3,20.99,21.91666667,21.74,22.83
Newbury,2010-07-01,2010,7,1,182,3.246784251,1.379352787,4.626137038,4.449296937,26,701982,21.16,21.66,21.66,22.16
Newbury,2010-07-08,2010,7,8,189,0.261723349,0.190987309,0.452710658,-4.17342638,27,790278.9,21.99,23.2125,23.51,24.02
Newbury,2010-07-15,2010,7,15,196,0.940789336,0.657845175,1.598634512,1.145923853,28,254047.6,23.85,24.29625,24.28,24.89
Newbury,2010-07-22,2010,7,22,203,0.792243652,0.792243652,1.584487303,-0.014147208,29,51642,24.37,24.71,24.63,25.24
Newbury,2010-07-29,2010,7,29,210,0.47393147,0.80639086,1.28032233,-0.304164973,30,608265.2,23.68,24.32083333,24.28,25.24
Newbury,2010-08-05,2010,8,5,217,0.275870557,0.028294416,0.304164973,-0.976157357,31,372196.1,23.33,24.11541667,24.19,24.54
Newbury,2010-08-12,2010,8,12,224,1.301543142,0.827611672,2.129154814,1.824989841,32,674631.9,23.68,24.59416667,24.72,25.07
Newbury,2010-08-19,2010,8,19,231,2.857736029,1.506677659,4.364413688,2.235258874,33,977109.7,23.33,24.16958333,24.195,25.24
Newbury,2010-08-26,2010,8,26,238,3.211416231,0.056588832,3.268005063,-1.096408625,34,766178.7,20.67,21.29458333,21.33,22.16
Newbury,2010-09-02,2010,9,2,245,24.46759635,0.007073604,24.47466995,21.20666489,35,888295.8,23.16,24.07541667,24.195,25.07
Newbury,2010-09-09,2010,9,9,252,0.077809644,0,0.077809644,-24.39686031,36,243383.9,20.5,20.78166667,20.83,21.16
Newbury,2010-09-16,2010,9,16,259,0.134398477,0,0.134398477,0.056588832,37,690927.5,17.59,18.09166667,18.07,18.88
Newbury,2010-09-22,2010,9,22,265,0.049515228,0,0.049515228,-0.084883248,38,491418,NA,NA,NA,NA
Newbury,2010-09-30,2010,9,30,273,0,0,0,-0.049515228,39,NA,NA,NA,NA,NA
Newbury,2010-10-07,2010,10,7,280,0,0,0,0,40,NA,NA,NA,NA,NA
Newbury,2011-04-28,2011,4,28,118,0,0,0,0,17,NA,NA,NA,NA,NA
Newbury,2011-05-05,2011,5,5,125,0,0,0,0,18,NA,NA,NA,NA,NA
Newbury,2011-05-12,2011,5,12,132,0,0,0,0,19,NA,NA,NA,NA,NA
Newbury,2011-05-19,2011,5,19,139,0,0,0,0,20,NA,NA,NA,NA,NA
Newbury,2011-05-26,2011,5,26,146,0,0,0,0,21,NA,NA,NA,NA,NA
Newbury,2011-06-02,2011,6,2,153,0.007073604,0,0.007073604,0.007073604,22,NA,NA,NA,NA,NA
Newbury,2011-06-10,2011,6,10,161,0.021220812,0.007073604,0.028294416,0.021220812,23,217334.5,19.86,21.30833333,21.67,22
Newbury,2011-06-16,2011,6,16,167,0,0,0,-0.028294416,24,775134,16.64,18.45875,18.64,19.7
Newbury,2011-06-23,2011,6,23,174,0.007073604,0,0.007073604,0.007073604,25,64583.7,14.58,15.60708333,15.69,16.96
Newbury,2011-06-30,2011,6,30,181,0,0,0,-0.007073604,26,503236.8,19.86,20.34333333,20.34,20.84
Newbury,2011-07-07,2011,7,7,188,0.120251269,0.014147208,0.134398477,0.134398477,27,503914.6,23.34,24.00666667,24.03,24.38
Newbury,2011-07-14,2011,7,14,195,0.325385786,0,0.325385786,0.190987309,28,982846.5,23.68,24.19458333,24.2,24.72
Newbury,2011-07-21,2011,7,21,202,0.240502537,0.014147208,0.254649745,-0.07073604,29,593933.2,24.38,25.44791667,25.59,26.12
Newbury,2011-07-28,2011,7,28,209,0.905421316,0.169766497,1.075187813,0.820538068,30,695233.5,24.03,24.78875,24.635,25.59
Newbury,2011-08-04,2011,8,4,216,1.810842633,0.657845175,2.468687808,1.393499995,31,504754.4,23.51,24.07166667,24.03,24.72
Newbury,2011-08-11,2011,8,11,223,0.707360403,0.254649745,0.962010149,-1.506677659,32,646655.6,22.67,23.15,23.17,23.68
Newbury,2011-08-18,2011,8,18,230,2.680895929,0.615403551,3.296299479,2.334289331,33,721981.5,21.5,22.48625,22.67,23.17
Newbury,2011-08-25,2011,8,25,237,0.516373094,0.077809644,0.594182739,-2.702116741,34,309571.4,21.17,21.28416667,21.33,21.5
Newbury,2011-09-01,2011,9,1,244,3.176048211,0.042441624,3.218489835,2.624307096,35,422711.6,20.34,20.83083333,20.84,22
Newbury,2011-09-08,2011,9,8,251,0.049515228,0,0.049515228,-3.168974607,36,NA,17.43,18.64458333,18.56,19.7
Newbury,2011-09-15,2011,9,15,258,0.084883248,0,0.084883248,0.03536802,37,68577.2,19.21,20.18333333,20.34,20.67
Newbury,2011-09-22,2011,9,22,265,0,0,0,-0.084883248,38,NA,NA,NA,NA,NA
Newbury,2011-09-29,2011,9,29,272,0,0,0,0,39,NA,NA,NA,NA,NA
Newbury,2011-10-06,2011,10,6,279,0.007073604,0,0.007073604,0.007073604,40,NA,NA,NA,NA,NA
Newbury,2012-03-29,2012,3,29,89,0,0,0,-0.007073604,13,NA,NA,NA,NA,NA
Newbury,2012-04-13,2012,4,13,104,0,0,0,0,15,NA,NA,NA,NA,NA
Newbury,2012-04-19,2012,4,19,110,0,0,0,0,16,NA,NA,NA,NA,NA
Newbury,2012-05-03,2012,5,3,124,0,0,0,0,18,NA,NA,NA,NA,NA
Newbury,2012-05-10,2012,5,10,131,0,0,0,0,19,NA,NA,NA,NA,NA
Newbury,2012-05-17,2012,5,17,138,0,0,0,0,20,NA,NA,NA,NA,NA
Newbury,2012-05-24,2012,5,24,145,0,0,0,0,21,NA,NA,NA,NA,NA
Newbury,2012-05-31,2012,5,31,152,0.007073604,0,0.007073604,0.007073604,22,NA,17.27,18.24166667,18.475,19.04
Newbury,2012-06-07,2012,6,7,159,0,0,0,-0.007073604,23,NA,15.84,16.68625,16.79,17.43
Newbury,2012-06-14,2012,6,14,166,0.03536802,0.007073604,0.042441624,0.042441624,24,NA,17.91,19.01041667,18.64,20.34
Newbury,2012-06-21,2012,6,21,173,0.014147208,0,0.014147208,-0.028294416,25,786135.4,21.99,22.63916667,22.66,23.33
Newbury,2012-06-28,2012,6,28,180,0.099030457,0,0.099030457,0.084883248,26,948434.3,20.34,21.09458333,21.33,21.83
Newbury,2012-07-05,2012,7,5,187,0.162692893,0.007073604,0.169766497,0.07073604,27,883785.3,23.33,23.67208333,23.68,24.02
Newbury,2012-07-12,2012,7,12,194,0.530520303,0.120251269,0.650771571,0.481005074,28,1135371.5,22.99,24.38041667,24.365,25.59
Newbury,2012-07-19,2012,7,19,201,4.024880695,0.007073604,4.031954299,3.381182728,29,1080120,24.89,25.315,25.33,25.59
Newbury,2012-07-26,2012,7,26,208,0.898347712,0.183913705,1.082261417,-2.949692882,30,124785.9,22.99,23.18125,23.16,23.33
Newbury,2012-08-02,2012,8,2,215,0.162692893,0,0.162692893,-0.919568524,31,971103,23.16,24.06125,24.02,25.07
Newbury,2012-08-09,2012,8,9,222,0.410269034,0.056588832,0.466857866,0.304164973,32,245773.4,24.54,25.03833333,24.98,25.76
Newbury,2012-08-16,2012,8,16,229,0.155619289,0.042441624,0.198060913,-0.268796953,33,242221.6,24.19,24.615,24.54,25.07
Newbury,2012-08-23,2012,8,23,236,0.615403551,0.063662436,0.679065987,0.481005074,34,186646.4,23.68,24.30541667,24.37,24.72
Newbury,2012-08-30,2012,8,30,243,0.318312182,0,0.318312182,-0.360753806,35,623481,22.49,22.9175,22.83,23.33
Newbury,2012-09-06,2012,9,6,250,0.155619289,0,0.155619289,-0.162692893,36,195494.7,21.49,21.72166667,21.745,22.33
Newbury,2012-09-13,2012,9,13,257,0.424416242,0,0.424416242,0.268796953,37,NA,19.69,20.63833333,20.665,21.66
Newbury,2012-09-20,2012,9,20,264,0.056588832,0,0.056588832,-0.36782741,38,NA,18.07,18.58291667,18.56,19.21
Newbury,2012-09-27,2012,9,27,271,0.014147208,0,0.014147208,-0.042441624,39,NA,NA,NA,NA,NA
Newbury,2012-10-05,2012,10,5,279,0,0,0,-0.014147208,40,NA,NA,NA,NA,NA
Newbury,2013-04-24,2013,4,24,114,0,0,0,0,16,NA,NA,NA,NA,NA
Newbury,2013-05-02,2013,5,2,122,0,0,0,0,17,NA,NA,NA,NA,NA
Newbury,2013-05-14,2013,5,14,134,0,0,0,0,19,NA,NA,NA,NA,NA
Newbury,2013-05-23,2013,5,23,143,0,0,0,0,20,NA,NA,NA,NA,NA
Newbury,2013-05-30,2013,5,30,150,0,0,0,0,21,258019.1,12.09,13.46208333,13.795,15.04
Newbury,2013-06-06,2013,6,6,157,0,0,0,0,22,38094,16.16,17.09708333,17.03,18.23
Newbury,2013-06-13,2013,6,13,164,0.007073604,0,0.007073604,0.007073604,23,103943.4,14.89,15.23541667,15.285,15.52
Newbury,2013-06-20,2013,6,20,171,0.014147208,0,0.014147208,0.007073604,24,981791.7,17.43,18.5925,18.475,19.86
Newbury,2013-06-27,2013,6,27,178,0,0,0,-0.014147208,25,206345,17.59,19.79666667,19.53,22.66
Newbury,2013-07-03,2013,7,3,184,0.007073604,0,0.007073604,0.007073604,26,429202.2,17.59,20.57958333,21.495,22.66
Newbury,2013-07-11,2013,7,11,192,0.028294416,0.007073604,0.03536802,0.028294416,27,473409.9,21.66,22.98666667,23.075,23.68
Newbury,2013-07-18,2013,7,18,199,0.028294416,0,0.028294416,-0.007073604,28,875443.3,26.64,27.30833333,27.26,28.07
Newbury,2013-07-25,2013,7,25,206,1.181291874,0.657845175,1.839137049,1.810842633,29,349602.4,23.16,23.5275,23.51,23.85
Newbury,2013-08-01,2013,8,1,213,0.325385786,0.07073604,0.396121826,-1.443015223,30,557100,22.83,23.49291667,23.68,24.19
Newbury,2013-08-08,2013,8,8,220,0.077809644,0.014147208,0.091956852,-0.304164974,31,478382.6,21.49,21.66,21.66,21.83
Newbury,2013-08-15,2013,8,15,227,2.397951767,0.176840101,2.574791868,2.482835016,32,730356.3,20.83,21.30666667,21.33,21.83
Newbury,2013-08-22,2013,8,22,234,7.922436517,0.381974618,8.304411135,5.729619267,33,NA,22.83,23.66416667,23.595,24.54
Newbury,2013-08-29,2013,8,29,241,0.148545685,0.063662436,0.212208121,-8.092203014,34,211963.6,21.66,22.06958333,21.99,22.99
Newbury,2013-09-05,2013,9,5,248,2.313068519,0.014147208,2.327215727,2.115007606,35,NA,21.33,21.83375,21.83,22.16
Newbury,2013-09-11,2013,9,11,254,6.097446677,0.07073604,6.168182717,3.84096699,36,NA,20.02,21.06541667,21.075,22.49
Newbury,2013-09-18,2013,9,18,261,11.13385275,0.007073604,11.14092635,4.972743635,37,NA,NA,NA,NA,NA
Newbury,2013-09-25,2013,9,25,268,0.346606598,0.007073604,0.353680202,-10.78724615,38,NA,NA,NA,NA,NA
Newbury,2013-10-02,2013,10,2,275,0.679065987,0,0.679065987,0.325385786,39,NA,NA,NA,NA,NA
Newbury,2013-10-09,2013,10,9,282,0.028294416,0,0.028294416,-0.650771571,40,NA,NA,NA,NA,NA
Newbury,2014-05-29,2014,5,29,149,0,0,0,-0.028294416,21,NA,NA,NA,NA,NA
Newbury,2014-06-05,2014,6,5,156,0,0,0,0,22,NA,NA,NA,NA,NA
Newbury,2014-06-12,2014,6,12,163,0,0.014147208,0.014147208,0.014147208,23,139156.8,14.73,15.99666667,16.075,16.79
Newbury,2014-06-19,2014,6,19,170,0.190987309,0.169766497,0.360753806,0.346606598,24,1262257.4,19.04,19.5925,19.69,20.18
Newbury,2014-06-26,2014,6,26,177,0.084883248,0.077809644,0.162692893,-0.198060913,25,NA,16.95,18.02041667,17.91,19.21
Newbury,2014-07-02,2014,7,2,183,0.021220812,0.021220812,0.042441624,-0.120251269,26,NA,19.53,21.83708333,22.91,23.33
Newbury,2014-07-09,2014,7,9,190,0.084883248,0.042441624,0.127324873,0.084883248,27,NA,19.37,20.8875,20.995,22.33
Newbury,2014-07-23,2014,7,23,204,0.099030457,0,0.099030457,-0.028294416,29,677064.1,23.16,24.17666667,24.105,25.24
Newbury,2014-07-30,2014,7,30,211,0.827611672,0.014147208,0.84175888,0.742728423,30,470762,22.16,22.44458333,22.49,22.83
Newbury,2014-08-06,2014,8,6,218,0.47393147,0,0.47393147,-0.36782741,31,785790.4,23.51,23.7225,23.68,24.02
Newbury,2014-08-12,2014,8,12,224,0.233428933,0,0.233428933,-0.240502537,32,791140.6,22.49,22.86125,22.83,23.33
Newbury,2014-08-20,2014,8,20,232,4.067322319,0.077809644,4.145131963,3.91170303,33,NA,20.67,21.09166667,21.16,21.33
Newbury,2014-08-27,2014,8,27,239,22.82652022,0.8771269,23.70364712,19.55851515,34,882138.6,21.16,22.55333333,22.66,23.68
Newbury,2014-09-04,2014,9,4,247,6.139888301,0.063662436,6.203550737,-17.50009638,35,724533.4,21.99,22.43708333,22.33,22.99
Newbury,2014-09-10,2014,9,10,253,0.106104061,0,0.106104061,-6.097446677,36,304770.6,20.67,20.97333333,20.99,21.33
Newbury,2014-09-17,2014,9,17,260,0.608329947,0.007073604,0.615403551,0.50929949,37,NA,18.07,18.51458333,18.39,19.04
Newbury,2014-09-25,2014,9,25,268,0.014147208,0,0.014147208,-0.601256343,38,NA,NA,NA,NA,NA
Newbury,2014-10-03,2014,10,3,276,0.021220812,0,0.021220812,0.007073604,39,NA,NA,NA,NA,NA
Newbury,2014-10-10,2014,10,10,283,0.014147208,0,0.014147208,-0.007073604,40,NA,NA,NA,NA,NA
Newbury,2015-05-14,2015,5,14,134,0,0,0,-0.014147208,19,NA,NA,NA,NA,NA
Newbury,2015-05-21,2015,5,21,141,0,0,0,0,20,NA,NA,NA,NA,NA
Newbury,2015-05-28,2015,5,28,148,0,0,0,0,21,NA,NA,NA,NA,NA
Newbury,2015-06-05,2015,6,5,156,0,0,0,0,22,NA,NA,NA,NA,NA
Newbury,2015-06-11,2015,6,11,162,0,0,0,0,23,1065588.8,14.57,16.9475,16.95,18.39
Newbury,2015-06-19,2015,6,19,170,0.007073604,0.007073604,0.014147208,0.014147208,24,933062.9,18.07,19.13791667,19.21,19.86
Newbury,2015-07-02,2015,7,2,183,0.028294416,0.028294416,0.056588832,0.042441624,26,960748,16.95,18.52083333,18.555,20.02
Newbury,2015-07-09,2015,7,9,190,0.077809644,0.03536802,0.113177665,0.056588832,27,434325.5,21.16,21.39,21.33,21.66
Newbury,2015-07-16,2015,7,16,197,0.077809644,0.021220812,0.099030457,-0.014147208,28,309926,21.66,22.04958333,21.99,22.49
Newbury,2015-07-23,2015,7,23,204,0.304164973,0.042441624,0.346606598,0.247576141,29,774833,23.33,23.79958333,23.85,24.19
Newbury,2015-07-30,2015,7,30,211,0.629550759,0.091956852,0.721507611,0.374901014,30,845874.7,24.19,25.045,25.33,25.76
Newbury,2015-08-06,2015,8,6,218,0.162692893,0.049515228,0.212208121,-0.50929949,31,1003287.2,23.68,24.05041667,24.02,24.54
Newbury,2015-08-13,2015,8,13,225,0.516373094,0.134398477,0.650771571,0.43856345,32,1368281.9,22.99,23.52,23.51,24.19
Newbury,2015-08-20,2015,8,20,232,0.353680202,0.106104061,0.459784262,-0.190987309,33,323101.3,22.66,23.7275,24.02,24.19
Newbury,2015-08-25,2015,8,25,237,0.459784262,0.042441624,0.502225886,0.042441624,34,367030,23.16,23.50083333,23.51,23.85
Newbury,2015-09-03,2015,9,3,246,12.85981213,0.594182739,13.45399487,12.95176898,35,449104.6,24.02,24.5575,24.63,25.07
Newbury,2015-09-10,2015,9,10,253,1.598634512,0.134398477,1.733032988,-11.72096188,36,186055,23.68,23.97041667,24.02,24.19
Newbury,2015-09-17,2015,9,17,260,25.7762131,0.120251269,25.89646437,24.16343138,37,275460.5,21.83,22.33375,22.245,22.99
Newbury,2015-09-24,2015,9,24,267,2.206964458,0.007073604,2.214038062,-23.6824263,38,NA,NA,NA,NA,NA
Newbury,2015-10-02,2015,10,2,275,0.113177665,0,0.113177665,-2.100860398,39,NA,NA,NA,NA,NA
Newbury,2015-10-12,2015,10,12,285,0.148545685,0,0.148545685,0.03536802,41,NA,NA,NA,NA,NA
Newbury,2016-05-26,2016,5,26,147,0.077809644,0.03536802,0.113177665,-0.03536802,21,NA,NA,NA,NA,NA
Newbury,2016-06-03,2016,6,3,155,0.014147208,0.007073604,0.021220812,-0.091956852,22,NA,11.63,14.07166667,14.575,15.36
Newbury,2016-06-16,2016,6,16,168,0.311238578,0.169766497,0.481005074,0.459784262,24,NA,16.79,17.94875,17.91,19.37
Newbury,2016-06-23,2016,6,23,175,2.92847207,0.891274108,3.819746178,3.338741104,25,NA,19.53,20.14541667,20.18,20.99
Newbury,2016-06-30,2016,6,30,182,0.099030457,0.042441624,0.141472081,-3.678274097,26,NA,21.33,22.10416667,22.16,22.83
Newbury,2016-07-07,2016,7,7,189,0.014147208,0.021220812,0.03536802,-0.106104061,27,NA,21.99,22.89833333,22.49,24.37
Newbury,2016-07-14,2016,7,14,196,0.198060913,0.36782741,0.565888323,0.530520302,28,880847.2,20.5,21.12708333,21.075,21.66
Newbury,2016-07-21,2016,7,21,203,0.176840101,0.176840101,0.353680202,-0.212208121,29,1301578,22.83,23.48125,23.595,24.37
Newbury,2016-07-27,2016,7,27,209,3.550949225,1.216659894,4.767609118,4.413928917,30,414347.7,23.85,24.71083333,24.89,25.59
Newbury,2016-08-04,2016,8,4,217,0.834685276,0.481005074,1.31569035,-3.451918768,31,1611827.8,23.16,24.03125,24.105,25.24
Newbury,2016-08-15,2016,8,15,228,1.421794411,0.82407487,2.245869281,0.93017893,33,890189.9,24.54,24.885,24.89,25.42
Newbury,2016-08-22,2016,8,22,235,0.643697967,0.03536802,0.679065987,-1.566803293,34,921427.6,22.49,23.02833333,23.075,23.33
Newbury,2016-08-31,2016,8,31,244,3.939997446,0.219281725,4.159279172,3.480213184,35,606818.1,22.99,23.2625,23.16,23.68
Newbury,2016-09-07,2016,9,7,251,0.594182739,0.155619289,0.749802028,-3.409477144,36,496196.7,21.99,22.16666667,22.16,22.49
Newbury,2016-09-14,2016,9,14,258,0.679065987,0.028294416,0.707360403,-0.042441624,37,532880.4,21.66,22.03541667,21.99,22.66
Newbury,2016-09-21,2016,9,21,265,0.799317256,0.077809644,0.8771269,0.169766497,38,496498,21.49,21.84041667,21.83,22.33
Newbury,2016-09-28,2016,9,28,272,0.148545685,0,0.148545685,-0.728581215,39,NA,NA,NA,NA,NA
Newbury,2016-10-05,2016,10,5,279,0.063662436,0.014147208,0.077809644,-0.07073604,40,NA,NA,NA,NA,NA