"site","date","year","month","dayofmonth","dayofyr","coloniesperL","filbundperL","totalperL","totalperL_diff","week","light_sum","watertemp_mean","watertemp_min","watertemp_max","watertemp_median","ysi_readings","buoy_interp","daylength","TMAX","TMIN","TOBS","season_week"
"coffin",2009-05-29,2009,5,29,149,0.014147208,0,0.014147208,0.014147208,22,NA,14.015,13.47,14.56,13.78,0,0,15.1024637991715,8.33333333333333,6.66666666666667,7.77777777777778,1
"fichter",2009-05-29,2009,5,29,149,0.007073604,0,0.007073604,0.007073604,22,NA,13.30416667,13.01,13.62,13.32,0,0,15.1024637991715,8.33333333333333,6.66666666666667,7.77777777777778,1
"midge",2009-05-29,2009,5,29,149,0.014147208,0,0.014147208,0.014147208,22,285449,14.02541667,13.81,14.59,13.97,0,0,15.1024637991715,8.33333333333333,6.66666666666667,7.77777777777778,1
"newbury",2009-05-29,2009,5,29,149,0,0,0,0,22,NA,11.49208333,10.86,12.09,11.47,0,0,15.1024637991715,8.33333333333333,6.66666666666667,7.77777777777778,1
"coffin",2009-06-04,2009,6,4,155,0.007073604,0,0.007073604,-0.007073604,23,NA,15.20708333,14.87,15.82,15.03,0,0,15.2393831279041,20.5555555555556,5.55555555555556,7.77777777777778,2
"fichter",2009-06-04,2009,6,4,155,0.021220812,0,0.021220812,0.014147208,23,NA,15.51791667,15.02,16.13,15.5,0,0,15.2393831279041,20.5555555555556,5.55555555555556,7.77777777777778,2
"midge",2009-06-04,2009,6,4,155,0.007073604,0,0.007073604,-0.007073604,23,125431.9,16.28041667,15.54,17.12,16.18,0,0,15.2393831279041,20.5555555555556,5.55555555555556,7.77777777777778,2
"newbury",2009-06-04,2009,6,4,155,0,0,0,0,23,NA,16.295,15.52,17.43,15.915,0,0,15.2393831279041,20.5555555555556,5.55555555555556,7.77777777777778,2
"coffin",2009-06-17,2009,6,17,168,0.028294416,0,0.028294416,0.021220812,24,NA,17.62916667,17.09,18.37,17.73,0,0,15.4083323931586,21.1111111111111,5,6.11111111111111,3
"fichter",2009-06-17,2009,6,17,168,0.007073604,0,0.007073604,-0.014147208,24,NA,17.61083333,16.45,19.5,17.005,0,0,15.4083323931586,21.1111111111111,5,6.11111111111111,3
"midge",2009-06-17,2009,6,17,168,0.03536802,0,0.03536802,0.028294416,24,136487.1,18.31958333,17.44,19.54,17.93,0,0,15.4083323931586,21.1111111111111,5,6.11111111111111,3
"newbury",2009-06-17,2009,6,17,168,0.007073604,0,0.007073604,0.007073604,24,NA,16.31875,15.84,16.79,16.39,0,0,15.4083323931586,21.1111111111111,5,6.11111111111111,3
"coffin",2009-06-25,2009,6,25,176,0,0,0,-0.028294416,26,922363.7,18.75375,18.53,19.18,18.69,0,0,15.4175815089021,23.8888888888889,16.6666666666667,17.7777777777778,5
"fichter",2009-06-25,2009,6,25,176,0.084883248,0,0.084883248,0.077809644,26,872580.2,19.11666667,18.53,20.63,18.775,0,0,15.4175815089021,23.8888888888889,16.6666666666667,17.7777777777778,5
"midge",2009-06-25,2009,6,25,176,0.014147208,0,0.014147208,-0.021220812,26,283232.2,18.74208333,17.77,20.35,18.25,0,0,15.4175815089021,23.8888888888889,16.6666666666667,17.7777777777778,5
"newbury",2009-06-25,2009,6,25,176,0.03536802,0,0.03536802,0.028294416,26,653910.6,18.64958333,18.07,19.04,18.8,0,0,15.4175815089021,23.8888888888889,16.6666666666667,17.7777777777778,5
"coffin",2009-07-02,2009,7,2,183,0.063662436,0.014147208,0.077809644,0.077809644,27,111590.1,19.49958333,18.86,19.99,19.51,0,0,15.365408971586,17.7777777777778,14.4444444444444,14.4444444444444,6
"fichter",2009-07-02,2009,7,2,183,0.063662436,0,0.063662436,-0.021220812,27,177680.3,18.57791667,18.21,18.86,18.53,0,0,15.365408971586,17.7777777777778,14.4444444444444,14.4444444444444,6
"midge",2009-07-02,2009,7,2,183,0,0,0,-0.014147208,27,61440.9,19.42833333,19.06,19.71,19.38,0,0,15.365408971586,17.7777777777778,14.4444444444444,14.4444444444444,6
"newbury",2009-07-02,2009,7,2,183,0.007073604,0,0.007073604,-0.028294416,27,83184,16.3525,15.68,17.11,16.31,0,0,15.365408971586,17.7777777777778,14.4444444444444,14.4444444444444,6
"coffin",2009-07-09,2009,7,9,190,0.113177665,0.021220812,0.134398477,0.056588832,28,733768.5,19.83125,19.18,20.64,19.83,0,0,15.2594533653071,19.4444444444444,11.6666666666667,12.2222222222222,7
"fichter",2009-07-09,2009,7,9,190,0.106104061,0.042441624,0.148545685,0.084883248,28,711077.8,19.4675,19.02,20.47,19.18,0,0,15.2594533653071,19.4444444444444,11.6666666666667,12.2222222222222,7
"midge",2009-07-09,2009,7,9,190,0.056588832,0.021220812,0.077809644,0.077809644,28,287569.5,19.53666667,19.06,20.35,19.54,0,0,15.2594533653071,19.4444444444444,11.6666666666667,12.2222222222222,7
"newbury",2009-07-09,2009,7,9,190,0.021220812,0.007073604,0.028294416,0.021220812,28,335620.2,18.28208333,17.27,19.53,18.31,0,0,15.2594533653071,19.4444444444444,11.6666666666667,12.2222222222222,7
"coffin",2009-07-16,2009,7,16,197,0.042441624,0,0.042441624,-0.091956852,29,490965.5,20.38625,19.67,21.13,20.32,0,0,15.1042509154612,24.4444444444444,9.44444444444444,13.3333333333333,8
"fichter",2009-07-16,2009,7,16,197,0.042441624,0,0.042441624,-0.106104061,29,633803.3,20.36708333,19.98,21.13,20.39,0,0,15.1042509154612,24.4444444444444,9.44444444444444,13.3333333333333,8
"midge",2009-07-16,2009,7,16,197,0.205134517,0.007073604,0.212208121,0.134398477,29,198401.4,20.6975,20.35,21.17,20.68,0,0,15.1042509154612,24.4444444444444,9.44444444444444,13.3333333333333,8
"newbury",2009-07-16,2009,7,16,197,0.049515228,0.007073604,0.056588832,0.028294416,29,443377.9,20.39458333,20.18,20.67,20.34,0,0,15.1042509154612,24.4444444444444,9.44444444444444,13.3333333333333,8
"coffin",2009-07-23,2009,7,23,204,0.028294416,0,0.028294416,-0.014147208,30,257926.5,21.25916667,20.97,21.63,21.3,0,0,14.9057802922791,23.3333333333333,13.8888888888889,14.4444444444444,9
"fichter",2009-07-23,2009,7,23,204,0.007073604,0,0.007073604,-0.03536802,30,362971.4,20.91041667,20.79,21.13,20.79,0,0,14.9057802922791,23.3333333333333,13.8888888888889,14.4444444444444,9
"midge",2009-07-23,2009,7,23,204,0.544667511,0.007073604,0.551741115,0.339532994,30,194117.1,21.69375,21.17,22.01,21.67,0,0,14.9057802922791,23.3333333333333,13.8888888888889,14.4444444444444,9
"newbury",2009-07-23,2009,7,23,204,0.021220812,0,0.021220812,-0.03536802,30,292596.7,20.73458333,19.69,21.16,20.99,0,0,14.9057802922791,23.3333333333333,13.8888888888889,14.4444444444444,9
"coffin",2009-07-30,2009,7,30,211,0.056588832,0,0.056588832,0.028294416,31,238647.8,22.72583333,22.3,23.14,22.63,0,0,14.6707171715547,30,15.5555555555556,19.4444444444444,10
"fichter",2009-07-30,2009,7,30,211,0.233428933,0.007073604,0.240502537,0.233428933,31,630348.4,22.11875,21.46,22.63,22.21,0,0,14.6707171715547,30,15.5555555555556,19.4444444444444,10
"midge",2009-07-30,2009,7,30,211,0.799317256,0.007073604,0.80639086,0.254649745,31,177152.8,24.23458333,24.03,24.55,24.21,0,0,14.6707171715547,30,15.5555555555556,19.4444444444444,10
"newbury",2009-07-30,2009,7,30,211,0.021220812,0,0.021220812,0,31,248560.8,20.35291667,19.21,21.49,20.18,0,0,14.6707171715547,30,15.5555555555556,19.4444444444444,10
"coffin",2009-08-06,2009,8,6,218,0.042441624,0.007073604,0.049515228,-0.007073604,32,552202.2,22.72083333,22.47,22.97,22.81,0,0,14.405761486518,26.6666666666667,10.5555555555556,11.1111111111111,11
"fichter",2009-08-06,2009,8,6,218,0.212208121,0,0.212208121,-0.028294416,32,294846.2,22.76625,22.29,23.3,22.79,0,0,14.405761486518,26.6666666666667,10.5555555555556,11.1111111111111,11
"midge",2009-08-06,2009,8,6,218,0.346606598,0.007073604,0.353680202,-0.452710658,32,322810.4,23.94625,23.52,24.38,24.03,0,0,14.405761486518,26.6666666666667,10.5555555555556,11.1111111111111,11
"newbury",2009-08-06,2009,8,6,218,0.155619289,0,0.155619289,0.134398477,32,107155,23.30083333,22.83,24.02,23.33,0,0,14.405761486518,26.6666666666667,10.5555555555556,11.1111111111111,11
"coffin",2009-08-13,2009,8,13,225,0.190987309,0,0.190987309,0.141472081,33,197648,23.07708333,22.81,23.48,23.14,0,0,14.1171389245209,25,15.5555555555556,17.2222222222222,12
"fichter",2009-08-13,2009,8,13,225,0.205134517,0,0.205134517,-0.007073604,33,262618.8,22.93166667,22.79,23.13,22.96,0,0,14.1171389245209,25,15.5555555555556,17.2222222222222,12
"midge",2009-08-13,2009,8,13,225,0.07073604,0,0.07073604,-0.282944161,33,166712,22.98666667,22.84,23.17,23.01,0,0,14.1171389245209,25,15.5555555555556,17.2222222222222,12
"newbury",2009-08-13,2009,8,13,225,0.134398477,0,0.134398477,-0.021220812,33,196065.7,22.02958333,21.83,22.33,21.99,0,0,14.1171389245209,25,15.5555555555556,17.2222222222222,12
"coffin",2009-08-20,2009,8,20,232,0.183913705,0.007073604,0.190987309,0,34,567712.7,24.91458333,24.34,25.38,24.87,0,0,13.810306529702,28.3333333333333,14.4444444444444,14.4444444444444,13
"fichter",2009-08-20,2009,8,20,232,0.297091369,0,0.297091369,0.091956852,34,738418.3,24.96333333,24.51,25.37,25.03,0,0,13.810306529702,28.3333333333333,14.4444444444444,14.4444444444444,13
"midge",2009-08-20,2009,8,20,232,3.246784251,0.007073604,3.253857855,3.183121815,34,262974.3,25.72583333,25.42,26.28,25.76,0,0,13.810306529702,28.3333333333333,14.4444444444444,14.4444444444444,13
"newbury",2009-08-20,2009,8,20,232,2.914324862,0.03536802,2.949692882,2.815294405,34,126067.8,24.53208333,23.33,25.42,24.63,0,0,13.810306529702,28.3333333333333,14.4444444444444,14.4444444444444,13
"coffin",2009-08-27,2009,8,27,239,0.190987309,0,0.190987309,0,35,895755.2,22.99208333,22.63,23.31,22.97,0,0,13.4898408040286,25,7.22222222222222,7.77777777777778,14
"fichter",2009-08-27,2009,8,27,239,0.488078678,0,0.488078678,0.190987309,35,617991.5,23.11583333,22.79,23.64,23.13,0,0,13.4898408040286,25,7.22222222222222,7.77777777777778,14
"midge",2009-08-27,2009,8,27,239,0.983230961,0,0.983230961,-2.270626895,35,59858.9,23.93041667,23.68,24.38,23.86,0,0,13.4898408040286,25,7.22222222222222,7.77777777777778,14
"newbury",2009-08-27,2009,8,27,239,3.451918768,0.007073604,3.458992372,0.50929949,35,648863,23.49125,22.99,24.02,23.51,0,0,13.4898408040286,25,7.22222222222222,7.77777777777778,14
"coffin",2009-09-01,2009,9,1,244,0.03536802,0,0.03536802,-0.155619289,35,740291.2,20.80666667,20.48,20.97,20.81,0,0,13.2546820281156,18.3333333333333,4.44444444444444,4.44444444444444,14
"fichter",2009-09-01,2009,9,1,244,0.381974618,0,0.381974618,-0.106104061,35,591265.2,20.73458333,20.47,21.46,20.63,0,0,13.2546820281156,18.3333333333333,4.44444444444444,4.44444444444444,14
"midge",2009-09-01,2009,9,1,244,0.558814719,0,0.558814719,-0.424416242,35,14714.1,21.38083333,21.01,21.84,21.255,0,0,13.2546820281156,18.3333333333333,4.44444444444444,4.44444444444444,14
"newbury",2009-09-01,2009,9,1,244,1.499604055,0,1.499604055,-1.959388317,35,571028.2,20.96208333,20.34,21.66,21.075,0,0,13.2546820281156,18.3333333333333,4.44444444444444,4.44444444444444,14
"coffin",2009-09-08,2009,9,8,251,0.353680202,0.007073604,0.360753806,0.325385786,36,703199.5,20.52208333,19.99,20.81,20.64,0,0,12.9190870630494,20,6.66666666666667,8.88888888888889,15
"fichter",2009-09-08,2009,9,8,251,0.629550759,0,0.629550759,0.247576141,36,201684.3,20.61791667,20.31,20.96,20.63,0,0,12.9190870630494,20,6.66666666666667,8.88888888888889,15
"midge",2009-09-08,2009,9,8,251,0.261723349,0,0.261723349,-0.297091369,36,NA,20.79708333,20.19,21.67,20.51,0,0,12.9190870630494,20,6.66666666666667,8.88888888888889,15
"newbury",2009-09-08,2009,9,8,251,5.673030435,0,5.673030435,4.17342638,36,566550.5,21.21333333,20.34,22.16,20.995,0,0,12.9190870630494,20,6.66666666666667,8.88888888888889,15
"coffin",2009-09-15,2009,9,15,258,0.233428933,0,0.233428933,-0.127324873,37,454551.6,19.21458333,18.86,19.51,19.18,0,0,12.5783321725195,21.1111111111111,8.33333333333333,11.1111111111111,16
"fichter",2009-09-15,2009,9,15,258,0.940789336,0,0.940789336,0.311238578,37,160845.5,19.4,19.18,19.66,19.34,0,0,12.5783321725195,21.1111111111111,8.33333333333333,11.1111111111111,16
"midge",2009-09-15,2009,9,15,258,0.099030457,0,0.099030457,-0.162692893,37,NA,19.66666667,19.54,19.87,19.71,0,0,12.5783321725195,21.1111111111111,8.33333333333333,11.1111111111111,16
"newbury",2009-09-15,2009,9,15,258,6.776512664,0,6.776512664,1.103482229,37,334026.9,19.68625,19.37,20.34,19.53,0,0,12.5783321725195,21.1111111111111,8.33333333333333,11.1111111111111,16
"coffin",2009-09-21,2009,9,21,264,0.021220812,0,0.021220812,-0.212208121,38,NA,17.45542,16.77,17.89,17.57,0,0,12.2837673445562,21.1111111111111,1.11111111111111,1.66666666666667,17
"fichter",2009-09-21,2009,9,21,264,4.095616735,0,4.095616735,3.154827399,38,NA,17.74875,17.41,18.37,17.56,0,0,12.2837673445562,21.1111111111111,1.11111111111111,1.66666666666667,17
"midge",2009-09-21,2009,9,21,264,4.562474601,0,4.562474601,4.463444145,38,NA,17.70583,17.28,18.25,17.61,0,0,12.2837673445562,21.1111111111111,1.11111111111111,1.66666666666667,17
"newbury",2009-09-21,2009,9,21,264,41.12593385,0,41.12593385,34.34942118,38,NA,17.59667,16.95,18.23,17.67,0,0,12.2837673445562,21.1111111111111,1.11111111111111,1.66666666666667,17
"coffin",2009-10-05,2009,10,5,278,0.141472081,0,0.141472081,0.120251269,40,NA,15.48274,15.4065,15.5757,15.47543,0,1,11.594505609785,20,6.11111111111111,6.66666666666667,19
"fichter",2009-10-05,2009,10,5,278,0.226355329,0,0.226355329,-3.869261406,40,NA,15.58331,15.50625,15.67725,15.57592,0,1,11.594505609785,20,6.11111111111111,6.66666666666667,19
"midge",2009-10-05,2009,10,5,278,0.756875632,0,0.756875632,-3.80559897,40,NA,15.247233,15.1645,15.3481,15.2393,0,1,11.594505609785,20,6.11111111111111,6.66666666666667,19
"newbury",2009-10-05,2009,10,5,278,0.481005074,0,0.481005074,-40.64492877,40,NA,14.982844,14.892,15.0936,14.974133,0,1,11.594505609785,20,6.11111111111111,6.66666666666667,19
"coffin",2010-05-25,2010,5,25,145,0.049515228,0,0.049515228,0.03536802,21,NA,18.75708,18.05,19.51,18.86,0,0,14.9929725977947,28.8888888888889,10,13.8888888888889,0
"fichter",2010-05-25,2010,5,25,145,0.049515228,0,0.049515228,0.049515228,21,NA,19.8075,19.34,20.31,19.98,0,0,14.9929725977947,28.8888888888889,10,13.8888888888889,0
"midge",2010-05-25,2010,5,25,145,0.042441624,0.007073604,0.049515228,0.049515228,21,NA,17.76708,15.23,19.71,17.77,0,0,14.9929725977947,28.8888888888889,10,13.8888888888889,0
"newbury",2010-05-25,2010,5,25,145,0.077809644,0,0.077809644,0.077809644,21,NA,20.89542,20.02,21.66,20.91,0,0,14.9929725977947,28.8888888888889,10,13.8888888888889,0
"coffin",2010-06-04,2010,6,4,155,0.007073604,0,0.007073604,-0.042441624,23,988078.3,19.68208333,18.86,20.81,19.83,0,0,15.2393831279041,26.1111111111111,12.7777777777778,13.8888888888889,2
"fichter",2010-06-04,2010,6,4,155,0.021220812,0,0.021220812,-0.028294416,23,1096610.6,19.92083333,19.66,20.47,19.98,0,0,15.2393831279041,26.1111111111111,12.7777777777778,13.8888888888889,2
"midge",2010-06-04,2010,6,4,155,0.148545685,0,0.148545685,0.099030457,23,589337.3,21.10541667,20.35,22.01,21.01,0,0,15.2393831279041,26.1111111111111,12.7777777777778,13.8888888888889,2
"newbury",2010-06-04,2010,6,4,155,0.03536802,0,0.03536802,-0.042441624,23,596980.2,20.63208333,19.69,21.66,20.42,0,0,15.2393831279041,26.1111111111111,12.7777777777778,13.8888888888889,2
"coffin",2010-06-10,2010,6,10,161,0.028294416,0.007073604,0.03536802,0.028294416,23,160803.1,17.33958333,17.09,17.57,17.41,0,0,15.3402199101239,19.4444444444444,3.33333333333333,10.5555555555556,2
"fichter",2010-06-10,2010,6,10,161,0.007073604,0,0.007073604,-0.014147208,23,134657.7,17.29,16.93,17.56,17.24,0,0,15.3402199101239,19.4444444444444,3.33333333333333,10.5555555555556,2
"midge",2010-06-10,2010,6,10,161,0.014147208,0,0.014147208,-0.134398477,23,150071.5,17.97,17.77,18.41,17.93,0,0,15.3402199101239,19.4444444444444,3.33333333333333,10.5555555555556,2
"newbury",2010-06-10,2010,6,10,161,0.007073604,0,0.007073604,-0.028294416,23,146196,17.23666667,16.79,17.43,17.27,0,0,15.3402199101239,19.4444444444444,3.33333333333333,10.5555555555556,2
"coffin",2010-06-15,2010,6,15,166,0,0,0,-0.03536802,24,1546544,17.4825,16.93,17.73,17.73,0,0,15.3945022336577,23.8888888888889,6.66666666666667,8.88888888888889,3
"fichter",2010-06-15,2010,6,15,166,0.042441624,0.007073604,0.049515228,0.042441624,24,1249426.9,17.4,17.08,17.88,17.4,0,0,15.3945022336577,23.8888888888889,6.66666666666667,8.88888888888889,3
"midge",2010-06-15,2010,6,15,166,0.021220812,0,0.021220812,0.007073604,24,818846.4,18.51208333,17.93,19.22,18.57,0,0,15.3945022336577,23.8888888888889,6.66666666666667,8.88888888888889,3
"newbury",2010-06-15,2010,6,15,166,0.084883248,0.042441624,0.127324873,0.120251269,24,928789.9,17.99208333,17.27,18.72,17.91,0,0,15.3945022336577,23.8888888888889,6.66666666666667,8.88888888888889,3
"coffin",2010-06-24,2010,6,24,175,0.049515228,0.007073604,0.056588832,0.056588832,25,785704.9,20.60333333,19.51,21.47,20.64,0,0,15.4204719010203,26.6666666666667,16.1111111111111,17.7777777777778,4
"fichter",2010-06-24,2010,6,24,175,0.091956852,0,0.091956852,0.042441624,25,795273.5,21.46666667,20.96,21.96,21.545,0,0,15.4204719010203,26.6666666666667,16.1111111111111,17.7777777777778,4
"midge",2010-06-24,2010,6,24,175,0.07073604,0,0.07073604,0.049515228,25,331314.8,22.09666667,21.67,22.51,22.17,0,0,15.4204719010203,26.6666666666667,16.1111111111111,17.7777777777778,4
"newbury",2010-06-24,2010,6,24,175,0.141472081,0.03536802,0.176840101,0.049515228,25,332455.3,21.91666667,20.99,22.83,21.74,0,0,15.4204719010203,26.6666666666667,16.1111111111111,17.7777777777778,4
"coffin",2010-07-01,2010,7,1,182,0.113177665,0,0.113177665,0.056588832,26,779860,20.56958333,19.83,20.97,20.64,0,0,15.3762371840089,21.1111111111111,5.55555555555556,10,5
"fichter",2010-07-01,2010,7,1,182,0.36782741,0.226355329,0.594182739,0.502225886,26,856552.5,21.04291667,20.63,21.29,21.045,0,0,15.3762371840089,21.1111111111111,5.55555555555556,10,5
"midge",2010-07-01,2010,7,1,182,1.485456847,0.43856345,1.924020297,1.853284257,26,615989.2,21.78458333,21.34,22.17,21.84,0,0,15.3762371840089,21.1111111111111,5.55555555555556,10,5
"newbury",2010-07-01,2010,7,1,182,3.246784251,1.379352787,4.626137038,4.449296937,26,701982,21.66,21.16,22.16,21.66,0,0,15.3762371840089,21.1111111111111,5.55555555555556,10,5
"coffin",2010-07-08,2010,7,8,189,2.107934002,0.381974618,2.48990862,2.376730955,27,1095652.7,26.44875,25.73,27.32,26.345,0,0,15.2777298361676,35,18.3333333333333,21.1111111111111,6
"fichter",2010-07-08,2010,7,8,189,0.346606598,0.106104061,0.452710658,-0.141472081,27,1282859.1,25.00583333,23.47,25.89,25.115,0,0,15.2777298361676,35,18.3333333333333,21.1111111111111,6
"midge",2010-07-08,2010,7,8,189,0.063662436,0,0.063662436,-1.860357861,27,581598.1,25.10625,24.03,26.46,24.635,0,0,15.2777298361676,35,18.3333333333333,21.1111111111111,6
"newbury",2010-07-08,2010,7,8,189,0.261723349,0.190987309,0.452710658,-4.17342638,27,790278.9,23.2125,21.99,24.02,23.51,0,0,15.2777298361676,35,18.3333333333333,21.1111111111111,6
"coffin",2010-07-15,2010,7,15,196,1.31569035,0.445637054,1.761327404,-0.728581215,28,656438.5,26.01791667,25.21,26.96,26.08,0,0,15.1292221963771,26.6666666666667,20,20.5555555555556,7
"fichter",2010-07-15,2010,7,15,196,0.431489846,0.219281725,0.650771571,0.198060913,28,183509.1,24.76666667,24.33,25.37,24.685,0,0,15.1292221963771,26.6666666666667,20,20.5555555555556,7
"midge",2010-07-15,2010,7,15,196,0.028294416,0.028294416,0.056588832,-0.007073604,28,124659.2,25.96666667,25.42,26.81,25.93,0,0,15.1292221963771,26.6666666666667,20,20.5555555555556,7
"newbury",2010-07-15,2010,7,15,196,0.940789336,0.657845175,1.598634512,1.145923853,28,254047.6,24.29625,23.85,24.89,24.28,0,0,15.1292221963771,26.6666666666667,20,20.5555555555556,7
"coffin",2010-07-22,2010,7,22,203,0.198060913,0.049515228,0.247576141,-1.513751263,29,95934,24.7,24.34,25.04,24.69,0,0,14.9365323602849,30,13.8888888888889,16.1111111111111,8
"fichter",2010-07-22,2010,7,22,203,0.657845175,0.381974618,1.039819793,0.389048222,29,88125,24.58708333,24.33,25.03,24.595,0,0,14.9365323602849,30,13.8888888888889,16.1111111111111,8
"midge",2010-07-22,2010,7,22,203,0.290017765,0.198060913,0.488078678,0.431489846,29,30560,25.61083333,25.24,25.93,25.59,0,0,14.9365323602849,30,13.8888888888889,16.1111111111111,8
"newbury",2010-07-22,2010,7,22,203,0.792243652,0.792243652,1.584487303,-0.014147208,29,51642,24.71,24.37,25.24,24.63,0,0,14.9365323602849,30,13.8888888888889,16.1111111111111,8
"coffin",2010-07-29,2010,7,29,210,0.049515228,0,0.049515228,-0.198060913,30,492191.3,23.38958333,22.97,23.83,23.31,0,0,14.706280766709,30.5555555555556,12.7777777777778,20.5555555555556,9
"fichter",2010-07-29,2010,7,29,210,0.275870557,0.148545685,0.424416242,-0.615403551,30,884157.6,24.1575,23.81,24.51,24.16,0,0,14.706280766709,30.5555555555556,12.7777777777778,20.5555555555556,9
"midge",2010-07-29,2010,7,29,210,0.106104061,0,0.106104061,-0.381974618,30,224413.7,24.28625,24.03,24.55,24.295,0,0,14.706280766709,30.5555555555556,12.7777777777778,20.5555555555556,9
"newbury",2010-07-29,2010,7,29,210,0.47393147,0.80639086,1.28032233,-0.304164973,30,608265.2,24.32083333,23.68,25.24,24.28,0,0,14.706280766709,30.5555555555556,12.7777777777778,20.5555555555556,9
"coffin",2010-08-05,2010,8,5,217,0.120251269,0.084883248,0.205134517,0.155619289,31,402626.1,23.5925,23.31,23.83,23.66,0,0,14.4451990975216,30.5555555555556,18.8888888888889,19.4444444444444,10
"fichter",2010-08-05,2010,8,5,217,5.715472059,5.503263938,11.218736,10.79431975,31,348311.1,24.04208333,23.64,24.68,23.98,0,0,14.4451990975216,30.5555555555556,18.8888888888889,19.4444444444444,10
"midge",2010-08-05,2010,8,5,217,8.742974585,7.002867993,15.74584258,15.63973852,31,290153.7,24.74833333,24.55,24.89,24.72,0,0,14.4451990975216,30.5555555555556,18.8888888888889,19.4444444444444,10
"newbury",2010-08-05,2010,8,5,217,0.275870557,0.028294416,0.304164973,-0.976157357,31,372196.1,24.11541667,23.33,24.54,24.19,0,0,14.4451990975216,30.5555555555556,18.8888888888889,19.4444444444444,10
"coffin",2010-08-12,2010,8,12,224,0.275870557,0.021220812,0.297091369,0.091956852,32,942686,24.34333333,24,24.87,24.34,0,0,14.1596035159914,27.2222222222222,13.8888888888889,14.4444444444444,11
"fichter",2010-08-12,2010,8,12,224,1.478383243,1.365205578,2.843588821,-8.375147175,32,501535.6,24.41166667,24.16,24.68,24.33,0,0,14.1596035159914,27.2222222222222,13.8888888888889,14.4444444444444,11
"midge",2010-08-12,2010,8,12,224,1.945241109,33.86134251,35.80658362,20.06074104,32,592028.2,23.71375,23.52,24.03,23.68,0,0,14.1596035159914,27.2222222222222,13.8888888888889,14.4444444444444,11
"newbury",2010-08-12,2010,8,12,224,1.301543142,0.827611672,2.129154814,1.824989841,32,674631.9,24.59416667,23.68,25.07,24.72,0,0,14.1596035159914,27.2222222222222,13.8888888888889,14.4444444444444,11
"coffin",2010-08-19,2010,8,19,231,0.042441624,0,0.042441624,-0.254649745,33,1434394.7,23.305,22.97,24,23.225,0,0,13.855071542357,27.2222222222222,11.6666666666667,14.4444444444444,12
"fichter",2010-08-19,2010,8,19,231,0.884200504,0.608329947,1.492530451,-1.35105837,33,1172367,23.53625,22.96,24.33,23.47,0,0,13.855071542357,27.2222222222222,11.6666666666667,14.4444444444444,12
"midge",2010-08-19,2010,8,19,231,42.087944,2.256479687,44.34442368,8.537840068,33,638819.9,24.2825,23.68,24.89,24.295,0,0,13.855071542357,27.2222222222222,11.6666666666667,14.4444444444444,12
"newbury",2010-08-19,2010,8,19,231,2.857736029,1.506677659,4.364413688,2.235258874,33,977109.7,24.16958333,23.33,25.24,24.195,0,0,13.855071542357,27.2222222222222,11.6666666666667,14.4444444444444,12
"coffin",2010-08-26,2010,8,26,238,0.36782741,0.007073604,0.374901014,0.33245939,34,1280201,21.06666667,20.81,21.47,20.97,0,0,13.5363065797802,18.8888888888889,14.4444444444444,15,13
"fichter",2010-08-26,2010,8,26,238,0.459784262,0.042441624,0.502225886,-0.990304565,34,661262.3,21.00666667,20.79,21.63,20.79,0,0,13.5363065797802,18.8888888888889,14.4444444444444,15,13
"midge",2010-08-26,2010,8,26,238,4.661505058,0.063662436,4.725167494,-39.61925619,34,404283.5,21.47041667,21.01,21.84,21.51,0,0,13.5363065797802,18.8888888888889,14.4444444444444,15,13
"newbury",2010-08-26,2010,8,26,238,3.211416231,0.056588832,3.268005063,-1.096408625,34,766178.7,21.29458333,20.67,22.16,21.33,0,0,13.5363065797802,18.8888888888889,14.4444444444444,15,13
"coffin",2010-09-02,2010,9,2,245,0.700286799,0,0.700286799,0.325385786,35,1718800.1,22.27333333,21.8,22.81,22.3,0,0,13.207146755705,33.3333333333333,15,15,14
"fichter",2010-09-02,2010,9,2,245,2.468687808,0,2.468687808,1.966461921,35,808126,23.47166667,22.79,24.16,23.47,0,0,13.207146755705,33.3333333333333,15,15,14
"midge",2010-09-02,2010,9,2,245,0.495152282,0,0.495152282,-4.230015212,35,342735.7,23.99625,23.34,24.72,23.86,0,0,13.207146755705,33.3333333333333,15,15,14
"newbury",2010-09-02,2010,9,2,245,24.46759635,0.007073604,24.47466995,21.20666489,35,888295.8,24.07541667,23.16,25.07,24.195,0,0,13.207146755705,33.3333333333333,15,15,14
"coffin",2010-09-09,2010,9,9,252,0,0,0,-0.700286799,36,302068.7,20.39958333,19.99,20.64,20.4,0,0,12.8706704313033,23.8888888888889,11.1111111111111,13.3333333333333,15
"fichter",2010-09-09,2010,9,9,252,0.381974618,0,0.381974618,-2.08671319,36,140039,20.625,20.31,20.96,20.63,0,0,12.8706704313033,23.8888888888889,11.1111111111111,13.3333333333333,15
"midge",2010-09-09,2010,9,9,252,0.40319543,0,0.40319543,-0.091956852,36,283705.5,21.13166667,20.68,21.51,21.17,0,0,12.8706704313033,23.8888888888889,11.1111111111111,13.3333333333333,15
"newbury",2010-09-09,2010,9,9,252,0.077809644,0,0.077809644,-24.39686031,36,243383.9,20.78166667,20.5,21.16,20.83,0,0,12.8706704313033,23.8888888888889,11.1111111111111,13.3333333333333,15
"coffin",2010-09-16,2010,9,16,259,0.014147208,0,0.014147208,0.014147208,37,792991.4,18.52708333,17.57,19.34,18.61,0,0,12.5293593282369,15.5555555555556,1.66666666666667,2.22222222222222,16
"fichter",2010-09-16,2010,9,16,259,0.042441624,0,0.042441624,-0.339532994,37,216613.8,18.36791667,17.88,19.02,18.37,0,0,12.5293593282369,15.5555555555556,1.66666666666667,2.22222222222222,16
"midge",2010-09-16,2010,9,16,259,0.148545685,0,0.148545685,-0.254649745,37,250993.5,18.55916667,18.09,19.22,18.49,0,0,12.5293593282369,15.5555555555556,1.66666666666667,2.22222222222222,16
"newbury",2010-09-16,2010,9,16,259,0.134398477,0,0.134398477,0.056588832,37,690927.5,18.09166667,17.59,18.88,18.07,0,0,12.5293593282369,15.5555555555556,1.66666666666667,2.22222222222222,16
"coffin",2010-09-22,2010,9,22,265,0.042441624,0,0.042441624,0.028294416,38,NA,17.69583,17.24,18.37,17.57,0,0,12.2345417483178,NA,0.555555555555556,9.44444444444444,17
"newbury",2010-09-22,2010,9,22,265,0.049515228,0,0.049515228,-0.084883248,38,491418,17.59667,17.11,18.07,17.59,0,0,12.2345417483178,NA,0.555555555555556,9.44444444444444,17
"fichter",2010-09-23,2010,9,23,266,0.077809644,0,0.077809644,0.03536802,38,NA,17.59542,17.24,18.04,17.56,0,0,12.1852930375104,25,7.77777777777778,8.33333333333333,17
"midge",2010-09-23,2010,9,23,266,0.049515228,0,0.049515228,-0.099030457,38,NA,18.02333,17.61,18.41,18.01,0,0,12.1852930375104,25,7.77777777777778,8.33333333333333,17
"coffin",2010-09-30,2010,9,30,273,0,0,0,-0.042441624,39,NA,17.70806,17.679,17.787,17.69325,0,1,11.8403604785873,23.8888888888889,12.7777777777778,13.8888888888889,18
"fichter",2010-09-30,2010,9,30,273,0,0,0,-0.077809644,39,NA,17.40768,17.3728,17.5024,17.3899,0,1,11.8403604785873,23.8888888888889,12.7777777777778,13.8888888888889,18
"midge",2010-09-30,2010,9,30,273,0.014147208,0,0.014147208,-0.03536802,39,NA,17.85537,17.8192,17.9536,17.83693,0,1,11.8403604785873,23.8888888888889,12.7777777777778,13.8888888888889,18
"newbury",2010-09-30,2010,9,30,273,0,0,0,-0.049515228,39,NA,17.386327,17.3479,17.4907,17.366742,0,1,11.8403604785873,23.8888888888889,12.7777777777778,13.8888888888889,18
"coffin",2010-10-07,2010,10,7,280,0.007073604,0,0.007073604,0.007073604,40,NA,15.99887,15.8355,16.104,16.01025,0,1,11.4964822771428,13.3333333333333,7.77777777777778,7.77777777777778,19
"fichter",2010-10-07,2010,10,7,280,0.007073604,0,0.007073604,0.007073604,40,NA,15.35665,15.1606,15.4828,15.3703,0,1,11.4964822771428,13.3333333333333,7.77777777777778,7.77777777777778,19
"midge",2010-10-07,2010,10,7,280,0.042441624,0,0.042441624,0.028294416,40,NA,15.72838,15.52507,15.8592,15.74253,0,1,11.4964822771428,13.3333333333333,7.77777777777778,7.77777777777778,19
"newbury",2010-10-07,2010,10,7,280,0,0,0,0,40,NA,15.126401,14.910383,15.2654,15.141442,0,1,11.4964822771428,13.3333333333333,7.77777777777778,7.77777777777778,19
"coffin",2011-05-26,2011,5,26,146,0,0,0,0,21,NA,14.18336,13.362667,15.06,14.26833,0,1,15.0216267474294,24.4444444444444,9.44444444444444,14.4444444444444,0
"fichter",2011-05-26,2011,5,26,146,0,0,0,0,21,NA,13.608311,12.709867,14.568,13.701333,0,1,15.0216267474294,24.4444444444444,9.44444444444444,14.4444444444444,0
"midge",2011-05-26,2011,5,26,146,0,0,0,0,21,NA,15.24841,14.50547,16.042,15.32533,0,1,15.0216267474294,24.4444444444444,9.44444444444444,14.4444444444444,0
"newbury",2011-05-26,2011,5,26,146,0,0,0,0,21,NA,14.14841,13.405467,14.942,14.22533,0,1,15.0216267474294,24.4444444444444,9.44444444444444,14.4444444444444,0
"coffin",2011-06-02,2011,6,2,153,0,0,0,0,22,NA,14.34958,12.39,15.35,14.56,0,0,15.1975795090023,30.5555555555556,14.4444444444444,16.6666666666667,1
"fichter",2011-06-02,2011,6,2,153,0,0,0,0,22,NA,15.17542,14.87,15.5,15.19,0,0,15.1975795090023,30.5555555555556,14.4444444444444,16.6666666666667,1
"midge",2011-06-02,2011,6,2,153,0.007073604,0,0.007073604,0.007073604,22,NA,16.51833,13.82,17.77,17.29,0,0,15.1975795090023,30.5555555555556,14.4444444444444,16.6666666666667,1
"newbury",2011-06-02,2011,6,2,153,0.007073604,0,0.007073604,0.007073604,22,NA,15.60042,15.37,15.84,15.53,0,0,15.1975795090023,30.5555555555556,14.4444444444444,16.6666666666667,1
"coffin",2011-06-10,2011,6,10,161,0,0,0,0,23,646559.1,19.54041667,18.38,20.32,19.84,0,0,15.3402199101239,30,16.6666666666667,18.3333333333333,2
"fichter",2011-06-10,2011,6,10,161,0,0,0,0,23,619358.2,20.0325,19.35,20.64,20.15,0,0,15.3402199101239,30,16.6666666666667,18.3333333333333,2
"midge",2011-06-10,2011,6,10,161,0,0,0,-0.007073604,23,261391.8,19.08375,17.13,22.34,18.74,0,0,15.3402199101239,30,16.6666666666667,18.3333333333333,2
"newbury",2011-06-10,2011,6,10,161,0.021220812,0.007073604,0.028294416,0.021220812,23,217334.5,21.30833333,19.86,22,21.67,0,0,15.3402199101239,30,16.6666666666667,18.3333333333333,2
"coffin",2011-06-16,2011,6,16,167,0,0,0,0,24,683790.8,18.10083333,17.73,18.54,18.05,0,0,15.4019878214512,26.1111111111111,7.77777777777778,10.5555555555556,3
"fichter",2011-06-16,2011,6,16,167,0,0,0,0,24,463883.6,18.34208333,17.09,19.83,18.37,0,0,15.4019878214512,26.1111111111111,7.77777777777778,10.5555555555556,3
"midge",2011-06-16,2011,6,16,167,0,0,0,0,24,449653.4,19.17833333,17.93,20.2,19.47,0,0,15.4019878214512,26.1111111111111,7.77777777777778,10.5555555555556,3
"newbury",2011-06-16,2011,6,16,167,0,0,0,-0.028294416,24,775134,18.45875,16.64,19.7,18.64,0,0,15.4019878214512,26.1111111111111,7.77777777777778,10.5555555555556,3
"coffin",2011-06-23,2011,6,23,174,0.014147208,0,0.014147208,0.014147208,25,62710.9,19.83166667,19.35,20.32,19.76,0,0,15.4222075369022,23.8888888888889,13.8888888888889,16.6666666666667,4
"fichter",2011-06-23,2011,6,23,174,0.028294416,0,0.028294416,0.028294416,25,93905.3,18.805,18.05,19.51,18.86,0,0,15.4222075369022,23.8888888888889,13.8888888888889,16.6666666666667,4
"midge",2011-06-23,2011,6,23,174,0.007073604,0,0.007073604,0.007073604,25,62237.4,19.38916667,18.74,19.71,19.47,0,0,15.4222075369022,23.8888888888889,13.8888888888889,16.6666666666667,4
"newbury",2011-06-23,2011,6,23,174,0.007073604,0,0.007073604,0.007073604,25,64583.7,15.60708333,14.58,16.96,15.69,0,0,15.4222075369022,23.8888888888889,13.8888888888889,16.6666666666667,4
"coffin",2011-06-30,2011,6,30,181,0,0,0,-0.014147208,26,548262.1,18.99333333,18.38,19.51,19.03,0,0,15.3859541078757,23.8888888888889,13.8888888888889,16.1111111111111,5
"fichter",2011-06-30,2011,6,30,181,0,0,0,-0.028294416,26,715609.6,20.09,19.67,20.47,20.15,0,0,15.3859541078757,23.8888888888889,13.8888888888889,16.1111111111111,5
"midge",2011-06-30,2011,6,30,181,0,0,0,-0.007073604,26,315653.1,21.35708333,21.01,21.68,21.425,0,0,15.3859541078757,23.8888888888889,13.8888888888889,16.1111111111111,5
"newbury",2011-06-30,2011,6,30,181,0,0,0,-0.007073604,26,503236.8,20.34333333,19.86,20.84,20.34,0,0,15.3859541078757,23.8888888888889,13.8888888888889,16.1111111111111,5
"coffin",2011-07-07,2011,7,7,188,0,0,0,0,27,819923.2,21.89458333,21.47,22.31,21.8,0,0,15.2949832918486,30.5555555555556,12.2222222222222,15,6
"fichter",2011-07-07,2011,7,7,188,0.042441624,0.028294416,0.07073604,0.07073604,27,994870,22.96541667,22.63,23.13,22.97,0,0,15.2949832918486,30.5555555555556,12.2222222222222,15,6
"midge",2011-07-07,2011,7,7,188,0,0,0,0,27,571146.3,23.8125,23.18,24.21,23.775,0,0,15.2949832918486,30.5555555555556,12.2222222222222,15,6
"newbury",2011-07-07,2011,7,7,188,0.120251269,0.014147208,0.134398477,0.134398477,27,503914.6,24.00666667,23.34,24.38,24.03,0,0,15.2949832918486,30.5555555555556,12.2222222222222,15,6
"coffin",2011-07-14,2011,7,14,195,0.028294416,0,0.028294416,0.028294416,28,1257048.1,23.14291667,22.64,23.66,23.15,0,0,15.1532904770771,26.6666666666667,10.5555555555556,11.6666666666667,7
"fichter",2011-07-14,2011,7,14,195,0.014147208,0,0.014147208,-0.056588832,28,569198.6,23.65375,23.3,23.99,23.65,0,0,15.1532904770771,26.6666666666667,10.5555555555556,11.6666666666667,7
"midge",2011-07-14,2011,7,14,195,0.198060913,0.014147208,0.212208121,0.212208121,28,461881.1,23.39458333,22.34,24.38,23.35,0,0,15.1532904770771,26.6666666666667,10.5555555555556,11.6666666666667,7
"newbury",2011-07-14,2011,7,14,195,0.325385786,0,0.325385786,0.190987309,28,982846.5,24.19458333,23.68,24.72,24.2,0,0,15.1532904770771,26.6666666666667,10.5555555555556,11.6666666666667,7
"coffin",2011-07-21,2011,7,21,202,0.07073604,0.007073604,0.077809644,0.049515228,29,792722.4,24.42958333,23.83,24.87,24.435,0,0,14.966517715589,31.1111111111111,12.7777777777778,19.4444444444444,8
"fichter",2011-07-21,2011,7,21,202,0.127324873,0.007073604,0.134398477,0.120251269,29,219466.4,25.38041667,24.86,25.9,25.38,0,0,14.966517715589,31.1111111111111,12.7777777777778,19.4444444444444,8
"midge",2011-07-21,2011,7,21,202,0.148545685,0.007073604,0.155619289,-0.056588832,29,414143.2,25.67291667,25.07,26.29,25.77,0,0,14.966517715589,31.1111111111111,12.7777777777778,19.4444444444444,8
"newbury",2011-07-21,2011,7,21,202,0.240502537,0.014147208,0.254649745,-0.07073604,29,593933.2,25.44791667,24.38,26.12,25.59,0,0,14.966517715589,31.1111111111111,12.7777777777778,19.4444444444444,8
"coffin",2011-07-28,2011,7,28,209,0.551741115,0.169766497,0.721507611,0.643697967,30,947465.5,24.56083333,23.32,25.39,24.7,0,0,14.7412159159071,24.4444444444444,11.6666666666667,12.2222222222222,9
"fichter",2011-07-28,2011,7,28,209,0.099030457,0,0.099030457,-0.03536802,30,142192.1,24.34541667,23.65,25.03,24.34,0,0,14.7412159159071,24.4444444444444,11.6666666666667,12.2222222222222,9
"midge",2011-07-28,2011,7,28,209,0.226355329,0,0.226355329,0.07073604,30,583783.3,24.88625,24.03,25.59,24.9,0,0,14.7412159159071,24.4444444444444,11.6666666666667,12.2222222222222,9
"newbury",2011-07-28,2011,7,28,209,0.905421316,0.169766497,1.075187813,0.820538068,30,695233.5,24.78875,24.03,25.59,24.635,0,0,14.7412159159071,24.4444444444444,11.6666666666667,12.2222222222222,9
"coffin",2011-08-04,2011,8,4,216,0.707360403,0.07073604,0.778096444,0.056588832,31,452613.8,24.40875,23.66,25.04,24.61,0,0,14.4841376975531,26.6666666666667,12.7777777777778,16.1111111111111,10
"fichter",2011-08-04,2011,8,4,216,0.870053296,0.099030457,0.969083753,0.870053296,31,86401.8,24.2075,23.65,24.68,24.25,0,0,14.4841376975531,26.6666666666667,12.7777777777778,16.1111111111111,10
"midge",2011-08-04,2011,8,4,216,0.834685276,0.007073604,0.84175888,0.615403551,31,385716.2,24.33875,24.03,24.73,24.38,0,0,14.4841376975531,26.6666666666667,12.7777777777778,16.1111111111111,10
"newbury",2011-08-04,2011,8,4,216,1.810842633,0.657845175,2.468687808,1.393499995,31,504754.4,24.07166667,23.51,24.72,24.03,0,0,14.4841376975531,26.6666666666667,12.7777777777778,16.1111111111111,10
"coffin",2011-08-11,2011,8,11,223,1.782548216,0.891274108,2.673822325,1.895725881,32,451763.6,23.79166667,22.98,24.87,23.745,0,0,14.2016831387095,25.5555555555556,12.7777777777778,13.3333333333333,11
"fichter",2011-08-11,2011,8,11,223,1.372279182,0.212208121,1.584487303,0.615403551,32,798653.3,23.06625,22.63,23.65,22.97,0,0,14.2016831387095,25.5555555555556,12.7777777777778,13.3333333333333,11
"midge",2011-08-11,2011,8,11,223,0.155619289,0.014147208,0.169766497,-0.671992383,32,354748,23.92625,23.35,24.21,24.03,0,0,14.2016831387095,25.5555555555556,12.7777777777778,13.3333333333333,11
"newbury",2011-08-11,2011,8,11,223,0.707360403,0.254649745,0.962010149,-1.506677659,32,646655.6,23.15,22.67,23.68,23.17,0,0,14.2016831387095,25.5555555555556,12.7777777777778,13.3333333333333,11
"coffin",2011-08-18,2011,8,18,230,0.523446698,0.077809644,0.601256343,-2.072565982,33,507736.1,22.23833333,21.31,22.98,22.31,0,0,13.8995475483776,26.1111111111111,10.5555555555556,11.1111111111111,12
"fichter",2011-08-18,2011,8,18,230,1.959388317,0.339532994,2.298921311,0.714434007,33,850288.5,22.905,21.97,23.47,22.97,0,0,13.8995475483776,26.1111111111111,10.5555555555556,11.1111111111111,12
"midge",2011-08-18,2011,8,18,230,3.232637043,0.870053296,4.102690339,3.932923842,33,214224.1,23.20375,22.34,23.86,23.35,0,0,13.8995475483776,26.1111111111111,10.5555555555556,11.1111111111111,12
"newbury",2011-08-18,2011,8,18,230,2.680895929,0.615403551,3.296299479,2.334289331,33,721981.5,22.48625,21.5,23.17,22.67,0,0,13.8995475483776,26.1111111111111,10.5555555555556,11.1111111111111,12
"coffin",2011-08-25,2011,8,25,237,0.990304565,0.113177665,1.103482229,0.502225886,34,335867.6,21.95708333,21.47,22.64,21.97,0,0,13.5825614934983,25,10,20,13
"fichter",2011-08-25,2011,8,25,237,1.082261417,0.049515228,1.131776645,-1.167144666,34,186464,21.77708333,21.46,22.13,21.8,0,0,13.5825614934983,25,10,20,13
"midge",2011-08-25,2011,8,25,237,2.334289331,0.049515228,2.383804559,-1.71888578,34,206452.7,22.48208333,22.18,22.84,22.425,0,0,13.5825614934983,25,10,20,13
"newbury",2011-08-25,2011,8,25,237,0.516373094,0.077809644,0.594182739,-2.702116741,34,309571.4,21.28416667,21.17,21.5,21.33,0,0,13.5825614934983,25,10,20,13
"coffin",2011-09-01,2011,9,1,244,2.214038062,0,2.214038062,1.110555833,35,593482.1,21.68125,21.14,22.31,21.64,0,0,13.2546820281156,25.5555555555556,11.1111111111111,12.7777777777778,14
"fichter",2011-09-01,2011,9,1,244,3.041649734,0,3.041649734,1.909873089,35,178875.6,21.60375,20.97,22.13,21.63,0,0,13.2546820281156,25.5555555555556,11.1111111111111,12.7777777777778,14
"midge",2011-09-01,2011,9,1,244,1.053967001,0,1.053967001,-1.329837558,35,146023.5,21.3575,21.18,21.68,21.34,0,0,13.2546820281156,25.5555555555556,11.1111111111111,12.7777777777778,14
"newbury",2011-09-01,2011,9,1,244,3.176048211,0.042441624,3.218489835,2.624307096,35,422711.6,20.83083333,20.34,22,20.84,0,0,13.2546820281156,25.5555555555556,11.1111111111111,12.7777777777778,14
"coffin",2011-09-08,2011,9,8,251,1.563266491,0,1.563266491,-0.650771571,36,385866.3,20.59666667,19.68,21.31,20.81,0,0,12.9190870630494,15,12.7777777777778,12.7777777777778,15
"fichter",2011-09-08,2011,9,8,251,0.481005074,0,0.481005074,-2.56064466,36,225913.6,20.19,19.99,20.31,20.15,0,0,12.9190870630494,15,12.7777777777778,12.7777777777778,15
"midge",2011-09-08,2011,9,8,251,0.459784262,0,0.459784262,-0.594182739,36,142600.3,21.07291667,20.68,21.34,21.01,0,0,12.9190870630494,15,12.7777777777778,12.7777777777778,15
"newbury",2011-09-08,2011,9,8,251,0.049515228,0,0.049515228,-3.168974607,36,NA,18.64458333,17.43,19.7,18.56,0,0,12.9190870630494,15,12.7777777777778,12.7777777777778,15
"coffin",2011-09-15,2011,9,15,258,0.028294416,0,0.028294416,-1.534972075,37,153321.5,20.1875,19.19,20.81,20.4,0,0,12.5783321725195,23.8888888888889,13.3333333333333,15,16
"fichter",2011-09-15,2011,9,15,258,0.063662436,0,0.063662436,-0.417342638,37,96864.6,20.07041667,19.35,20.64,20.23,0,0,12.5783321725195,23.8888888888889,13.3333333333333,15,16
"midge",2011-09-15,2011,9,15,258,0.056588832,0,0.056588832,-0.40319543,37,111525.6,20.69208333,19.87,21.18,20.76,0,0,12.5783321725195,23.8888888888889,13.3333333333333,15,16
"newbury",2011-09-15,2011,9,15,258,0.084883248,0,0.084883248,0.03536802,37,68577.2,20.18333333,19.21,20.67,20.34,0,0,12.5783321725195,23.8888888888889,13.3333333333333,15,16
"coffin",2011-09-22,2011,9,22,265,0.014147208,0,0.014147208,-0.014147208,38,NA,18.57417,17.73,19.03,18.54,0,0,12.2345417483178,23.8888888888889,8.33333333333333,16.1111111111111,17
"fichter",2011-09-22,2011,9,22,265,0,0,0,-0.063662436,38,NA,18.75875,17.89,19.51,18.7,0,0,12.2345417483178,23.8888888888889,8.33333333333333,16.1111111111111,17
"midge",2011-09-22,2011,9,22,265,0.014147208,0,0.014147208,-0.042441624,38,NA,18.93833,18.09,19.55,19.07,0,0,12.2345417483178,23.8888888888889,8.33333333333333,16.1111111111111,17
"newbury",2011-09-22,2011,9,22,265,0,0,0,-0.084883248,38,NA,18.85917,18.08,19.86,18.64,0,0,12.2345417483178,23.8888888888889,8.33333333333333,16.1111111111111,17
"coffin",2011-09-29,2011,9,29,272,0.042441624,0,0.042441624,0.028294416,39,NA,19.20253,19.1049,19.3746,19.1745,0,1,11.8896185585657,22.2222222222222,14.4444444444444,14.4444444444444,18
"fichter",2011-09-29,2011,9,29,272,0,0,0,0,39,NA,19.04693,18.9392,19.2368,19.016,0,1,11.8896185585657,22.2222222222222,14.4444444444444,14.4444444444444,18
"midge",2011-09-29,2011,9,29,272,0,0,0,-0.014147208,39,NA,19.419556,19.2905,19.647,19.3825,0,1,11.8896185585657,22.2222222222222,14.4444444444444,14.4444444444444,18
"newbury",2011-09-29,2011,9,29,272,0,0,0,0,39,NA,18.99373,18.9163,19.1302,18.9715,0,1,11.8896185585657,22.2222222222222,14.4444444444444,14.4444444444444,18
"coffin",2011-10-06,2011,10,6,279,0,0,0,-0.042441624,40,NA,16.60957,16.37745,16.9038,16.61018,0,1,11.5454647298166,14.4444444444444,0.555555555555556,0.555555555555556,19
"fichter",2011-10-06,2011,10,6,279,0.007073604,0,0.007073604,0.007073604,40,NA,16.18573,15.9296,16.5104,16.1864,0,1,11.5454647298166,14.4444444444444,0.555555555555556,0.555555555555556,19
"midge",2011-10-06,2011,10,6,279,0,0,0,0,40,NA,15.992076,15.68525,16.381,15.992875,0,1,11.5454647298166,14.4444444444444,0.555555555555556,0.555555555555556,19
"newbury",2011-10-06,2011,10,6,279,0.007073604,0,0.007073604,0.007073604,40,NA,16.93725,16.75315,17.1706,16.93773,0,1,11.5454647298166,14.4444444444444,0.555555555555556,0.555555555555556,19
"coffin",2012-05-24,2012,5,24,145,0,0,0,0,21,NA,18.87792,18.69,19.18,18.86,0,0,14.9929725977947,28.3333333333333,15.5555555555556,17.7777777777778,0
"fichter",2012-05-24,2012,5,24,145,0,0,0,0,21,NA,15.22292,14.24,15.66,15.34,0,0,14.9929725977947,28.3333333333333,15.5555555555556,17.7777777777778,0
"midge",2012-05-24,2012,5,24,145,0,0,0,0,21,NA,18.7475,18.57,19.06,18.73,0,0,14.9929725977947,28.3333333333333,15.5555555555556,17.7777777777778,0
"newbury",2012-05-24,2012,5,24,145,0,0,0,0,21,NA,12.95625,12.56,13.49,13.03,0,0,14.9929725977947,28.3333333333333,15.5555555555556,17.7777777777778,0
"coffin",2012-05-31,2012,5,31,152,0,0,0,0,22,1009971.5,18.43166667,17.57,19.02,18.45,0,0,15.1752129460143,26.1111111111111,12.7777777777778,13.3333333333333,1
"fichter",2012-05-31,2012,5,31,152,0.007073604,0,0.007073604,0.007073604,22,919016,18.18666667,17.72,18.37,18.21,0,0,15.1752129460143,26.1111111111111,12.7777777777778,13.3333333333333,1
"midge",2012-05-31,2012,5,31,152,0,0,0,0,22,426059.5,20.5275,20.03,21.01,20.51,0,0,15.1752129460143,26.1111111111111,12.7777777777778,13.3333333333333,1
"newbury",2012-05-31,2012,5,31,152,0.007073604,0,0.007073604,0.007073604,22,NA,18.24166667,17.27,19.04,18.475,0,0,15.1752129460143,26.1111111111111,12.7777777777778,13.3333333333333,1
"coffin",2012-06-07,2012,6,7,159,0,0,0,0,23,414487.7,16.80791667,16.45,17.41,16.61,0,0,15.3108207709274,19.4444444444444,10,10.5555555555556,2
"fichter",2012-06-07,2012,6,7,159,0,0,0,-0.007073604,23,455003.2,16.62166667,16.13,17.08,16.53,0,0,15.3108207709274,19.4444444444444,10,10.5555555555556,2
"midge",2012-06-07,2012,6,7,159,0.042441624,0.007073604,0.049515228,0.049515228,23,419299.5,17.32291667,16.81,17.93,17.125,0,0,15.3108207709274,19.4444444444444,10,10.5555555555556,2
"newbury",2012-06-07,2012,6,7,159,0,0,0,-0.007073604,23,NA,16.68625,15.84,17.43,16.79,0,0,15.3108207709274,19.4444444444444,10,10.5555555555556,2
"coffin",2012-06-14,2012,6,14,166,0.007073604,0,0.007073604,0.007073604,24,NA,19.06541667,18.21,20.48,19.26,0,0,15.3945022336577,24.4444444444444,9.44444444444444,11.1111111111111,3
"fichter",2012-06-14,2012,6,14,166,0.021220812,0,0.021220812,0.021220812,24,NA,18.18625,17.72,19.02,18.21,0,0,15.3945022336577,24.4444444444444,9.44444444444444,11.1111111111111,3
"midge",2012-06-14,2012,6,14,166,0.141472081,0,0.141472081,0.091956853,24,NA,19.99125,19.22,21.01,19.71,0,0,15.3945022336577,24.4444444444444,9.44444444444444,11.1111111111111,3
"newbury",2012-06-14,2012,6,14,166,0.03536802,0.007073604,0.042441624,0.042441624,24,NA,19.01041667,17.91,20.34,18.64,0,0,15.3945022336577,24.4444444444444,9.44444444444444,11.1111111111111,3
"coffin",2012-06-21,2012,6,21,173,0.014147208,0,0.014147208,0.007073604,25,NA,21.38375,20.97,22.13,21.3,0,0,15.4227863696666,33.8888888888889,18.8888888888889,21.1111111111111,4
"fichter",2012-06-21,2012,6,21,173,0.049515228,0,0.049515228,0.028294416,25,NA,21.36291667,20.63,22.63,21.295,0,0,15.4227863696666,33.8888888888889,18.8888888888889,21.1111111111111,4
"midge",2012-06-21,2012,6,21,173,0.502225886,0.007073604,0.50929949,0.36782741,25,NA,23.32166667,22.34,24.72,23.34,0,0,15.4227863696666,33.8888888888889,18.8888888888889,21.1111111111111,4
"newbury",2012-06-21,2012,6,21,173,0.014147208,0,0.014147208,-0.028294416,25,786135.4,22.63916667,21.99,23.33,22.66,0,0,15.4227863696666,33.8888888888889,18.8888888888889,21.1111111111111,4
"coffin",2012-06-28,2012,6,28,180,0,0,0,-0.014147208,26,NA,19.66708333,19.18,19.99,19.67,0,0,15.3945505467817,20,14.4444444444444,16.1111111111111,5
"fichter",2012-06-28,2012,6,28,180,0.07073604,0.007073604,0.077809644,0.028294416,26,NA,20.52916667,20.14,20.79,20.55,0,0,15.3945505467817,20,14.4444444444444,16.1111111111111,5
"midge",2012-06-28,2012,6,28,180,0.007073604,0,0.007073604,-0.502225886,26,NA,20.35291667,20.03,20.84,20.27,0,0,15.3945505467817,20,14.4444444444444,16.1111111111111,5
"newbury",2012-06-28,2012,6,28,180,0.099030457,0,0.099030457,0.084883248,26,948434.3,21.09458333,20.34,21.83,21.33,0,0,15.3945505467817,20,14.4444444444444,16.1111111111111,5
"coffin",2012-07-05,2012,7,5,187,0.014147208,0,0.014147208,0.014147208,27,NA,22.27291667,21.47,22.63,22.3,0,0,15.3111988292849,31.1111111111111,17.2222222222222,20,6
"fichter",2012-07-05,2012,7,5,187,0.106104061,0,0.106104061,0.028294416,27,NA,22.9175,22.79,23.13,22.96,0,0,15.3111988292849,31.1111111111111,17.2222222222222,20,6
"midge",2012-07-05,2012,7,5,187,0.282944161,0.021220812,0.304164973,0.297091369,27,NA,23.3575,23.01,23.86,23.34,0,0,15.3111988292849,31.1111111111111,17.2222222222222,20,6
"newbury",2012-07-05,2012,7,5,187,0.162692893,0.007073604,0.169766497,0.07073604,27,883785.3,23.67208333,23.33,24.02,23.68,0,0,15.3111988292849,31.1111111111111,17.2222222222222,20,6
"coffin",2012-07-12,2012,7,12,194,0.042441624,0,0.042441624,0.028294416,28,1238931.8,23.2425,22.81,23.66,23.31,0,0,15.1764372536955,31.1111111111111,10.5555555555556,15,7
"fichter",2012-07-12,2012,7,12,194,0.664918779,0.190987309,0.855906088,0.749802028,28,1235992.4,24.12208333,23.64,25.03,23.98,0,0,15.1764372536955,31.1111111111111,10.5555555555556,15,7
"midge",2012-07-12,2012,7,12,194,0.084883248,0.028294416,0.113177665,-0.190987309,28,673232.2,24.44958333,23.52,25.76,24.12,0,0,15.1764372536955,31.1111111111111,10.5555555555556,15,7
"newbury",2012-07-12,2012,7,12,194,0.530520303,0.120251269,0.650771571,0.481005074,28,1135371.5,24.38041667,22.99,25.59,24.365,0,0,15.1764372536955,31.1111111111111,10.5555555555556,15,7
"coffin",2012-07-19,2012,7,19,201,0.176840101,0.099030457,0.275870557,0.233428933,29,1372146.8,24.20916667,23.83,24.52,24.255,0,0,14.9957164645562,29.4444444444444,10.5555555555556,11.6666666666667,8
"fichter",2012-07-19,2012,7,19,201,0.813464464,0.198060913,1.011525377,0.155619289,29,1009820.6,24.60208333,24.33,24.86,24.68,0,0,14.9957164645562,29.4444444444444,10.5555555555556,11.6666666666667,8
"midge",2012-07-19,2012,7,19,201,0.226355329,0.056588832,0.282944161,0.169766497,29,640229.3,25.04625,24.72,25.59,25.07,0,0,14.9957164645562,29.4444444444444,10.5555555555556,11.6666666666667,8
"newbury",2012-07-19,2012,7,19,201,4.024880695,0.007073604,4.031954299,3.381182728,29,1080120,25.315,24.89,25.59,25.33,0,0,14.9957164645562,29.4444444444444,10.5555555555556,11.6666666666667,8
"coffin",2012-07-26,2012,7,26,208,0.141472081,0.007073604,0.148545685,-0.127324873,30,209822,23.30291667,22.97,23.48,23.31,0,0,14.7755032008992,25.5555555555556,15,16.1111111111111,9
"fichter",2012-07-26,2012,7,26,208,0.452710658,0.113177665,0.565888323,-0.445637054,30,246990.2,23.045,22.96,23.13,23.045,0,0,14.7755032008992,25.5555555555556,15,16.1111111111111,9
"midge",2012-07-26,2012,7,26,208,0.40319543,0.091956852,0.495152282,0.212208121,30,198379.8,23.78625,23.34,24.21,23.86,0,0,14.7755032008992,25.5555555555556,15,16.1111111111111,9
"newbury",2012-07-26,2012,7,26,208,0.898347712,0.183913705,1.082261417,-2.949692882,30,124785.9,23.18125,22.99,23.33,23.16,0,0,14.7755032008992,25.5555555555556,15,16.1111111111111,9
"coffin",2012-08-02,2012,8,2,215,0.134398477,0.021220812,0.155619289,0.007073604,31,1121722.8,23.80041667,23.48,24.17,23.83,0,0,14.5225596307717,30,16.6666666666667,18.8888888888889,10
"fichter",2012-08-02,2012,8,2,215,0.431489846,0.148545685,0.580035531,0.014147208,31,976194.6,23.81541667,23.13,24.86,23.725,0,0,14.5225596307717,30,16.6666666666667,18.8888888888889,10
"midge",2012-08-02,2012,8,2,215,0.587109135,0.091956852,0.679065987,0.183913705,31,476821.2,24.86166667,24.21,25.93,24.465,0,0,14.5225596307717,30,16.6666666666667,18.8888888888889,10
"newbury",2012-08-02,2012,8,2,215,0.162692893,0,0.162692893,-0.919568524,31,971103,24.06125,23.16,25.07,24.02,0,0,14.5225596307717,30,16.6666666666667,18.8888888888889,10
"coffin",2012-08-09,2012,8,9,222,0.077809644,0,0.077809644,-0.077809644,32,878952.4,24.88625,24,25.91,24.87,0,0,14.2433625819525,32.2222222222222,13.3333333333333,16.6666666666667,11
"fichter",2012-08-09,2012,8,9,222,0.587109135,0.247576141,0.834685276,0.254649745,32,626989.7,24.88541667,24.51,25.55,24.86,0,0,14.2433625819525,32.2222222222222,13.3333333333333,16.6666666666667,11
"midge",2012-08-09,2012,8,9,222,0.834685276,0.339532994,1.17421827,0.495152282,32,413540.5,25.45875,25.07,25.93,25.42,0,0,14.2433625819525,32.2222222222222,13.3333333333333,16.6666666666667,11
"newbury",2012-08-09,2012,8,9,222,0.410269034,0.056588832,0.466857866,0.304164973,32,245773.4,25.03833333,24.54,25.76,24.98,0,0,14.2433625819525,32.2222222222222,13.3333333333333,16.6666666666667,11
"coffin",2012-08-16,2012,8,16,229,0.056588832,0.007073604,0.063662436,-0.014147208,33,947906.6,24.48125,24.17,24.87,24.52,0,0,13.9437219614149,27.7777777777778,17.7777777777778,18.3333333333333,12
"fichter",2012-08-16,2012,8,16,229,0.155619289,0.021220812,0.176840101,-0.657845175,33,770968.6,24.4275,24.16,24.68,24.51,0,0,13.9437219614149,27.7777777777778,17.7777777777778,18.3333333333333,12
"midge",2012-08-16,2012,8,16,229,0.120251269,0.03536802,0.155619289,-1.018598981,33,300056.2,25.1775,24.89,25.76,25.07,0,0,13.9437219614149,27.7777777777778,17.7777777777778,18.3333333333333,12
"newbury",2012-08-16,2012,8,16,229,0.155619289,0.042441624,0.198060913,-0.268796953,33,242221.6,24.615,24.19,25.07,24.54,0,0,13.9437219614149,27.7777777777778,17.7777777777778,18.3333333333333,12
"coffin",2012-08-23,2012,8,23,236,0.042441624,0.007073604,0.049515228,-0.014147208,34,1297293.8,23.59958333,23.14,24,23.66,0,0,13.6285954040639,28.3333333333333,8.33333333333333,11.1111111111111,13
"fichter",2012-08-23,2012,8,23,236,0.254649745,0.091956852,0.346606598,0.169766497,34,896551.4,23.87791667,23.47,24.51,23.725,0,0,13.6285954040639,28.3333333333333,8.33333333333333,11.1111111111111,13
"midge",2012-08-23,2012,8,23,236,0.275870557,0,0.275870557,0.120251269,34,216506,24.39875,23.86,24.89,24.38,0,0,13.6285954040639,28.3333333333333,8.33333333333333,11.1111111111111,13
"newbury",2012-08-23,2012,8,23,236,0.615403551,0.063662436,0.679065987,0.481005074,34,186646.4,24.30541667,23.68,24.72,24.37,0,0,13.6285954040639,28.3333333333333,8.33333333333333,11.1111111111111,13
"coffin",2012-08-30,2012,8,30,243,0.03536802,0,0.03536802,-0.014147208,35,1412543.4,22.64208333,22.13,23.14,22.63,0,0,13.3020608852897,23.3333333333333,7.77777777777778,8.33333333333333,14
"fichter",2012-08-30,2012,8,30,243,0.268796953,0.007073604,0.275870557,-0.07073604,35,715824.6,22.70375,22.29,23.47,22.63,0,0,13.3020608852897,23.3333333333333,7.77777777777778,8.33333333333333,14
"midge",2012-08-30,2012,8,30,243,0.679065987,0,0.679065987,0.40319543,35,225504.4,23.50625,23.17,23.86,23.52,0,0,13.3020608852897,23.3333333333333,7.77777777777778,8.33333333333333,14
"newbury",2012-08-30,2012,8,30,243,0.318312182,0,0.318312182,-0.360753806,35,623481,22.9175,22.49,23.33,22.83,0,0,13.3020608852897,23.3333333333333,7.77777777777778,8.33333333333333,14
"coffin",2012-09-06,2012,9,6,250,0.084883248,0,0.084883248,0.049515228,36,706740.2,22.13291667,21.63,22.63,22.215,0,0,12.9673991122771,24.4444444444444,15.5555555555556,16.1111111111111,15
"fichter",2012-09-06,2012,9,6,250,0.898347712,0,0.898347712,0.622477155,36,750194.3,21.84833333,21.29,22.79,21.795,0,0,12.9673991122771,24.4444444444444,15.5555555555556,16.1111111111111,15
"midge",2012-09-06,2012,9,6,250,0.565888323,0,0.565888323,-0.113177665,36,233889.9,22.50583333,22.17,23.34,22.34,0,0,12.9673991122771,24.4444444444444,15.5555555555556,16.1111111111111,15
"newbury",2012-09-06,2012,9,6,250,0.155619289,0,0.155619289,-0.162692893,36,195494.7,21.72166667,21.49,22.33,21.745,0,0,12.9673991122771,24.4444444444444,15.5555555555556,16.1111111111111,15
"coffin",2012-09-13,2012,9,13,257,0.028294416,0,0.028294416,-0.056588832,37,917164.3,20.75333333,20.16,21.47,20.81,0,0,12.627243438708,27.7777777777778,4.44444444444444,7.22222222222222,16
"fichter",2012-09-13,2012,9,13,257,0.148545685,0,0.148545685,-0.749802028,37,1160904,20.82166667,19.98,22.13,20.63,0,0,12.627243438708,27.7777777777778,4.44444444444444,7.22222222222222,16
"midge",2012-09-13,2012,9,13,257,0.643697967,0,0.643697967,0.077809644,37,99200.6,21.37583333,20.68,22.34,21.09,0,0,12.627243438708,27.7777777777778,4.44444444444444,7.22222222222222,16
"newbury",2012-09-13,2012,9,13,257,0.424416242,0,0.424416242,0.268796953,37,NA,20.63833333,19.69,21.66,20.665,0,0,12.627243438708,27.7777777777778,4.44444444444444,7.22222222222222,16
"coffin",2012-09-20,2012,9,20,264,0.03536802,0,0.03536802,0.007073604,38,NA,18.89666667,18.37,19.51,18.94,0,0,12.2837673445562,18.8888888888889,2.77777777777778,3.33333333333333,17
"fichter",2012-09-20,2012,9,20,264,0.099030457,0,0.099030457,-0.049515228,38,1405945,18.69333333,18.37,19.18,18.53,0,0,12.2837673445562,18.8888888888889,2.77777777777778,3.33333333333333,17
"midge",2012-09-20,2012,9,20,264,0.325385786,0,0.325385786,-0.318312182,38,95023.9,19.2,18.9,19.38,19.22,0,0,12.2837673445562,18.8888888888889,2.77777777777778,3.33333333333333,17
"newbury",2012-09-20,2012,9,20,264,0.056588832,0,0.056588832,-0.36782741,38,NA,18.58291667,18.07,19.21,18.56,0,0,12.2837673445562,18.8888888888889,2.77777777777778,3.33333333333333,17
"coffin",2012-09-27,2012,9,27,271,0,0,0,-0.03536802,39,NA,17.80333,17.41,18.05,17.89,0,0,11.9388919591213,19.4444444444444,10.5555555555556,11.1111111111111,18
"fichter",2012-09-27,2012,9,27,271,0.063662436,0,0.063662436,-0.03536802,39,NA,17.68917,17.41,18.04,17.64,0,0,11.9388919591213,19.4444444444444,10.5555555555556,11.1111111111111,18
"midge",2012-09-27,2012,9,27,271,0.021220812,0,0.021220812,-0.304164973,39,NA,18.27667,18.09,18.41,18.25,0,0,11.9388919591213,19.4444444444444,10.5555555555556,11.1111111111111,18
"newbury",2012-09-27,2012,9,27,271,0.014147208,0,0.014147208,-0.042441624,39,NA,17.56333,17.27,18.23,17.59,0,0,11.9388919591213,19.4444444444444,10.5555555555556,11.1111111111111,18
"coffin",2012-10-05,2012,10,5,279,0.014147208,0,0.014147208,0.014147208,40,NA,16.324513,16.1502,16.5107,16.35105,0,1,11.5454647298166,17.2222222222222,12.2222222222222,12.2222222222222,19
"fichter",2012-10-05,2012,10,5,279,0.007073604,0,0.007073604,-0.056588832,40,NA,16.164328,15.9934,16.3469,16.19035,0,1,11.5454647298166,17.2222222222222,12.2222222222222,12.2222222222222,19
"midge",2012-10-05,2012,10,5,279,0.028294416,0,0.028294416,0.007073604,40,NA,16.899236,16.73,17.08,16.925,0,1,11.5454647298166,17.2222222222222,12.2222222222222,12.2222222222222,19
"newbury",2012-10-05,2012,10,5,279,0,0,0,-0.014147208,40,NA,15.844883,15.6638,16.0383,15.87245,0,1,11.5454647298166,17.2222222222222,12.2222222222222,12.2222222222222,19
"coffin",2013-05-23,2013,5,23,143,0,0,0,0,21,NA,13.67211,13.3018,13.8166,13.7275,0,1,14.9332189720827,21.1111111111111,11.6666666666667,12.2222222222222,0
"fichter",2013-05-23,2013,5,23,143,0,0,0,0,21,NA,13.165,12.56,13.79,13.255,0,0,14.9332189720827,21.1111111111111,11.6666666666667,12.2222222222222,0
"midge",2013-05-23,2013,5,23,143,0,0,0,0,21,NA,14.97667,14.67,15.31,14.99,0,0,14.9332189720827,21.1111111111111,11.6666666666667,12.2222222222222,0
"newbury",2013-05-23,2013,5,23,143,0,0,0,0,21,NA,12.74667,11.94,13.33,12.87,0,0,14.9332189720827,21.1111111111111,11.6666666666667,12.2222222222222,0
"coffin",2013-05-30,2013,5,30,150,0,0.007073604,0.007073604,0.007073604,22,NA,13.97792,13.48,14.41,13.94,0,0,15.1276370643759,18.3333333333333,9.44444444444444,13.8888888888889,1
"fichter",2013-05-30,2013,5,30,150,0,0,0,0,22,NA,13.12208333,12.56,13.64,13.18,0,0,15.1276370643759,18.3333333333333,9.44444444444444,13.8888888888889,1
"midge",2013-05-30,2013,5,30,150,0,0,0,0,22,473237.5,14.35416667,13.43,15.31,14.285,0,0,15.1276370643759,18.3333333333333,9.44444444444444,13.8888888888889,1
"newbury",2013-05-30,2013,5,30,150,0,0,0,0,22,258019.1,13.46208333,12.09,15.04,13.795,0,0,15.1276370643759,18.3333333333333,9.44444444444444,13.8888888888889,1
"coffin",2013-06-06,2013,6,6,157,0,0,0,-0.007073604,23,94050,17.7325,17.09,18.38,17.74,0,0,15.2771711961011,23.3333333333333,8.33333333333333,10.5555555555556,2
"fichter",2013-06-06,2013,6,6,157,0,0,0,0,23,NA,17.44333333,17.11,17.91,17.43,0,0,15.2771711961011,23.3333333333333,8.33333333333333,10.5555555555556,2
"midge",2013-06-06,2013,6,6,157,0,0,0,0,23,655051.4,17.49666667,17.05,17.85,17.53,0,0,15.2771711961011,23.3333333333333,8.33333333333333,10.5555555555556,2
"newbury",2013-06-06,2013,6,6,157,0,0,0,0,23,38094,17.09708333,16.16,18.23,17.03,0,0,15.2771711961011,23.3333333333333,8.33333333333333,10.5555555555556,2
"coffin",2013-06-13,2013,6,13,164,0,0,0,0,24,NA,16.26375,15.83,16.62,16.225,0,0,15.3761348753234,18.8888888888889,8.33333333333333,9.44444444444444,3
"fichter",2013-06-13,2013,6,13,164,0,0,0,0,24,NA,15.29666667,15.05,15.53,15.37,0,0,15.3761348753234,18.8888888888889,8.33333333333333,9.44444444444444,3
"midge",2013-06-13,2013,6,13,164,0.014147208,0.007073604,0.021220812,0.021220812,24,282694.4,16.22666667,16.1,16.42,16.26,0,0,15.3761348753234,18.8888888888889,8.33333333333333,9.44444444444444,3
"newbury",2013-06-13,2013,6,13,164,0.007073604,0,0.007073604,0.007073604,24,103943.4,15.23541667,14.89,15.52,15.285,0,0,15.3761348753234,18.8888888888889,8.33333333333333,9.44444444444444,3
"coffin",2013-06-20,2013,6,20,171,0,0,0,0,25,1031994.1,17.43833333,16.78,18.06,17.5,0,0,15.4204708317832,22.2222222222222,6.11111111111111,6.66666666666667,4
"fichter",2013-06-20,2013,6,20,171,0.007073604,0.007073604,0.014147208,0.014147208,25,524151.1,17.63833333,16.95,19.2,17.59,0,0,15.4204708317832,22.2222222222222,6.11111111111111,6.66666666666667,4
"midge",2013-06-20,2013,6,20,171,0.021220812,0,0.021220812,0,25,386684.8,18.32333333,17.37,19.47,18.01,0,0,15.4204708317832,22.2222222222222,6.11111111111111,6.66666666666667,4
"newbury",2013-06-20,2013,6,20,171,0.014147208,0,0.014147208,0.007073604,25,981791.7,18.5925,17.43,19.86,18.475,0,0,15.4204708317832,22.2222222222222,6.11111111111111,6.66666666666667,4
"coffin",2013-06-27,2013,6,27,178,0,0,0,0,26,746404.9,21.76833333,21.31,22.31,21.725,0,0,15.4083499872704,24.4444444444444,16.6666666666667,17.2222222222222,5
"fichter",2013-06-27,2013,6,27,178,0,0,0,-0.014147208,26,210639.8,21.7825,20.66,22.32,21.82,0,0,15.4083499872704,24.4444444444444,16.6666666666667,17.2222222222222,5
"midge",2013-06-27,2013,6,27,178,0.021220812,0,0.021220812,0,26,311659.7,22.16333333,21.59,22.43,22.175,0,0,15.4083499872704,24.4444444444444,16.6666666666667,17.2222222222222,5
"newbury",2013-06-27,2013,6,27,178,0,0,0,-0.014147208,26,206345,19.79666667,17.59,22.66,19.53,0,0,15.4083499872704,24.4444444444444,16.6666666666667,17.2222222222222,5
"coffin",2013-07-03,2013,7,3,184,0.007073604,0,0.007073604,0.007073604,27,965419.6,22.36708333,21.98,22.98,22.31,0,0,15.3534795919349,29.4444444444444,17.2222222222222,18.3333333333333,6
"fichter",2013-07-03,2013,7,3,184,0.021220812,0,0.021220812,0.021220812,27,269949.3,21.52333333,19.52,23.15,21.48,0,0,15.3534795919349,29.4444444444444,17.2222222222222,18.3333333333333,6
"midge",2013-07-03,2013,7,3,184,0.063662436,0,0.063662436,0.042441624,27,319786.5,22.93625,22.09,24.13,22.43,0,0,15.3534795919349,29.4444444444444,17.2222222222222,18.3333333333333,6
"newbury",2013-07-03,2013,7,3,184,0.007073604,0,0.007073604,0.007073604,27,429202.2,20.57958333,17.59,22.66,21.495,0,0,15.3534795919349,29.4444444444444,17.2222222222222,18.3333333333333,6
"coffin",2013-07-11,2013,7,11,192,0,0,0,-0.007073604,28,679560.8,24.47041667,24.18,24.69,24.52,0,0,15.2198942040957,28.3333333333333,17.2222222222222,20.5555555555556,7
"fichter",2013-07-11,2013,7,11,192,0,0,0,-0.021220812,28,443420.7,23.05541667,22.32,23.66,23.15,0,0,15.2198942040957,28.3333333333333,17.2222222222222,20.5555555555556,7
"midge",2013-07-11,2013,7,11,192,0.07073604,0,0.07073604,0.007073604,28,291627.6,25.04333333,24.82,25.52,24.99,0,0,15.2198942040957,28.3333333333333,17.2222222222222,20.5555555555556,7
"newbury",2013-07-11,2013,7,11,192,0.028294416,0.007073604,0.03536802,0.028294416,28,473409.9,22.98666667,21.66,23.68,23.075,0,0,15.2198942040957,28.3333333333333,17.2222222222222,20.5555555555556,7
"coffin",2013-07-18,2013,7,18,199,0.007073604,0,0.007073604,0.007073604,29,1222236.7,25.73666667,25.22,25.92,25.92,0,0,15.0516749722145,35,19.4444444444444,22.7777777777778,8
"fichter",2013-07-18,2013,7,18,199,0.03536802,0,0.03536802,0.03536802,29,584063.4,26.45083333,26.09,27.33,26.355,0,0,15.0516749722145,35,19.4444444444444,22.7777777777778,8
"midge",2013-07-18,2013,7,18,199,0.077809644,0,0.077809644,0.007073604,29,302219.6,27.07333333,26.22,27.63,27.005,0,0,15.0516749722145,35,19.4444444444444,22.7777777777778,8
"newbury",2013-07-18,2013,7,18,199,0.028294416,0,0.028294416,-0.007073604,29,875443.3,27.30833333,26.64,28.07,27.26,0,0,15.0516749722145,35,19.4444444444444,22.7777777777778,8
"coffin",2013-07-25,2013,7,25,206,0.226355329,0.042441624,0.268796953,0.261723349,30,800193.3,23.99,23.49,24.69,24,0,0,14.8420557269521,25.5555555555556,8.33333333333333,10,9
"fichter",2013-07-25,2013,7,25,206,0.353680202,0.134398477,0.488078678,0.452710658,30,343682.2,23.63416667,23.32,24.18,23.66,0,0,14.8420557269521,25.5555555555556,8.33333333333333,10,9
"midge",2013-07-25,2013,7,25,206,0.304164973,0.056588832,0.360753806,0.282944161,30,286342.5,23.54625,23.27,23.78,23.61,0,0,14.8420557269521,25.5555555555556,8.33333333333333,10,9
"newbury",2013-07-25,2013,7,25,206,1.181291874,0.657845175,1.839137049,1.810842633,30,349602.4,23.5275,23.16,23.85,23.51,0,0,14.8420557269521,25.5555555555556,8.33333333333333,10,9
"coffin",2013-08-01,2013,8,1,213,0.077809644,0,0.077809644,-0.190987309,31,431882.8,23.675,22.98,24.18,23.66,0,0,14.5977813540427,27.7777777777778,12.7777777777778,13.3333333333333,10
"fichter",2013-08-01,2013,8,1,213,0.346606598,0.099030457,0.445637054,-0.042441624,31,96488.3,23.5625,23.15,24.01,23.575,0,0,14.5977813540427,27.7777777777778,12.7777777777778,13.3333333333333,10
"midge",2013-08-01,2013,8,1,213,0.141472081,0.396121826,0.537593907,0.176840101,31,283845.5,23.96625,23.78,24.3,23.95,0,0,14.5977813540427,27.7777777777778,12.7777777777778,13.3333333333333,10
"newbury",2013-08-01,2013,8,1,213,0.325385786,0.07073604,0.396121826,-1.443015223,31,557100,23.49291667,22.83,24.19,23.68,0,0,14.5977813540427,27.7777777777778,12.7777777777778,13.3333333333333,10
"coffin",2013-08-08,2013,8,8,220,0.03536802,0,0.03536802,-0.042441624,32,432323.8,22.32375,21.98,22.81,22.31,0,0,14.3254582393278,27.2222222222222,12.7777777777778,19.4444444444444,11
"fichter",2013-08-08,2013,8,8,220,0.410269034,0.141472081,0.551741115,0.106104061,32,515540.1,22.28166667,21.82,22.82,22.235,0,0,14.3254582393278,27.2222222222222,12.7777777777778,19.4444444444444,11
"midge",2013-08-08,2013,8,8,220,0.346606598,0.084883248,0.431489846,-0.106104061,32,217044.4,22.61375,22.09,23.09,22.51,0,0,14.3254582393278,27.2222222222222,12.7777777777778,19.4444444444444,11
"newbury",2013-08-08,2013,8,8,220,0.077809644,0.014147208,0.091956852,-0.304164974,32,478382.6,21.66,21.49,21.83,21.66,0,0,14.3254582393278,27.2222222222222,12.7777777777778,19.4444444444444,11
"coffin",2013-08-15,2013,8,15,227,0.042441624,0,0.042441624,0.007073604,33,947486.5,20.95333333,20.49,21.31,20.98,0,0,14.0311138065254,21.6666666666667,7.22222222222222,8.33333333333333,12
"fichter",2013-08-15,2013,8,15,227,0.940789336,0.056588832,0.997378169,0.445637054,33,625666.5,21.0775,20.66,21.48,21.07,0,0,14.0311138065254,21.6666666666667,7.22222222222222,8.33333333333333,12
"midge",2013-08-15,2013,8,15,227,0.466857866,0.077809644,0.544667511,0.113177665,33,192577.8,21.55166667,21.26,21.76,21.59,0,0,14.0311138065254,21.6666666666667,7.22222222222222,8.33333333333333,12
"newbury",2013-08-15,2013,8,15,227,2.397951767,0.176840101,2.574791868,2.482835016,33,730356.3,21.30666667,20.83,21.83,21.33,0,0,14.0311138065254,21.6666666666667,7.22222222222222,8.33333333333333,12
"coffin",2013-08-22,2013,8,22,234,0.028294416,0,0.028294416,-0.014147208,34,896541.4,21.82375,21.64,22.14,21.81,0,0,13.719958000401,29.4444444444444,13.3333333333333,13.8888888888889,13
"fichter",2013-08-22,2013,8,22,234,2.355510143,0.176840101,2.532350244,1.534972075,34,619950.2,22.99166667,22.48,23.66,22.98,0,0,13.719958000401,29.4444444444444,13.3333333333333,13.8888888888889,13
"midge",2013-08-22,2013,8,22,234,2.397951767,0.50929949,2.907251258,2.362583747,34,200274.6,23.375,22.76,24.13,23.27,0,0,13.719958000401,29.4444444444444,13.3333333333333,13.8888888888889,13
"newbury",2013-08-22,2013,8,22,234,7.922436517,0.381974618,8.304411135,5.729619267,34,NA,23.66416667,22.83,24.54,23.595,0,0,13.719958000401,29.4444444444444,13.3333333333333,13.8888888888889,13
"coffin",2013-08-29,2013,8,29,241,1.294469538,0.056588832,1.35105837,1.322763954,35,375522.1,22.84541667,22.31,23.49,22.81,0,0,13.3963156387955,28.8888888888889,16.6666666666667,17.7777777777778,14
"fichter",2013-08-29,2013,8,29,241,0.997378169,0.190987309,1.188365478,-1.343984766,35,170888.4,22.65041667,22.15,23.32,22.65,0,0,13.3963156387955,28.8888888888889,16.6666666666667,17.7777777777778,14
"midge",2013-08-29,2013,8,29,241,1.343984766,0.240502537,1.584487303,-1.322763954,35,198121.3,22.35125,22.09,22.76,22.345,0,0,13.3963156387955,28.8888888888889,16.6666666666667,17.7777777777778,14
"newbury",2013-08-29,2013,8,29,241,0.148545685,0.063662436,0.212208121,-8.092203014,35,211963.6,22.06958333,21.66,22.99,21.99,0,0,13.3963156387955,28.8888888888889,16.6666666666667,17.7777777777778,14
"coffin",2013-09-05,2013,9,5,248,0.297091369,0.014147208,0.311238578,-1.039819793,36,1169321.7,22.02458333,21.64,22.31,22.06,0,0,13.0636821996845,24.4444444444444,13.8888888888889,14.4444444444444,15
"fichter",2013-09-05,2013,9,5,248,1.358131974,0.07073604,1.428868015,0.240502537,36,695029.5,21.72041667,21.32,21.98,21.82,0,0,13.0636821996845,24.4444444444444,13.8888888888889,14.4444444444444,15
"midge",2013-09-05,2013,9,5,248,4.166352776,0.042441624,4.2087944,2.624307096,36,122493.9,22.39291667,21.93,22.59,22.43,0,0,13.0636821996845,24.4444444444444,13.8888888888889,14.4444444444444,15
"newbury",2013-09-05,2013,9,5,248,2.313068519,0.014147208,2.327215727,2.115007606,36,NA,21.83375,21.33,22.16,21.83,0,0,13.0636821996845,24.4444444444444,13.8888888888889,14.4444444444444,15
"coffin",2013-09-11,2013,9,11,254,0.014147208,0,0.014147208,-0.297091369,37,902687.2,19.91833333,19.68,20.17,19.925,0,0,12.7735495995141,22.2222222222222,10.5555555555556,16.6666666666667,16
"fichter",2013-09-11,2013,9,11,254,6.47234769,0.169766497,6.642114187,5.213246172,37,714134.9,20.3475,19.52,21.48,20.25,0,0,12.7735495995141,22.2222222222222,10.5555555555556,16.6666666666667,16
"midge",2013-09-11,2013,9,11,254,9.252274075,0.190987309,9.443261384,5.234466985,37,105659.2,20.75625,19.95,21.93,20.35,0,0,12.7735495995141,22.2222222222222,10.5555555555556,16.6666666666667,16
"newbury",2013-09-11,2013,9,11,254,6.097446677,0.07073604,6.168182717,3.84096699,37,NA,21.06541667,20.02,22.49,21.075,0,0,12.7735495995141,22.2222222222222,10.5555555555556,16.6666666666667,16
"coffin",2013-09-18,2013,9,18,261,0.077809644,0,0.077809644,0.063662436,38,NA,18.52417,18.06,18.87,18.54,0,0,12.4312515040551,16.6666666666667,0,2.22222222222222,17
"fichter",2013-09-18,2013,9,18,261,0.91249492,0,0.91249492,-5.729619267,38,NA,18.15042,17.91,18.56,18.15,0,0,12.4312515040551,16.6666666666667,0,2.22222222222222,17
"midge",2013-09-18,2013,9,18,261,81.36766719,0.268796953,81.63646415,72.19320276,38,60881.3,18.64208333,18.17,19.31,18.49,0,0,12.4312515040551,16.6666666666667,0,2.22222222222222,17
"newbury",2013-09-18,2013,9,18,261,11.13385275,0.007073604,11.14092635,4.972743635,38,NA,18.24,17.75,18.72,18.23,0,0,12.4312515040551,16.6666666666667,0,2.22222222222222,17
"coffin",2013-09-25,2013,9,25,268,0.063662436,0,0.063662436,-0.014147208,39,NA,16.93678,16.79603,17.0612,16.9494,0,1,12.0867478240245,16.6666666666667,5.55555555555556,6.66666666666667,18
"fichter",2013-09-25,2013,9,25,268,0.431489846,0,0.431489846,-0.481005074,39,NA,15.810172,15.59905,15.9968,15.8291,0,1,12.0867478240245,16.6666666666667,5.55555555555556,6.66666666666667,18
"midge",2013-09-25,2013,9,25,268,0.459784262,0,0.459784262,-81.17667988,39,NA,17.07667,16.89,17.37,17.05,0,0,12.0867478240245,16.6666666666667,5.55555555555556,6.66666666666667,18
"newbury",2013-09-25,2013,9,25,268,0.346606598,0.007073604,0.353680202,-10.78724615,39,NA,16.05691,15.8507,16.2392,16.0754,0,1,12.0867478240245,16.6666666666667,5.55555555555556,6.66666666666667,18
"coffin",2013-10-02,2013,10,2,275,0.03536802,0.014147208,0.049515228,-0.014147208,40,NA,17.26443,17.087,17.48833,17.24467,0,1,11.741913430484,23.3333333333333,5,7.22222222222222,19
"fichter",2013-10-02,2013,10,2,275,0.247576141,0,0.247576141,-0.183913705,40,NA,16.301652,16.0355,16.6375,16.272,0,1,11.741913430484,23.3333333333333,5,7.22222222222222,19
"midge",2013-10-02,2013,10,2,275,0.226355329,0.007073604,0.233428933,-0.226355329,40,NA,17.26384,17.008,17.58667,17.23533,0,1,11.741913430484,23.3333333333333,5,7.22222222222222,19
"newbury",2013-10-02,2013,10,2,275,0.679065987,0,0.679065987,0.325385786,40,NA,16.53696,16.277,16.865,16.508,0,1,11.741913430484,23.3333333333333,5,7.22222222222222,19
"coffin",2014-05-29,2014,5,29,149,0,0,0,-0.028294416,22,NA,NA,NA,NA,NA,0,0,15.1024637991715,11.6666666666667,4.44444444444444,5,1
"fichter",2014-05-29,2014,5,29,149,0,0,0,-0.056588832,22,NA,NA,NA,NA,NA,0,0,15.1024637991715,11.6666666666667,4.44444444444444,5,1
"midge",2014-05-29,2014,5,29,149,0,0,0,-0.028294416,22,NA,15.73167,13.89,16.42,15.78,0,0,15.1024637991715,11.6666666666667,4.44444444444444,5,1
"newbury",2014-05-29,2014,5,29,149,0,0,0,-0.028294416,22,NA,NA,NA,NA,NA,0,0,15.1024637991715,11.6666666666667,4.44444444444444,5,1
"coffin",2014-06-05,2014,6,5,156,0,0.014147208,0.014147208,0.014147208,23,NA,16.79083,15.04,18.06,16.94,0,0,15.2587870311804,29.4444444444444,10,13.3333333333333,2
"fichter",2014-06-05,2014,6,5,156,0,0.007073604,0.007073604,0.007073604,23,NA,15.86167,15.53,16.16,16,0,0,15.2587870311804,29.4444444444444,10,13.3333333333333,2
"midge",2014-06-05,2014,6,5,156,0.007073604,0,0.007073604,0.007073604,23,49180.8,17.39166667,16.58,18.01,17.69,0,0,15.2587870311804,29.4444444444444,10,13.3333333333333,2
"newbury",2014-06-05,2014,6,5,156,0,0,0,0,23,NA,15.38042,14.42,16.16,15.285,0,0,15.2587870311804,29.4444444444444,10,13.3333333333333,2
"coffin",2014-06-12,2014,6,12,163,0.014147208,0.007073604,0.021220812,0.007073604,24,135217,18.70583333,18.22,19.03,18.71,0,0,15.3652690199832,20,11.1111111111111,12.2222222222222,3
"fichter",2014-06-12,2014,6,12,163,0.014147208,0.014147208,0.028294416,0.021220812,24,156475.5,17.85,17.27,18.39,17.91,0,0,15.3652690199832,20,11.1111111111111,12.2222222222222,3
"midge",2014-06-12,2014,6,12,163,0,0,0,-0.007073604,24,114453.2,18.35833333,18.01,18.82,18.33,0,0,15.3652690199832,20,11.1111111111111,12.2222222222222,3
"newbury",2014-06-12,2014,6,12,163,0,0.014147208,0.014147208,0.014147208,24,139156.8,15.99666667,14.73,16.79,16.075,0,0,15.3652690199832,20,11.1111111111111,12.2222222222222,3
"coffin",2014-06-19,2014,6,19,170,0,0,0,-0.021220812,25,1240115.5,18.40208333,17.9,19.03,18.38,0,0,15.4175777673269,25.5555555555556,15,16.1111111111111,4
"fichter",2014-06-19,2014,6,19,170,0.113177665,0.091956852,0.205134517,0.176840101,25,1288908.8,19.04666667,18.72,19.52,19.04,0,0,15.4175777673269,25.5555555555556,15,16.1111111111111,4
"midge",2014-06-19,2014,6,19,170,0.07073604,0.063662436,0.134398477,0.134398477,25,280487.1,19.96458333,19.47,20.6,19.95,0,0,15.4175777673269,25.5555555555556,15,16.1111111111111,4
"newbury",2014-06-19,2014,6,19,170,0.190987309,0.169766497,0.360753806,0.346606598,25,1262257.4,19.5925,19.04,20.18,19.69,0,0,15.4175777673269,25.5555555555556,15,16.1111111111111,4
"coffin",2014-06-26,2014,6,26,177,0.120251269,0.091956852,0.212208121,0.212208121,26,617442.4,19.95125,19.19,20.33,19.925,0,0,15.4135394783367,26.6666666666667,18.8888888888889,19.4444444444444,5
"fichter",2014-06-26,2014,6,26,177,0.03536802,0.03536802,0.07073604,-0.134398477,26,509253.3,19.68916667,19.52,19.85,19.68,0,0,15.4135394783367,26.6666666666667,18.8888888888889,19.4444444444444,5
"midge",2014-06-26,2014,6,26,177,0.091956852,0.134398477,0.226355329,0.091956853,26,398901.1,20.39083333,19.63,21.09,20.515,0,0,15.4135394783367,26.6666666666667,18.8888888888889,19.4444444444444,5
"newbury",2014-06-26,2014,6,26,177,0.084883248,0.077809644,0.162692893,-0.198060913,26,NA,18.02041667,16.95,19.21,17.91,0,0,15.4135394783367,26.6666666666667,18.8888888888889,19.4444444444444,5
"coffin",2014-07-02,2014,7,2,183,0.049515228,0.014147208,0.063662436,-0.148545685,27,984719.3,22.69375,22.14,23.83,22.48,0,0,15.365408971586,31.6666666666667,17.7777777777778,22.7777777777778,6
"fichter",2014-07-02,2014,7,2,183,0.127324873,0.056588832,0.183913705,0.113177665,27,553364.2,22.62,21.15,24.36,22.48,0,0,15.365408971586,31.6666666666667,17.7777777777778,22.7777777777778,6
"midge",2014-07-02,2014,7,2,183,0.671992383,0.650771571,1.322763954,1.096408625,27,509458.4,24.75458333,23.44,25.52,24.82,0,0,15.365408971586,31.6666666666667,17.7777777777778,22.7777777777778,6
"newbury",2014-07-02,2014,7,2,183,0.021220812,0.021220812,0.042441624,-0.120251269,27,NA,21.83708333,19.53,23.33,22.91,0,0,15.365408971586,31.6666666666667,17.7777777777778,22.7777777777778,6
"coffin",2014-07-09,2014,7,9,190,0.049515228,0.049515228,0.099030457,0.03536802,28,1028969.8,21.91458333,21.48,22.48,21.81,0,0,15.2594533653071,30,17.2222222222222,20,7
"fichter",2014-07-09,2014,7,9,190,0.360753806,0.162692893,0.523446698,0.339532994,28,746319.3,22.32333333,21.82,22.65,22.48,0,0,15.2594533653071,30,17.2222222222222,20,7
"midge",2014-07-09,2014,7,9,190,3.027502526,0.700286799,3.727789325,2.405025371,28,587744.3,23.25375,22.93,23.61,23.27,0,0,15.2594533653071,30,17.2222222222222,20,7
"newbury",2014-07-09,2014,7,9,190,0.084883248,0.042441624,0.127324873,0.084883248,28,NA,20.8875,19.37,22.33,20.995,0,0,15.2594533653071,30,17.2222222222222,20,7
"coffin",2014-07-17,2014,7,17,198,0.183913705,0.077809644,0.261723349,0.162692893,29,1231913.9,23.33916667,22.98,23.66,23.32,0,0,15.0783954680112,25.5555555555556,12.2222222222222,12.7777777777778,8
"fichter",2014-07-17,2014,7,17,198,0.099030457,0.007073604,0.106104061,-0.417342638,29,1173637.7,22.99791667,22.65,23.32,23.065,0,0,15.0783954680112,25.5555555555556,12.2222222222222,12.7777777777778,8
"midge",2014-07-17,2014,7,17,198,0.742728424,0.190987309,0.933715732,-2.794073593,29,634094.1,24.26125,23.78,24.64,24.3,0,0,15.0783954680112,25.5555555555556,12.2222222222222,12.7777777777778,8
"coffin",2014-07-23,2014,7,23,204,0.275870557,0.028294416,0.304164973,0.042441624,30,1106255,23.75291667,23.14,24.18,23.83,0,0,14.9057802922791,31.1111111111111,16.1111111111111,20,9
"fichter",2014-07-23,2014,7,23,204,0.381974618,0.056588832,0.43856345,0.33245939,30,682553.8,24.54333333,24.01,25.39,24.445,0,0,14.9057802922791,31.1111111111111,16.1111111111111,20,9
"midge",2014-07-23,2014,7,23,204,1.025672585,0.693213195,1.71888578,0.785170048,30,630692.1,25.53833333,25.17,26.22,25.52,0,0,14.9057802922791,31.1111111111111,16.1111111111111,20,9
"newbury",2014-07-23,2014,7,23,204,0.099030457,0,0.099030457,-0.028294416,30,677064.1,24.17666667,23.16,25.24,24.105,0,0,14.9057802922791,31.1111111111111,16.1111111111111,20,9
"coffin",2014-07-30,2014,7,30,211,0.360753806,0.084883248,0.445637054,0.141472081,31,859469.6,22.89083333,22.31,23.66,22.895,0,0,14.6707171715547,22.2222222222222,11.1111111111111,12.2222222222222,10
"fichter",2014-07-30,2014,7,30,211,0.36782741,0.007073604,0.374901014,-0.063662436,31,352519.3,22.69791667,22.32,23.15,22.65,0,0,14.6707171715547,22.2222222222222,11.1111111111111,12.2222222222222,10
"midge",2014-07-30,2014,7,30,211,1.202512686,0.099030457,1.301543142,-0.417342638,31,409514.7,23.19708333,22.76,23.78,23.09,0,0,14.6707171715547,22.2222222222222,11.1111111111111,12.2222222222222,10
"newbury",2014-07-30,2014,7,30,211,0.827611672,0.014147208,0.84175888,0.742728423,31,470762,22.44458333,22.16,22.83,22.49,0,0,14.6707171715547,22.2222222222222,11.1111111111111,12.2222222222222,10
"coffin",2014-08-06,2014,8,6,218,0.162692893,0.028294416,0.190987309,-0.254649745,32,1269877.9,23.34458333,22.98,23.83,23.23,0,0,14.405761486518,27.7777777777778,15.5555555555556,17.2222222222222,11
"fichter",2014-08-06,2014,8,6,218,0.530520303,0.028294416,0.558814719,0.183913705,32,980951.8,23.49,23.32,23.66,23.49,0,0,14.405761486518,27.7777777777778,15.5555555555556,17.2222222222222,11
"midge",2014-08-06,2014,8,6,218,1.626928928,0.077809644,1.704738572,0.40319543,32,370150.7,24.01791667,23.78,24.3,23.95,0,0,14.405761486518,27.7777777777778,15.5555555555556,17.2222222222222,11
"newbury",2014-08-06,2014,8,6,218,0.47393147,0,0.47393147,-0.36782741,32,785790.4,23.7225,23.51,24.02,23.68,0,0,14.405761486518,27.7777777777778,15.5555555555556,17.2222222222222,11
"coffin",2014-08-12,2014,8,12,224,0.091956852,0.021220812,0.113177665,-0.077809644,32,999756.4,23.76083333,23.14,24.18,23.83,0,0,14.1596035159914,29.4444444444444,11.1111111111111,13.3333333333333,11
"fichter",2014-08-12,2014,8,12,224,0.445637054,0.028294416,0.47393147,-0.084883248,32,747148.2,23.39125,22.98,24.01,23.32,0,0,14.1596035159914,29.4444444444444,11.1111111111111,13.3333333333333,11
"midge",2014-08-12,2014,8,12,224,0.551741115,0.028294416,0.580035531,-1.124703041,32,472365.5,24.19166667,23.78,24.64,24.13,0,0,14.1596035159914,29.4444444444444,11.1111111111111,13.3333333333333,11
"newbury",2014-08-12,2014,8,12,224,0.233428933,0,0.233428933,-0.240502537,32,791140.6,22.86125,22.49,23.33,22.83,0,0,14.1596035159914,29.4444444444444,11.1111111111111,13.3333333333333,11
"coffin",2014-08-20,2014,8,20,232,3.515581204,0.028294416,3.543875621,3.430697956,34,686912.9,21.92291667,20.82,23.14,21.81,0,0,13.810306529702,24.4444444444444,6.66666666666667,8.88888888888889,13
"fichter",2014-08-20,2014,8,20,232,3.119459379,0.212208121,3.3316675,2.857736029,34,1197512.5,21.335,20.66,22.15,21.32,0,0,13.810306529702,24.4444444444444,6.66666666666667,8.88888888888889,13
"midge",2014-08-20,2014,8,20,232,2.440393391,0.007073604,2.447466995,1.867431465,34,388783.4,21.08583333,20.76,21.59,21.09,0,0,13.810306529702,24.4444444444444,6.66666666666667,8.88888888888889,13
"newbury",2014-08-20,2014,8,20,232,4.067322319,0.077809644,4.145131963,3.91170303,34,NA,21.09166667,20.67,21.33,21.16,0,0,13.810306529702,24.4444444444444,6.66666666666667,8.88888888888889,13
"coffin",2014-08-27,2014,8,27,239,0.905421316,0.134398477,1.039819793,-2.504055828,35,854884.6,21.30291667,20.98,21.81,21.31,0,0,13.4898408040286,28.8888888888889,12.7777777777778,15.5555555555556,14
"fichter",2014-08-27,2014,8,27,239,1.195439082,0.042441624,1.237880706,-2.093786794,35,890491.2,22.46958333,21.98,22.98,22.48,0,0,13.4898408040286,28.8888888888889,12.7777777777778,15.5555555555556,14
"midge",2014-08-27,2014,8,27,239,0.282944161,0.021220812,0.304164973,-2.143302022,35,326427.9,22.92375,22.43,23.61,22.76,0,0,13.4898408040286,28.8888888888889,12.7777777777778,15.5555555555556,14
"newbury",2014-08-27,2014,8,27,239,22.82652022,0.8771269,23.70364712,19.55851515,35,882138.6,22.55333333,21.16,23.68,22.66,0,0,13.4898408040286,28.8888888888889,12.7777777777778,15.5555555555556,14
"coffin",2014-09-04,2014,9,4,247,0.749802028,0.021220812,0.77102284,-0.268796953,36,1041240.7,22.34791667,21.31,23.66,22.48,0,0,13.1116391122564,25,10.5555555555556,11.1111111111111,15
"fichter",2014-09-04,2014,9,4,247,0.884200504,0.042441624,0.926642128,-0.311238578,36,953019.6,22.40291667,21.65,23.83,22.235,0,0,13.1116391122564,25,10.5555555555556,11.1111111111111,15
"midge",2014-09-04,2014,9,4,247,1.138850249,0.007073604,1.145923853,0.84175888,36,268431.3,22.99333333,22.43,23.61,22.93,0,0,13.1116391122564,25,10.5555555555556,11.1111111111111,15
"newbury",2014-09-04,2014,9,4,247,6.139888301,0.063662436,6.203550737,-17.50009638,36,724533.4,22.43708333,21.99,22.99,22.33,0,0,13.1116391122564,25,10.5555555555556,11.1111111111111,15
"coffin",2014-09-10,2014,9,10,253,0.954936545,0.014147208,0.969083753,0.198060913,37,826424.5,21.67083333,21.14,22.48,21.48,0,0,12.8221558039875,20.5555555555556,6.66666666666667,10,16
"fichter",2014-09-10,2014,9,10,253,0.261723349,0.014147208,0.275870557,-0.650771571,37,991887.9,21.25541667,20.99,21.48,21.32,0,0,12.8221558039875,20.5555555555556,6.66666666666667,10,16
"midge",2014-09-10,2014,9,10,253,0.40319543,0,0.40319543,-0.742728424,37,228163.6,21.70333333,21.59,21.93,21.76,0,0,12.8221558039875,20.5555555555556,6.66666666666667,10,16
"newbury",2014-09-10,2014,9,10,253,0.106104061,0,0.106104061,-6.097446677,37,304770.6,20.97333333,20.67,21.33,20.99,0,0,12.8221558039875,20.5555555555556,6.66666666666667,10,16
"coffin",2014-09-17,2014,9,17,260,0.021220812,0,0.021220812,-0.94786294,38,NA,18.71167,18.22,19.36,18.54,0,0,12.4803305755533,17.2222222222222,4.44444444444444,4.44444444444444,17
"fichter",2014-09-17,2014,9,17,260,0.240502537,0,0.240502537,-0.03536802,38,NA,18.42083,18.07,18.72,18.39,0,0,12.4803305755533,17.2222222222222,4.44444444444444,4.44444444444444,17
"midge",2014-09-17,2014,9,17,260,1.945241109,0.021220812,1.966461921,1.563266491,38,208325.4,18.81833333,18.33,19.31,18.66,0,0,12.4803305755533,17.2222222222222,4.44444444444444,4.44444444444444,17
"newbury",2014-09-17,2014,9,17,260,0.608329947,0.007073604,0.615403551,0.50929949,38,NA,18.51458333,18.07,19.04,18.39,0,0,12.4803305755533,17.2222222222222,4.44444444444444,4.44444444444444,17
"coffin",2014-09-25,2014,9,25,268,0.014147208,0,0.014147208,-0.007073604,39,NA,17.14411,17.0697,17.3766,17.1192,0,1,12.0867478240245,20,5.55555555555556,6.11111111111111,18
"fichter",2014-09-25,2014,9,25,268,0.028294416,0,0.028294416,-0.212208121,39,NA,16.23883,16.1539,16.5042,16.2104,0,1,12.0867478240245,20,5.55555555555556,6.11111111111111,18
"midge",2014-09-25,2014,9,25,268,0.099030457,0,0.099030457,-1.867431465,39,NA,17.43,17.21,17.69,17.37,0,0,12.0867478240245,20,5.55555555555556,6.11111111111111,18
"newbury",2014-09-25,2014,9,25,268,0.014147208,0,0.014147208,-0.601256343,39,NA,17.04333,16.79,17.27,17.11,0,0,12.0867478240245,20,5.55555555555556,6.11111111111111,18
"coffin",2014-10-03,2014,10,3,276,0.049515228,0,0.049515228,0.03536802,40,NA,17.25147,17.0697,17.5944,17.2182,0,1,11.6927363241537,20,5.55555555555556,5.55555555555556,19
"fichter",2014-10-03,2014,10,3,276,0.007073604,0,0.007073604,-0.021220812,40,NA,16.36138,16.1539,16.7528,16.3234,0,1,11.6927363241537,20,5.55555555555556,5.55555555555556,19
"midge",2014-10-03,2014,10,3,276,0.014147208,0,0.014147208,-0.084883248,40,NA,17.14497,16.943,17.526,17.108,0,1,11.6927363241537,20,5.55555555555556,5.55555555555556,19
"newbury",2014-10-03,2014,10,3,276,0.021220812,0,0.021220812,0.007073604,40,NA,16.95575,16.7703,17.3056,16.9218,0,1,11.6927363241537,20,5.55555555555556,5.55555555555556,19
