site,date,year,month,dayofmonth,dayofyr,coloniesperL,filbundperL,totalperL,totalperL_diff,log_gloeo,week,WindDir_deg_mean,WindSp_ms_mean,AveWindSp_ms_mean,MaxWindSp_ms_mean,WindDir_deg_median,WindSp_ms_median,AveWindSp_ms_median,MaxWindSp_ms_median,WindDir_deg_min,WindSp_ms_min,AveWindSp_ms_min,MaxWindSp_ms_min,WindDir_deg_max,WindSp_ms_max,AveWindSp_ms_max,MaxWindSp_ms_max,WindDir_deg_sd,WindSp_ms_sd,AveWindSp_ms_sd,MaxWindSp_ms_sd,WindSp_ms_cv,AveWindSp_ms_cv,MaxWindSp_ms_cv
Midge,2005-07-21,2005,7,21,202,0.077809644,NA,0.077809644,NA,-1.089324144,29,NA,NA,NA,NA,NA,NA,NA,NA,NA,NA,NA,NA,NA,NA,NA,NA,NA,NA,NA,NA,NA,NA,NA
Midge,2005-07-28,2005,7,28,209,0.452710658,NA,0.452710658,0.374901014,-0.340739387,30,NA,NA,NA,NA,NA,NA,NA,NA,NA,NA,NA,NA,NA,NA,NA,NA,NA,NA,NA,NA,NA,NA,NA
Midge,2005-08-04,2005,8,4,216,0.113177665,NA,0.113177665,-0.339532994,-0.932640213,31,NA,NA,NA,NA,NA,NA,NA,NA,NA,NA,NA,NA,NA,NA,NA,NA,NA,NA,NA,NA,NA,NA,NA
Midge,2005-08-11,2005,8,11,223,1.152997457,NA,1.152997457,1.039819793,0.063182233,32,NA,NA,NA,NA,NA,NA,NA,NA,NA,NA,NA,NA,NA,NA,NA,NA,NA,NA,NA,NA,NA,NA,NA
Midge,2005-08-18,2005,8,18,230,0.657845175,NA,0.657845175,-0.495152282,-0.179506147,33,NA,NA,NA,NA,NA,NA,NA,NA,NA,NA,NA,NA,NA,NA,NA,NA,NA,NA,NA,NA,NA,NA,NA
Midge,2005-08-25,2005,8,25,237,0.488078678,NA,0.488078678,-0.169766497,-0.308318625,34,NA,NA,NA,NA,NA,NA,NA,NA,NA,NA,NA,NA,NA,NA,NA,NA,NA,NA,NA,NA,NA,NA,NA
Midge,2005-09-03,2005,9,3,246,1.817916237,NA,1.817916237,1.329837558,0.260433047,35,NA,NA,NA,NA,NA,NA,NA,NA,NA,NA,NA,NA,NA,NA,NA,NA,NA,NA,NA,NA,NA,NA,NA
Midge,2005-09-12,2005,9,12,255,3.232637043,NA,3.232637043,1.414720807,0.510040325,37,NA,NA,NA,NA,NA,NA,NA,NA,NA,NA,NA,NA,NA,NA,NA,NA,NA,NA,NA,NA,NA,NA,NA
Midge,2005-09-20,2005,9,20,263,0.014147208,NA,0.014147208,-3.218489835,-1.750869961,38,NA,NA,NA,NA,NA,NA,NA,NA,NA,NA,NA,NA,NA,NA,NA,NA,NA,NA,NA,NA,NA,NA,NA
Midge,2005-09-25,2005,9,25,268,0.183913705,NA,0.183913705,0.169766497,-0.726966985,39,NA,NA,NA,NA,NA,NA,NA,NA,NA,NA,NA,NA,NA,NA,NA,NA,NA,NA,NA,NA,NA,NA,NA
Midge,2006-06-29,2006,6,29,180,0.33245939,NA,0.33245939,0.148545685,-0.473583965,26,NA,NA,NA,NA,NA,NA,NA,NA,NA,NA,NA,NA,NA,NA,NA,NA,NA,NA,NA,NA,NA,NA,NA
Midge,2006-07-06,2006,7,6,187,0.275870557,NA,0.275870557,-0.056588833,-0.553663939,27,NA,NA,NA,NA,NA,NA,NA,NA,NA,NA,NA,NA,NA,NA,NA,NA,NA,NA,NA,NA,NA,NA,NA
Midge,2006-07-13,2006,7,13,194,2.284774103,NA,2.284774103,2.008903546,0.359527024,28,NA,NA,NA,NA,NA,NA,NA,NA,NA,NA,NA,NA,NA,NA,NA,NA,NA,NA,NA,NA,NA,NA,NA
Midge,2006-07-17,2006,7,17,198,3.246784251,NA,3.246784251,0.962010148,0.511934705,29,NA,NA,NA,NA,NA,NA,NA,NA,NA,NA,NA,NA,NA,NA,NA,NA,NA,NA,NA,NA,NA,NA,NA
Midge,2006-07-23,2006,7,23,204,0.007073604,NA,0.007073604,-3.239710647,-1.971688914,30,NA,NA,NA,NA,NA,NA,NA,NA,NA,NA,NA,NA,NA,NA,NA,NA,NA,NA,NA,NA,NA,NA,NA
Midge,2006-07-31,2006,7,31,212,3.317520292,NA,3.317520292,3.310446688,0.521284606,31,NA,NA,NA,NA,NA,NA,NA,NA,NA,NA,NA,NA,NA,NA,NA,NA,NA,NA,NA,NA,NA,NA,NA
Midge,2006-08-07,2006,8,7,219,1.846210653,NA,1.846210653,-1.471309639,0.267127276,32,NA,NA,NA,NA,NA,NA,NA,NA,NA,NA,NA,NA,NA,NA,NA,NA,NA,NA,NA,NA,NA,NA,NA
Midge,2006-08-14,2006,8,14,226,1.068114209,NA,1.068114209,-0.778096444,0.030078989,33,NA,NA,NA,NA,NA,NA,NA,NA,NA,NA,NA,NA,NA,NA,NA,NA,NA,NA,NA,NA,NA,NA,NA
Midge,2006-08-21,2006,8,21,233,0.94786294,NA,0.94786294,-0.120251269,-0.021608123,34,NA,NA,NA,NA,NA,NA,NA,NA,NA,NA,NA,NA,NA,NA,NA,NA,NA,NA,NA,NA,NA,NA,NA
Midge,2006-08-28,2006,8,28,240,1.124703041,NA,1.124703041,0.176840101,0.052425759,35,NA,NA,NA,NA,NA,NA,NA,NA,NA,NA,NA,NA,NA,NA,NA,NA,NA,NA,NA,NA,NA,NA,NA
Midge,2006-09-08,2006,9,8,251,2.857736029,NA,2.857736029,1.733032988,0.456568863,36,NA,NA,NA,NA,NA,NA,NA,NA,NA,NA,NA,NA,NA,NA,NA,NA,NA,NA,NA,NA,NA,NA,NA
Midge,2006-09-12,2006,9,12,255,0.346606598,NA,0.346606598,-2.511129431,-0.455675676,37,NA,NA,NA,NA,NA,NA,NA,NA,NA,NA,NA,NA,NA,NA,NA,NA,NA,NA,NA,NA,NA,NA,NA
Midge,2006-09-18,2006,9,18,261,0.268796953,NA,0.268796953,-0.077809645,-0.564797755,38,NA,NA,NA,NA,NA,NA,NA,NA,NA,NA,NA,NA,NA,NA,NA,NA,NA,NA,NA,NA,NA,NA,NA
Midge,2007-06-21,2007,6,21,172,0,0,0,-0.268796953,-2.443697499,24,NA,NA,NA,NA,NA,NA,NA,NA,NA,NA,NA,NA,NA,NA,NA,NA,NA,NA,NA,NA,NA,NA,NA
Midge,2007-06-28,2007,6,28,179,0.014147208,0,0.014147208,0.014147208,-1.750869961,25,NA,NA,NA,NA,NA,NA,NA,NA,NA,NA,NA,NA,NA,NA,NA,NA,NA,NA,NA,NA,NA,NA,NA
Midge,2007-07-05,2007,7,5,186,0.240502537,0,0.240502537,0.226355329,-0.612427707,26,NA,NA,NA,NA,NA,NA,NA,NA,NA,NA,NA,NA,NA,NA,NA,NA,NA,NA,NA,NA,NA,NA,NA
Midge,2007-07-12,2007,7,12,193,0.056588832,0.014147208,0.07073604,-0.169766497,-1.128800578,27,NA,NA,NA,NA,NA,NA,NA,NA,NA,NA,NA,NA,NA,NA,NA,NA,NA,NA,NA,NA,NA,NA,NA
Midge,2007-07-19,2007,7,19,200,0.091956852,0.190987309,0.282944161,0.212208121,-0.542808437,28,NA,NA,NA,NA,NA,NA,NA,NA,NA,NA,NA,NA,NA,NA,NA,NA,NA,NA,NA,NA,NA,NA,NA
Midge,2007-07-26,2007,7,26,207,0.551741115,0.176840101,0.728581215,0.445637054,-0.135381418,29,NA,NA,NA,NA,NA,NA,NA,NA,NA,NA,NA,NA,NA,NA,NA,NA,NA,NA,NA,NA,NA,NA,NA
Midge,2007-08-02,2007,8,2,214,1.619855324,3.077017754,4.696873078,3.968291863,0.67214157,30,NA,NA,NA,NA,NA,NA,NA,NA,NA,NA,NA,NA,NA,NA,NA,NA,NA,NA,NA,NA,NA,NA,NA
Midge,2007-08-09,2007,8,9,221,5.658883227,10.56089082,16.21977405,11.52290097,1.210141181,31,NA,NA,NA,NA,NA,NA,NA,NA,NA,NA,NA,NA,NA,NA,NA,NA,NA,NA,NA,NA,NA,NA,NA
Midge,2007-08-16,2007,8,16,228,0.8771269,0.679065987,1.556192887,-14.66358116,0.193066936,32,NA,NA,NA,NA,NA,NA,NA,NA,NA,NA,NA,NA,NA,NA,NA,NA,NA,NA,NA,NA,NA,NA,NA
Midge,2007-08-23,2007,8,23,235,0.580035531,0.077809644,0.657845175,-0.898347712,-0.179506147,33,NA,NA,NA,NA,NA,NA,NA,NA,NA,NA,NA,NA,NA,NA,NA,NA,NA,NA,NA,NA,NA,NA,NA
Midge,2007-08-30,2007,8,30,242,22.15452783,0.43856345,22.59309128,21.93524611,1.354044852,34,NA,NA,NA,NA,NA,NA,NA,NA,NA,NA,NA,NA,NA,NA,NA,NA,NA,NA,NA,NA,NA,NA,NA
Midge,2007-09-06,2007,9,6,249,4.78882993,0,4.78882993,-17.80426135,0.680555772,35,NA,NA,NA,NA,NA,NA,NA,NA,NA,NA,NA,NA,NA,NA,NA,NA,NA,NA,NA,NA,NA,NA,NA
Midge,2007-09-13,2007,9,13,256,3.466065976,0,3.466065976,-1.322763954,0.540287667,36,NA,NA,NA,NA,NA,NA,NA,NA,NA,NA,NA,NA,NA,NA,NA,NA,NA,NA,NA,NA,NA,NA,NA
Midge,2007-09-20,2007,9,20,263,2.440393391,0.014147208,2.4545406,-1.011525377,0.39060672,37,NA,NA,NA,NA,NA,NA,NA,NA,NA,NA,NA,NA,NA,NA,NA,NA,NA,NA,NA,NA,NA,NA,NA
Midge,2008-06-05,2008,6,5,157,0,0,0,-2.4545406,-2.443697499,22,NA,NA,NA,NA,NA,NA,NA,NA,NA,NA,NA,NA,NA,NA,NA,NA,NA,NA,NA,NA,NA,NA,NA
Midge,2008-06-12,2008,6,12,164,0.056588832,0,0.056588832,0.056588832,-1.220484084,23,NA,NA,NA,NA,NA,NA,NA,NA,NA,NA,NA,NA,NA,NA,NA,NA,NA,NA,NA,NA,NA,NA,NA
Midge,2008-06-19,2008,6,19,171,0.572961927,0,0.572961927,0.516373094,-0.239154039,24,NA,NA,NA,NA,NA,NA,NA,NA,NA,NA,NA,NA,NA,NA,NA,NA,NA,NA,NA,NA,NA,NA,NA
Midge,2008-06-26,2008,6,26,178,0.247576141,0,0.247576141,-0.325385786,-0.600021616,25,NA,NA,NA,NA,NA,NA,NA,NA,NA,NA,NA,NA,NA,NA,NA,NA,NA,NA,NA,NA,NA,NA,NA
Midge,2008-07-03,2008,7,3,185,2.829441613,0.113177665,2.942619278,2.695043137,0.469265067,26,NA,NA,NA,NA,NA,NA,NA,NA,NA,NA,NA,NA,NA,NA,NA,NA,NA,NA,NA,NA,NA,NA,NA
Midge,2008-07-10,2008,7,10,192,0.954936545,0,0.954936545,-1.987682733,-0.018391325,27,NA,NA,NA,NA,NA,NA,NA,NA,NA,NA,NA,NA,NA,NA,NA,NA,NA,NA,NA,NA,NA,NA,NA
Midge,2008-07-17,2008,7,17,199,3.727789325,0,3.727789325,2.772852781,0.571870565,28,NA,NA,NA,NA,NA,NA,NA,NA,NA,NA,NA,NA,NA,NA,NA,NA,NA,NA,NA,NA,NA,NA,NA
Midge,2008-07-24,2008,7,24,206,0.523446698,0.007073604,0.530520303,-3.197269023,-0.272360913,29,NA,NA,NA,NA,NA,NA,NA,NA,NA,NA,NA,NA,NA,NA,NA,NA,NA,NA,NA,NA,NA,NA,NA
Midge,2008-07-31,2008,7,31,213,10.8721294,0.113177665,10.98530706,10.45478676,1.0409545,30,NA,NA,NA,NA,NA,NA,NA,NA,NA,NA,NA,NA,NA,NA,NA,NA,NA,NA,NA,NA,NA,NA,NA
Midge,2008-08-07,2008,8,7,220,1.181291874,0.014147208,1.195439082,-9.789867981,0.078833339,31,NA,NA,NA,NA,NA,NA,NA,NA,NA,NA,NA,NA,NA,NA,NA,NA,NA,NA,NA,NA,NA,NA,NA
Midge,2008-08-14,2008,8,14,227,0.222818527,0.03536802,0.258186547,-0.937252534,-0.582052675,32,NA,NA,NA,NA,NA,NA,NA,NA,NA,NA,NA,NA,NA,NA,NA,NA,NA,NA,NA,NA,NA,NA,NA
Midge,2008-08-21,2008,8,21,234,0.622477155,0.014147208,0.636624363,0.378437816,-0.193667803,33,NA,NA,NA,NA,NA,NA,NA,NA,NA,NA,NA,NA,NA,NA,NA,NA,NA,NA,NA,NA,NA,NA,NA
Midge,2008-08-26,2008,8,26,239,0.106104061,0,0.106104061,-0.530520303,-0.959777296,34,NA,NA,NA,NA,NA,NA,NA,NA,NA,NA,NA,NA,NA,NA,NA,NA,NA,NA,NA,NA,NA,NA,NA
Midge,2008-09-04,2008,9,4,248,0.749802028,0,0.749802028,0.643697967,-0.122973215,35,NA,NA,NA,NA,NA,NA,NA,NA,NA,NA,NA,NA,NA,NA,NA,NA,NA,NA,NA,NA,NA,NA,NA
Midge,2008-09-10,2008,9,10,254,0.014147208,0,0.014147208,-0.735654819,-1.750869961,36,NA,NA,NA,NA,NA,NA,NA,NA,NA,NA,NA,NA,NA,NA,NA,NA,NA,NA,NA,NA,NA,NA,NA
Midge,2008-09-17,2008,9,17,261,0.198060913,0,0.198060913,0.183913705,-0.695378271,37,NA,NA,NA,NA,NA,NA,NA,NA,NA,NA,NA,NA,NA,NA,NA,NA,NA,NA,NA,NA,NA,NA,NA
Midge,2008-09-24,2008,9,24,268,0.226355329,0,0.226355329,0.028294416,-0.638356522,38,NA,NA,NA,NA,NA,NA,NA,NA,NA,NA,NA,NA,NA,NA,NA,NA,NA,NA,NA,NA,NA,NA,NA
Midge,2009-05-15,2009,5,15,135,0,0,0,-0.226355329,-2.443697499,19,NA,NA,NA,NA,NA,NA,NA,NA,NA,NA,NA,NA,NA,NA,NA,NA,NA,NA,NA,NA,NA,NA,NA
Midge,2009-05-29,2009,5,29,149,0.014147208,0,0.014147208,0.014147208,-1.750869961,21,NA,NA,NA,NA,NA,NA,NA,NA,NA,NA,NA,NA,NA,NA,NA,NA,NA,NA,NA,NA,NA,NA,NA
Midge,2009-06-04,2009,6,4,155,0.007073604,0,0.007073604,-0.007073604,-1.971688914,22,NA,NA,NA,NA,NA,NA,NA,NA,NA,NA,NA,NA,NA,NA,NA,NA,NA,NA,NA,NA,NA,NA,NA
Midge,2009-06-17,2009,6,17,168,0.03536802,0,0.03536802,0.028294416,-1.409291661,24,NA,NA,NA,NA,NA,NA,NA,NA,NA,NA,NA,NA,NA,NA,NA,NA,NA,NA,NA,NA,NA,NA,NA
Midge,2009-06-25,2009,6,25,176,0.014147208,0,0.014147208,-0.021220812,-1.750869961,25,NA,NA,NA,NA,NA,NA,NA,NA,NA,NA,NA,NA,NA,NA,NA,NA,NA,NA,NA,NA,NA,NA,NA
Midge,2009-07-02,2009,7,2,183,0,0,0,-0.014147208,-2.443697499,26,NA,NA,NA,NA,NA,NA,NA,NA,NA,NA,NA,NA,NA,NA,NA,NA,NA,NA,NA,NA,NA,NA,NA
Midge,2009-07-09,2009,7,9,190,0.056588832,0.021220812,0.077809644,0.077809644,-1.089324144,27,NA,NA,NA,NA,NA,NA,NA,NA,NA,NA,NA,NA,NA,NA,NA,NA,NA,NA,NA,NA,NA,NA,NA
Midge,2009-07-16,2009,7,16,197,0.205134517,0.007073604,0.212208121,0.134398477,-0.665932217,28,NA,NA,NA,NA,NA,NA,NA,NA,NA,NA,NA,NA,NA,NA,NA,NA,NA,NA,NA,NA,NA,NA,NA
Midge,2009-07-23,2009,7,23,204,0.544667511,0.007073604,0.551741115,0.339532994,-0.255440172,29,NA,NA,NA,NA,NA,NA,NA,NA,NA,NA,NA,NA,NA,NA,NA,NA,NA,NA,NA,NA,NA,NA,NA
Midge,2009-07-30,2009,7,30,211,0.799317256,0.007073604,0.80639086,0.254649745,-0.091519882,30,259.02941176470586,3.1941176470588237,3.201397058823529,NaN,259.45,2.9,2.9775,NA,192.4,0.6,0.535,NA,355.9,7,6.82,NA,30.84554140936095,1.2353295979965326,1.1320096340344639,NaN,0.38675143952009305,0.3535986362311654,NaN
Midge,2009-08-06,2009,8,6,218,0.346606598,0.007073604,0.353680202,-0.452710658,-0.446991049,31,270.7840579710145,2.993478260869565,2.932355072463768,NaN,273.05,2.7,2.6775,NA,205.1,0.4,0.94,NA,332.3,7.3,5.795,NA,21.71652217178181,1.3664492064583047,1.0795056979170587,NaN,0.45647540666000014,0.36813607876281396,NaN
Midge,2009-08-13,2009,8,13,225,0.07073604,0,0.07073604,-0.282944161,-1.128800578,32,258.5705882352941,1.4029411764705881,1.431470588235294,NaN,269.35,1.2999999999999998,1.245,NA,181.9,0.4,0.43,NA,334.4,3,2.8,NA,39.93691638763043,0.7513564679228382,0.6999226466045705,NaN,0.5355580693789622,0.488953564506994,NaN
Midge,2009-08-20,2009,8,20,232,3.246784251,0.007073604,3.253857855,3.183121815,0.512878806,33,292.06136363636364,1.8113636363636363,1.7425,NaN,288,1.7,1.5575,NA,220.2,0.2,0.565,NA,358.2,4.1,3.99,NA,32.912563628633976,0.9805589078021728,0.8116789232317202,NaN,0.5413374145959298,0.4658128684256644,NaN
Midge,2009-08-27,2009,8,27,239,0.983230961,0,0.983230961,-2.270626895,-0.005757233,34,297.80367647058824,3.3713235294117645,3.432860294117647,NaN,292.9,3.4,3.4625000000000004,NA,230.9,0.4,1.04,NA,358.1,6.4,6.34,NA,26.84389552811184,1.332883706868254,1.1748017274656217,NaN,0.39535918022700667,0.342222411287373,NaN
Midge,2009-09-01,2009,9,1,244,0.558814719,0,0.558814719,-0.424416242,-0.249943322,35,282.7733870967742,2.667741935483871,2.675774193548387,NaN,275.20000000000005,2.7,2.6574999999999998,NA,216.4,0.4,0.49,NA,358.3,4.8,4.45,NA,26.811058599597512,0.9937649840029434,0.8678228607858846,NaN,0.3725116626855048,0.3243258952412015,NaN
Midge,2009-09-08,2009,9,8,251,0.261723349,0,0.261723349,-0.297091369,-0.57622453,36,282.83660714285713,2.929464285714286,2.8906875,NaN,272.85,3.05,2.94,NA,180.8,0.5,0.565,NA,347.7,5.4,4.9,NA,34.774970276826735,1.1849383906785995,1.1225433640473168,NaN,0.4044897889545966,0.3883309295962697,NaN
Midge,2009-09-15,2009,9,15,258,0.099030457,0,0.099030457,-0.162692893,-0.988723737,37,299.0983870967742,3.6266129032258063,3.7201209677419356,NaN,303.5,3.8,4.074999999999999,NA,223.7,0.6,0.76,NA,359.9,7.9,6.185,NA,36.86524347185546,1.498677404500042,1.3752153510161962,NaN,0.4132443810496002,0.3696695249807787,NaN
Midge,2009-09-21,2009,9,21,264,4.562474601,0,4.562474601,4.463444145,0.659543003,38,281.1373134328358,2.6850746268656716,2.7219402985074628,NaN,280,2.9,2.76,NA,182.6,0.2,0.3,NA,347.4,5.2,4.655,NA,27.62922714577805,1.1867007653438424,1.1270882824258832,NaN,0.44196193039487186,0.4140753134974731,NaN
Midge,2009-10-05,2009,10,5,278,0.756875632,0,0.756875632,-3.80559897,-0.118914698,40,261.9326388888889,4.454166666666667,4.500090277777778,NaN,261.29999999999995,4.4,4.362500000000001,NA,215,1.9,2.075,NA,332.9,8.1,7.68,NA,20.114920982554743,1.3219965299405385,1.2564259606479533,NaN,0.2967999693037692,0.27920016779494433,NaN
Midge,2010-04-15,2010,4,15,105,0.028294416,0,0.028294416,-0.728581215,-1.496285346,15,NA,NA,NA,NA,NA,NA,NA,NA,NA,NA,NA,NA,NA,NA,NA,NA,NA,NA,NA,NA,NA,NA,NA
Midge,2010-04-30,2010,4,30,120,0.099030457,0,0.099030457,0.07073604,-0.988723737,17,NA,NA,NA,NA,NA,NA,NA,NA,NA,NA,NA,NA,NA,NA,NA,NA,NA,NA,NA,NA,NA,NA,NA
Midge,2010-05-13,2010,5,13,133,0,0,0,-0.099030457,-2.443697499,19,NA,NA,NA,NA,NA,NA,NA,NA,NA,NA,NA,NA,NA,NA,NA,NA,NA,NA,NA,NA,NA,NA,NA
Midge,2010-05-25,2010,5,25,145,0.042441624,0.007073604,0.049515228,0.049515228,-1.27478095,21,289.3041666666667,2.2825,2.19075,NaN,285.4,2.2,2.16,NA,218.4,0.3,0.56,NA,356.5,5.3,3.79,NA,28.917167695592426,0.9504233908362842,0.7854508553808365,NaN,0.4163957900706612,0.3585305741781748,NaN
Midge,2010-06-04,2010,6,4,155,0.148545685,0,0.148545685,0.099030457,-0.81774036,22,286.70361445783135,2.0120481927710845,2.0098795180722893,NaN,283,2,2.01,NA,211.1,0.2,0.9,NA,356.4,4.4,3.85,NA,29.4080271345615,0.8794950866293857,0.7029354721380966,NaN,0.43711432449244914,0.3497401042288815,NaN
Midge,2010-06-10,2010,6,10,161,0.014147208,0,0.014147208,-0.134398477,-1.750869961,23,264.34285714285716,3.1285714285714286,3.4314285714285715,NaN,266,3.3,3.51,NA,249,1.1,1.45,NA,279,5.5,5.01,NA,10.533574439675757,1.3719988893512094,1.1398600582444112,NaN,0.4385384577834916,0.3321823650171057,NaN
Midge,2010-06-15,2010,6,15,166,0.021220812,0,0.021220812,0.007073604,-1.605184015,24,308.2108333333333,3.695,3.696083333333333,NaN,311.85,3.45,3.4400000000000004,NA,190,0.9,1.09,NA,359.5,7.9,7.59,NA,34.49920909051611,1.5565448701444844,1.4993490440929387,NaN,0.4212570690512813,0.4056588850611067,NaN
Midge,2010-06-24,2010,6,24,175,0.07073604,0,0.07073604,0.049515228,-1.128800578,25,276.94772727272726,4.253030303030303,4.256439393939394,NaN,276.05,4.25,4.220000000000001,NA,208.6,0.9,1.01,NA,357.8,9.6,7.64,NA,32.073806739530404,1.80586150779462,1.53720134942215,NaN,0.4246058408067151,0.3611472423666882,NaN
Midge,2010-07-01,2010,7,1,182,1.485456847,0.43856345,1.924020297,1.853284257,0.285021491,26,287.67832167832165,4.4237762237762235,4.292797202797203,NaN,291.2,4,4.04,NA,218,0.9,1.82,NA,355.3,10.5,8.42,NA,27.58283845881511,1.6963074247167045,1.4647051357321066,NaN,0.3834523581006778,0.3412006359810566,NaN
Midge,2010-07-08,2010,7,8,189,0.063662436,0,0.063662436,-1.860357861,-1.172227408,27,212.98771929824562,3.2508771929824563,3.230175438596491,NaN,204.5,3.3,3.01,NA,180.2,0.6,0.69,NA,304,6.1,5.82,NA,30.34754679527207,1.1970384298368475,1.0292169201250432,NaN,0.3682201322218041,0.3186257030584807,NaN
Midge,2010-07-15,2010,7,15,196,0.028294416,0.028294416,0.056588832,-0.007073604,-1.220484084,28,241.64878048780488,2.3341463414634145,2.3365853658536584,NaN,209.1,2.2,2.41,NA,181.3,0.3,0.67,NA,359.1,5.2,4.74,NA,59.89247082042626,1.1071607281911604,1.015836132838603,NaN,0.4743321824016466,0.43475241593301384,NaN
Midge,2010-07-22,2010,7,22,203,0.290017765,0.198060913,0.488078678,0.431489846,-0.308318625,29,290.2263888888889,3.9972222222222222,4.007777777777778,NaN,287.5,3.6,3.86,NA,231.6,0.9,1.49,NA,345.5,8.8,7.02,NA,27.53589135551658,1.5839202690803038,1.3600855816575625,NaN,0.3962552445232171,0.3393615257809277,NaN
Midge,2010-07-29,2010,7,29,210,0.106104061,0,0.106104061,-0.381974618,-0.959777296,30,293.28920863309355,4.329496402877698,4.3835251798561155,NaN,293.1,4.4,4.62,NA,205.1,1.2,1.4,NA,359.3,8,7.67,NA,35.15408461774007,1.7274196739818126,1.580114132416652,NaN,0.3989885920296975,0.36046653494266406,NaN
Midge,2010-08-05,2010,8,5,217,8.742974585,7.002867993,15.74584258,15.63973852,1.197265187,31,254.6639705882353,2.8294117647058825,2.831985294117647,NaN,254.64999999999998,2.75,2.6500000000000004,NA,184.3,0.2,0.69,NA,355.5,6.3,6.17,NA,29.572481384367425,1.2573998831839206,1.1272022526151435,NaN,0.44440328511697813,0.3980254611337388,NaN
Midge,2010-08-12,2010,8,12,224,1.945241109,33.86134251,35.80658362,20.06074104,1.554006548,32,273.25555555555553,3.3666666666666667,3.198888888888889,NaN,279,3.7,3.52,NA,181.5,1.4,1,NA,338.1,4.9,4.87,NA,42.0909168084728,1.1034038245356956,1.2158376170817842,NaN,0.32774371025812743,0.38008122798666405,NaN
Midge,2010-08-19,2010,8,19,231,42.087944,2.256479687,44.34442368,8.537840068,1.646874271,33,268.684375,2.8421875,2.8825,NaN,272.1,2.7,2.6900000000000004,NA,199.1,0.7,0.49,NA,357.3,6.9,6.46,NA,28.050795987133966,1.2398634275183853,1.2143362789710257,NaN,0.4362356204572658,0.42127884786505665,NaN
Midge,2010-08-26,2010,8,26,238,4.661505058,0.063662436,4.725167494,-39.61925619,0.674747961,34,286.4819444444444,3.8604166666666666,3.861666666666667,NaN,283.45,3.7,3.6500000000000004,NA,218,1.1,1.33,NA,356.8,7.7,6.98,NA,23.67322601081504,1.3596697845715788,1.2929659079654185,NaN,0.3522080391766637,0.3348206926108119,NaN
Midge,2010-09-02,2010,9,2,245,0.495152282,0,0.495152282,-4.230015212,-0.302115104,35,276.75701754385966,2.8578947368421055,2.9471929824561403,NaN,280.3,2.7,2.92,NA,185.3,0.2,0.53,NA,356.8,7.1,5.85,NA,30.65562637093523,1.5005541593963836,1.371696519992366,NaN,0.5250557832142042,0.4654247374222565,NaN
Midge,2010-09-09,2010,9,9,252,0.40319543,0,0.40319543,-0.091956852,-0.390623935,36,278.4288732394366,3.7661971830985914,3.733169014084507,NaN,276.5,3.6,3.67,NA,208.7,1.4,1.84,NA,358.4,7.1,6.3,NA,32.11328480758008,0.9470287483517987,0.7868370740888632,NaN,0.2514549032646885,0.21076920737322172,NaN
Midge,2010-09-16,2010,9,16,259,0.148545685,0,0.148545685,-0.254649745,-0.81774036,37,258.31030927835053,2.888659793814433,2.958144329896907,NaN,277.4,2.9,2.9,NA,180.2,0.3,1.01,NA,347,5.7,5.32,NA,41.86034441184581,1.1832050654067212,1.0146215734377144,NaN,0.4096034666111776,0.34299258598821464,NaN
Midge,2010-09-23,2010,9,23,266,0.049515228,0,0.049515228,-0.099030457,-1.27478095,38,303.51184210526316,2.6289473684210525,2.561315789473684,NaN,314.15,2.05,2.15,NA,181,0.1,0.49,NA,356.7,6.5,6.23,NA,41.117726808454975,1.5208607904274636,1.2618836101693511,NaN,0.5785056059684046,0.4926700625340115,NaN
Midge,2010-09-30,2010,9,30,273,0.014147208,0,0.014147208,-0.03536802,-1.750869961,39,231.16486486486485,4.556756756756757,4.541621621621622,NaN,195.9,4.5,4.6,NA,180.2,0.1,0.42,NA,355.5,9.8,8.41,NA,57.28006835917037,2.8628405222533533,2.7580856016784883,NaN,0.6282627480627169,0.6072909263395861,NaN
Midge,2010-10-07,2010,10,7,280,0.042441624,0,0.042441624,0.028294416,-1.336849366,40,278.0395833333333,5.495138888888889,5.431527777777778,NaN,281.1,5.25,5.55,NA,228.9,1.8,2.63,NA,343.9,11.6,8.99,NA,21.70629510942902,1.7876941377722675,1.470113129867091,NaN,0.3253228305815829,0.2706629129067189,NaN
Midge,2011-04-28,2011,4,28,118,0,0,0,-0.042441624,-2.443697499,17,244.7619834710744,1.715702479338843,NaN,NaN,245.3,1.6,NA,NA,187,0.1,NA,NA,343,4.6,NA,NA,39.251851880300606,0.9416305241851153,NaN,NaN,0.5488308931907464,NaN,NaN
Midge,2011-05-05,2011,5,5,125,0,0,0,0,-2.443697499,18,257.1579710144928,1.372463768115942,NaN,NaN,258.3,1.2,NA,NA,182.8,0.2,NA,NA,358.7,3.7,NA,NA,50.62150033160492,0.8396224743319102,NaN,NaN,0.6117629432830181,NaN,NaN
Midge,2011-05-12,2011,5,12,132,0,0,0,0,-2.443697499,19,265.0396551724138,0.9137931034482759,NaN,NaN,267.05,0.6,NA,NA,185.5,0.1,NA,NA,358.5,4.5,NA,NA,54.544496368465396,0.7834803764629211,NaN,NaN,0.8573936195254608,NaN,NaN
Midge,2011-05-19,2011,5,19,139,0,0,0,0,-2.443697499,20,242.12,1.7,NaN,NaN,256.7,1.6,NA,NA,188.7,0.5,NA,NA,305.6,2.9,NA,NA,49.69312829758257,1.08397416943394,NaN,NaN,0.6376318643729059,NaN,NaN
Midge,2011-05-26,2011,5,26,146,0,0,0,0,-2.443697499,21,235.12289156626505,4.796385542168674,NaN,NaN,205.2,5.3,NA,NA,181.1,0.3,NA,NA,359.3,10.5,NA,NA,60.369400109539434,2.653090502677619,NaN,NaN,0.5531437119373082,NaN,NaN
Midge,2011-06-02,2011,6,2,153,0.007073604,0,0.007073604,0.007073604,-1.971688914,22,283.8590277777778,6.697222222222222,NaN,NaN,282.25,7.05,NA,NA,200.2,1.6,NA,NA,333.9,12.1,NA,NA,24.716069949194765,2.250747954762229,NaN,NaN,0.3360718638384083,NaN,NaN
Midge,2011-06-10,2011,6,10,161,0,0,0,-0.007073604,-2.443697499,23,319.0357142857143,3.460714285714286,NaN,NaN,327.65,3.4,NA,NA,260.6,0.7,NA,NA,359.1,6.3,NA,NA,27.224908630437135,1.0521840984786728,NaN,NaN,0.30403668480291884,NaN,NaN
Midge,2011-06-16,2011,6,16,167,0,0,0,0,-2.443697499,24,264.6318518518519,2.7325925925925927,NaN,NaN,270.6,2.7,NA,NA,203.2,0.2,NA,NA,344.6,6.3,NA,NA,30.284897600362722,1.0899013805605098,NaN,NaN,0.3988524976298965,NaN,NaN
Midge,2011-06-23,2011,6,23,174,0.007073604,0,0.007073604,0.007073604,-1.971688914,25,295.54,5,NaN,NaN,293,4.1,NA,NA,284,3.2,NA,NA,307,7.3,NA,NA,10.509900094672643,1.9493588689617927,NaN,NaN,0.38987177379235854,NaN,NaN
Midge,2011-06-30,2011,6,30,181,0,0,0,-0.007073604,-2.443697499,26,278.01944444444445,3.7555555555555555,NaN,NaN,279.1,3.4,NA,NA,185.2,1,NA,NA,335,9.2,NA,NA,27.55566084209276,1.6774430165627308,NaN,NaN,0.44665642452853777,NaN,NaN
Midge,2011-07-07,2011,7,7,188,0,0,0,0,-2.443697499,27,292.25416666666666,3.3608333333333333,NaN,NaN,286.8,3.2,NA,NA,250.2,1.3,NA,NA,353.9,6.8,NA,NA,24.860024594298608,1.1329515133723334,NaN,NaN,0.3371043431804612,NaN,NaN
Midge,2011-07-14,2011,7,14,195,0.198060913,0.014147208,0.212208121,0.212208121,-0.665932217,28,330.7401785714286,4.116071428571429,NaN,NaN,335,4,NA,NA,246.9,0.4,NA,NA,359.8,8.6,NA,NA,22.05168155554774,1.6800125252336913,NaN,NaN,0.40815922521946507,NaN,NaN
Midge,2011-07-21,2011,7,21,202,0.148545685,0.007073604,0.155619289,-0.056588832,-0.79800432,29,242.30625,4.444444444444445,NaN,NaN,237.3,4.3,NA,NA,188.5,0.8,NA,NA,340.4,9.6,NA,NA,24.26607813547387,1.8517720780538378,NaN,NaN,0.41664871756211347,NaN,NaN
Midge,2011-07-28,2011,7,28,209,0.226355329,0,0.226355329,0.07073604,-0.638356522,30,269.88045977011495,2.171264367816092,NaN,NaN,272.9,2.1,NA,NA,180.3,0.2,NA,NA,356.1,4.6,NA,NA,43.466661480395175,1.0153368150035884,NaN,NaN,0.46762468451726935,NaN,NaN
Midge,2011-08-04,2011,8,4,216,0.834685276,0.007073604,0.84175888,0.615403551,-0.072958881,31,267.5571428571429,1.1392857142857142,NaN,NaN,269.3,1.1,NA,NA,185.1,0.3,NA,NA,357,3.5,NA,NA,54.71756051370921,0.6843971587459076,NaN,NaN,0.6007247788365333,NaN,NaN
Midge,2011-08-11,2011,8,11,223,0.155619289,0.014147208,0.169766497,-0.671992383,-0.761034826,32,253.10694444444445,4.288194444444445,NaN,NaN,251.3,4.25,NA,NA,192.9,1.1,NA,NA,333.5,7.6,NA,NA,24.895141359822873,1.3992753633029285,NaN,NaN,0.3263087486892659,NaN,NaN
Midge,2011-08-18,2011,8,18,230,3.232637043,0.870053296,4.102690339,3.932923842,0.613449653,33,249.69411764705882,3.553781512605042,NaN,NaN,239.9,3.9,NA,NA,183.6,0.6,NA,NA,356.3,6.5,NA,NA,42.32572702854043,1.5265886371622674,NaN,NaN,0.4295673866689757,NaN,NaN
Midge,2011-08-25,2011,8,25,237,2.334289331,0.049515228,2.383804559,-1.71888578,0.377926019,34,223.5807142857143,4.708571428571428,NaN,NaN,221.3,4.5,NA,NA,185.1,0.5,NA,NA,311.9,9.6,NA,NA,22.332551640945063,1.7452705141390328,NaN,NaN,0.3706581795804985,NaN,NaN
Midge,2011-09-01,2011,9,1,244,1.053967001,0,1.053967001,-1.329837558,0.024307891,35,300.4,1.6400000000000001,NaN,NaN,291.9,1.2000000000000002,NA,NA,273.7,0.1,NA,NA,357.1,3.9,NA,NA,29.041770683697038,1.2937456387473458,NaN,NaN,0.7888692919191133,NaN,NaN
Midge,2011-09-08,2011,9,8,251,0.459784262,0,0.459784262,-0.594182739,-0.33405872,36,290.42857142857144,1.6742857142857144,NaN,NaN,288.6,1.6,NA,NA,185,0.3,NA,NA,359.8,3.6,NA,NA,50.12718936736465,0.7611367765037922,NaN,NaN,0.4546038767514117,NaN,NaN
Midge,2011-09-15,2011,9,15,258,0.056588832,0,0.056588832,-0.40319543,-1.220484084,37,306.9807339449541,3.865137614678899,NaN,NaN,306.9,3.9,NA,NA,246,0.5,NA,NA,358.7,8.5,NA,NA,20.051329858290366,1.6008895760140835,NaN,NaN,0.4141869541550798,NaN,NaN
Midge,2011-09-22,2011,9,22,265,0.014147208,0,0.014147208,-0.042441624,-1.750869961,38,249.475,1.02,NaN,NaN,235.89999999999998,0.95,NA,NA,181.1,0.1,NA,NA,355.4,2.5,NA,NA,58.309120664194374,0.5671721171975187,NaN,NaN,0.556051095291685,NaN,NaN
Midge,2011-09-29,2011,9,29,272,0,0,0,-0.014147208,-2.443697499,39,240.30526315789473,4.2026315789473685,NaN,NaN,236.5,4.05,NA,NA,200.1,1.6,NA,NA,312,11.7,NA,NA,27.098538380534634,1.7140889696082213,NaN,NaN,0.40786086941210026,NaN,NaN
Midge,2011-10-06,2011,10,6,279,0,0,0,0,-2.443697499,40,303.6746376811594,4.949275362318841,NaN,NaN,302.75,4.7,NA,NA,261.2,1.5,NA,NA,359.2,10.9,NA,NA,18.826844716642114,1.9511645924134196,NaN,NaN,0.3942323773836777,NaN,NaN
Midge,2012-02-16,2012,2,16,47,0,0,0,0,-2.443697499,7,243.8831325301205,0.5879518072289157,NaN,NaN,238.7,0.5,NA,NA,182.8,0.1,NA,NA,355.6,1.6,NA,NA,36.224468954605776,0.3742953022132247,NaN,NaN,0.6366088131905255,NaN,NaN
Midge,2012-03-29,2012,3,29,89,0,0,0,0,-2.443697499,13,261.66438356164383,1.1767123287671233,NaN,NaN,252.2,1,NA,NA,182,0.2,NA,NA,359.6,4.1,NA,NA,50.47191840205968,0.7493553800035965,NaN,NaN,0.6368212193278526,NaN,NaN
Midge,2012-04-13,2012,4,13,104,0,0,0,0,-2.443697499,15,249.1326923076923,0.9153846153846154,NaN,NaN,251.15,0.7,NA,NA,180.3,0.3,NA,NA,359.1,3,NA,NA,45.16979496463455,0.6456379746608176,NaN,NaN,0.7053187958479521,NaN,NaN
Midge,2012-04-19,2012,4,19,110,0,0,0,0,-2.443697499,16,259.3,2.1905405405405407,NaN,NaN,260.75,2,NA,NA,184.3,0.1,NA,NA,350,6.4,NA,NA,36.32787525507024,1.1502434428354744,NaN,NaN,0.5250957111031777,NaN,NaN
Midge,2012-05-03,2012,5,3,124,0,0,0,0,-2.443697499,18,229.06,2.06,NaN,NaN,204.35,1.35,NA,NA,180.9,0,NA,NA,337.6,16.7,NA,NA,49.22762810070229,3.542583059977861,NaN,NaN,1.7197005145523596,NaN,NaN
Midge,2012-05-10,2012,5,10,131,0,0,0,0,-2.443697499,19,281.14195804195805,3.3265734265734266,NaN,NaN,279,3.2,NA,NA,221.2,0.3,NA,NA,346.7,7.6,NA,NA,24.593765420275176,1.3238841194848174,NaN,NaN,0.3979723125632308,NaN,NaN
Midge,2012-05-17,2012,5,17,138,0,0,0,0,-2.443697499,20,291.14230769230767,4.2615384615384615,NaN,NaN,294.65,4.2,NA,NA,206.8,0.2,NA,NA,359.7,9.1,NA,NA,30.371579599132666,1.6949713411578533,NaN,NaN,0.3977369573114096,NaN,NaN
Midge,2012-05-24,2012,5,24,145,0,0,0,0,-2.443697499,21,283.55384615384617,2.0538461538461537,NaN,NaN,271,1.4,NA,NA,220,0.1,NA,NA,359.3,6.7,NA,NA,44.45093953608884,1.774173697159415,NaN,NaN,0.8638298900027116,NaN,NaN
Midge,2012-05-31,2012,5,31,152,0,0,0,0,-2.443697499,22,302.996992481203,3.9037593984962404,NaN,NaN,305.2,3.6,NA,NA,240.4,1.5,NA,NA,359.2,7.6,NA,NA,35.17291687926092,1.4222477949208472,NaN,NaN,0.3643277286680907,NaN,NaN
Midge,2012-06-07,2012,6,7,159,0.042441624,0.007073604,0.049515228,0.049515228,-1.27478095,23,269.23298969072164,2.4257731958762885,NaN,NaN,270.2,2,NA,NA,180.3,0.4,NA,NA,359.5,7.1,NA,NA,37.437677995262696,1.4207009970518274,NaN,NaN,0.5856693443010084,NaN,NaN
Midge,2012-06-14,2012,6,14,166,0.141472081,0,0.141472081,0.091956853,-0.838416159,24,296.0830188679245,2.040566037735849,NaN,NaN,300.05,1.85,NA,NA,182.4,0.2,NA,NA,358.2,6.2,NA,NA,46.31915261931147,1.1634741327172886,NaN,NaN,0.5701722518170715,NaN,NaN
Midge,2012-06-21,2012,6,21,173,0.502225886,0.007073604,0.50929949,0.36782741,-0.289967733,25,274.02794117647056,2.7058823529411766,NaN,NaN,276.35,2.6,NA,NA,201.7,0.4,NA,NA,356.6,6.7,NA,NA,29.409279692405654,1.1687134240429202,NaN,NaN,0.43191583062455746,NaN,NaN
Midge,2012-06-28,2012,6,28,180,0.007073604,0,0.007073604,-0.502225886,-1.971688914,26,269.0048387096774,3.6161290322580646,NaN,NaN,268.54999999999995,3.5,NA,NA,186.6,0.8,NA,NA,359.2,7.7,NA,NA,35.01947159839344,1.3998482552358529,NaN,NaN,0.38711236317851416,NaN,NaN
Midge,2012-07-05,2012,7,5,187,0.282944161,0.021220812,0.304164973,0.297091369,-0.511780809,27,305.1941176470588,3.847058823529412,NaN,NaN,313.65,3.4,NA,NA,196.6,0.5,NA,NA,359.5,8.8,NA,NA,35.48229556377302,1.8443082082137272,NaN,NaN,0.47940733241029604,NaN,NaN
Midge,2012-07-12,2012,7,12,194,0.084883248,0.028294416,0.113177665,-0.190987309,-0.932640213,28,272.55192307692306,2.5153846153846153,NaN,NaN,267.8,2.5,NA,NA,203.6,0.2,NA,NA,357.8,6,NA,NA,33.20582759934063,1.190966746967511,NaN,NaN,0.4734730186720992,NaN,NaN
Midge,2012-07-19,2012,7,19,201,0.226355329,0.056588832,0.282944161,0.169766497,-0.542808437,29,312.4109243697479,3.450420168067227,NaN,NaN,319.5,2.8,NA,NA,239,0.5,NA,NA,359.7,8,NA,NA,31.840491729008818,1.7090424491946146,NaN,NaN,0.49531429969351953,NaN,NaN
Midge,2012-07-26,2012,7,26,208,0.40319543,0.091956852,0.495152282,0.212208121,-0.302115104,30,273.7268292682927,1.7365853658536585,NaN,NaN,272.1,1.8,NA,NA,183.4,0.2,NA,NA,359.4,3.6,NA,NA,49.703304841782106,0.7983595986649675,NaN,NaN,0.4597295441750515,NaN,NaN
Midge,2012-08-02,2012,8,2,215,0.587109135,0.091956852,0.679065987,0.183913705,-0.165791735,31,261.6785123966942,2.371074380165289,NaN,NaN,261,2.1,NA,NA,192.5,0.3,NA,NA,356.2,6.5,NA,NA,27.201955219590282,1.1889377623554651,NaN,NaN,0.501434190467101,NaN,NaN
Midge,2012-08-09,2012,8,9,222,0.834685276,0.339532994,1.17421827,0.495152282,0.071078287,32,278.8344262295082,2.0737704918032787,NaN,NaN,274.9,2.2,NA,NA,218.6,0.4,NA,NA,359,3.6,NA,NA,29.864521231978596,0.6920745719319228,NaN,NaN,0.3337276591924687,NaN,NaN
Midge,2012-08-16,2012,8,16,229,0.120251269,0.03536802,0.155619289,-1.018598981,-0.79800432,33,296.4592857142857,3.205,NaN,NaN,294.4,2.9,NA,NA,223.1,0.5,NA,NA,359.9,7.6,NA,NA,29.333021872081236,1.486404817193331,NaN,NaN,0.46377685403848085,NaN,NaN
Midge,2012-08-23,2012,8,23,236,0.275870557,0,0.275870557,0.120251269,-0.553663939,34,271.8330708661417,2.677165354330709,NaN,NaN,276.3,2.5,NA,NA,208.4,0.1,NA,NA,352.8,6.6,NA,NA,26.09194990832896,1.2929717815932797,NaN,NaN,0.48296298900690154,NaN,NaN
Midge,2012-08-30,2012,8,30,243,0.679065987,0,0.679065987,0.40319543,-0.165791735,35,255.1472222222222,4.428472222222222,NaN,NaN,255.1,4.6,NA,NA,211.1,1.2,NA,NA,338.1,8.9,NA,NA,20.88623846615176,1.6188860537934888,NaN,NaN,0.3655631045103691,NaN,NaN
Midge,2012-09-06,2012,9,6,250,0.565888323,0,0.565888323,-0.113177665,-0.244515176,36,254.23818181818183,2.290909090909091,NaN,NaN,264.29999999999995,2.1,NA,NA,186.2,0.3,NA,NA,359.6,6.1,NA,NA,41.826493912282,1.1182018211220341,NaN,NaN,0.4881039695373958,NaN,NaN
Midge,2012-09-13,2012,9,13,257,0.643697967,0,0.643697967,0.077809644,-0.188895757,37,261.01935483870966,2.638709677419355,NaN,NaN,269.35,2.7,NA,NA,187,0.4,NA,NA,340.4,4.7,NA,NA,32.46891365678759,0.9268979366393243,NaN,NaN,0.35126938919094197,NaN,NaN
Midge,2012-09-20,2012,9,20,264,0.325385786,0,0.325385786,-0.318312182,-0.482822866,38,314.4125,2.0125,NaN,NaN,337.85,1.25,NA,NA,189.3,0.3,NA,NA,359,6.1,NA,NA,48.36355204765947,1.7929026744360665,NaN,NaN,0.8908833164899709,NaN,NaN
Midge,2012-09-27,2012,9,27,271,0.021220812,0,0.021220812,-0.304164973,-1.605184015,39,308.70081300813007,3.8154471544715447,NaN,NaN,316.9,3.9,NA,NA,188.6,0.5,NA,NA,358.6,7.7,NA,NA,35.889266160832946,1.4871048184431785,NaN,NaN,0.3897589871479032,NaN,NaN
Midge,2012-10-05,2012,10,5,279,0.028294416,0,0.028294416,0.007073604,-1.496285346,40,252.58028169014085,2.6464788732394364,NaN,NaN,252.5,2.6,NA,NA,195.4,0.2,NA,NA,356.4,5.4,NA,NA,23.635342089015104,0.8664480334018628,NaN,NaN,0.3273965426904325,NaN,NaN
Midge,2013-04-24,2013,4,24,114,0,0,0,-0.028294416,-2.443697499,16,250.66236559139784,1.0580645161290323,1.0986021505376344,1.982795698924731,254,0.9,1.09,2,180.1,0.1,0.21,0.5,349.8,3.2,2.48,4.3,45.7077006022306,0.6369633428544004,0.5254658210823607,1.00473051285385,0.602008037453854,0.4783040164496383,0.506724174053189
Midge,2013-05-02,2013,5,2,122,0,0,0,0,-2.443697499,17,260.8328947368421,0.7868421052631579,0.8086842105263158,1.3328947368421054,268.04999999999995,0.6,0.645,1,180.6,0.2,0.33,0.6,357.1,3.4,2.72,5.5,43.459355381499144,0.6011859624138848,0.5115162874051048,0.9662833480775347,0.7640490492216596,0.6325290895344609,0.7249509817758404
Midge,2013-05-14,2013,5,14,134,0,0,0,0,-2.443697499,19,238.16170212765957,0.8648936170212765,0.8508510638297873,1.4978723404255319,219.95,0.7,0.68,0.9,182.3,0.2,0.33,0.5,358.9,4.8,2.03,4.8,51.56699391653285,0.702791277662735,0.43307517431937753,1.0362233664843827,0.8125754009876641,0.5089905774696359,0.6917968497836078
Midge,2013-05-23,2013,5,23,143,0,0,0,0,-2.443697499,20,216.30746268656716,4.608955223880597,4.7119402985074625,6.280597014925373,207.8,4.4,4.44,6.3,183.5,0,0.89,1.6,355.6,8.1,7.82,10.4,32.46287069511144,1.7944131600258104,1.513938510826496,1.8565395315242188,0.38933187086052234,0.32129832190489466,0.29559921248128007
Midge,2013-05-30,2013,5,30,150,0,0,0,0,-2.443697499,21,276.8365671641791,3.1350746268656717,3.1261940298507462,3.9708955223880595,277.85,2.9,3.0549999999999997,3.6,201.8,0.2,0.64,0.8,358.9,7.2,7.03,8.8,27.090534764771984,1.49778068717358,1.3817264969759002,1.82583072562229,0.477749612190573,0.4419836017158116,0.45980326486259515
Midge,2013-06-06,2013,6,6,157,0,0,0,0,-2.443697499,22,278.47083333333336,2.2458333333333336,2.1045833333333333,2.7458333333333336,280.55,1.9,1.71,2.3,185.5,0.4,0.7,1.2,358.3,5.4,4.81,6,40.783526929884076,1.4237058705354493,1.194261566159523,1.4160505906789909,0.6339321130399032,0.5674574854054356,0.5157088645871893
Midge,2013-06-13,2013,6,13,164,0.014147208,0.007073604,0.021220812,0.021220812,-1.605184015,23,272.9428571428571,2.0160714285714287,2.1255357142857143,2.742857142857143,286.75,2,2.12,2.75,181.7,0.3,0.25,0.6,343,4,3.71,4.8,43.317092394417394,0.8650332175890517,0.7746528128907044,0.9150970426149333,0.4290687350308848,0.364450621875825,0.33362913012002776
Midge,2013-06-20,2013,6,20,171,0.021220812,0,0.021220812,0,-1.605184015,24,276.70409836065573,2.0385245901639344,1.9407377049180328,2.84672131147541,283.9,1.8,1.7650000000000001,2.4,187.8,0.2,0.37,0.6,357.5,5.8,4.92,6.4,36.76632576607774,1.0059695147863987,0.8051694221723157,1.2353728935643835,0.4934792151344618,0.4148780229970964,0.4339634120784762
Midge,2013-06-27,2013,6,27,178,0.021220812,0,0.021220812,0,-1.605184015,25,248.4857142857143,2.2214285714285715,2.1485714285714286,2.8214285714285716,274.15,2.15,2.0700000000000003,2.6,180.3,0.4,0.57,1,312.2,5.9,5.66,7.3,51.697505625630406,1.4471077634788916,1.3322904346267004,1.5976803239642208,0.6514311475467679,0.6200819842012568,0.5662664439366858
Midge,2013-07-03,2013,7,3,184,0.063662436,0,0.063662436,0.042441624,-1.172227408,26,249.35533980582525,3.269902912621359,3.2254368932038835,4.245631067961165,243.8,3.2,3.25,4.3,191.3,0.4,0.98,1.4,354.6,6.4,5.39,7.5,32.390411702022824,1.3304013069523248,1.1219868377640367,1.4859325123242244,0.4068626324705744,0.34785577114471067,0.3499909644852392
Midge,2013-07-11,2013,7,11,192,0.07073604,0,0.07073604,0.007073604,-1.128800578,27,285.54326241134754,3.4375886524822694,3.435390070921986,4.331205673758865,268.5,3.6,3.42,4.2,200.5,0.6,1.1,1.7,358.3,6.7,6.11,7.4,45.897163474390595,1.2779190119147499,1.1345222517055338,1.2805208065344271,0.37174867068285483,0.3302455407636001,0.29564996515695796
Midge,2013-07-18,2013,7,18,199,0.077809644,0,0.077809644,0.007073604,-1.089324144,28,273.44017094017096,3.0307692307692307,3.005128205128205,4.02051282051282,275,3,2.98,3.7,180.5,0.5,0.68,1.2,359.8,11.6,10.92,13.8,33.493700024778356,1.523972889752395,1.3675321438475345,1.9138126985399686,0.5028336945883537,0.4550661570823707,0.4760120870093034
Midge,2013-07-25,2013,7,25,206,0.304164973,0.056588832,0.360753806,0.282944161,-0.43847669,29,300.1952380952381,2.3015873015873014,2.311269841269841,3.231746031746032,301.6,2.2,2.13,3,223.5,0.6,0.66,1.3,359,4.4,3.96,5.2,29.637440513383268,0.9155453272710001,0.8152230885320785,0.9111894737322478,0.3977886594349863,0.3527165344242906,0.28194959157726723
Midge,2013-08-01,2013,8,1,213,0.141472081,0.396121826,0.537593907,0.176840101,-0.266647102,30,238.42363636363638,3.329090909090909,3.472363636363636,4.610909090909091,218.1,3.3,3.75,4.8,180.8,0.2,0.57,0.8,356,8.6,7.89,10.7,56.60527381409811,1.6914460969803025,1.6326222529646657,2.183581218097219,0.5080804769738757,0.4701760598652038,0.4735684818428511
Midge,2013-08-08,2013,8,8,220,0.346606598,0.084883248,0.431489846,-0.106104061,-0.361421052,31,224.15652173913043,3.3141304347826086,3.279782608695652,4.353260869565218,214.3,3.3,3.325,4.3,186.2,0.2,1.35,2.4,358,6.5,4.83,6.7,34.71467151706874,1.074027187915756,0.778252449593713,0.8987721889793607,0.32407511081747964,0.23728781521383177,0.20645952905393553
Midge,2013-08-15,2013,8,15,227,0.466857866,0.077809644,0.544667511,0.113177665,-0.261007489,32,258.1722222222222,4.217361111111111,4.165625,5.106944444444444,257.35,3.95,4.18,5,214.4,1.2,1.57,1.9,303.3,8.2,7.01,8.7,18.145829027936728,1.3595726324153274,1.18239221703084,1.5077261524355645,0.3223752001775188,0.28384509336074176,0.2952305764899664
Midge,2013-08-22,2013,8,22,234,2.397951767,0.50929949,2.907251258,2.362583747,0.464020014,33,266.14055944055946,3.383216783216783,3.2983216783216784,4.127272727272727,269.1,3.3,3.19,3.9,203.6,1.1,0.96,1.3,330.2,6.2,5.75,7.7,25.0519270231283,1.1632268143780777,1.0060688983308808,1.3039043113913857,0.34382272520889856,0.3050244931970401,0.31592395209923446
Midge,2013-08-29,2013,8,29,241,1.343984766,0.240502537,1.584487303,-1.322763954,0.200874374,34,235.1,2.3666666666666667,2.3025,2.908333333333333,233,2.3499999999999996,2.125,2.95,185.6,0.8,0.68,1.1,323.4,4.7,4.4,5,42.04819745352836,1.1138249685682489,1.2332007504494518,1.3034627541725738,0.47063026840911926,0.535592074027992,0.44818203581865007
Midge,2013-09-05,2013,9,5,248,4.166352776,0.042441624,4.2087944,2.624307096,0.624529027,35,309.18372093023254,4.073643410852713,4.113023255813953,5.216279069767442,320,3.9,4.11,5.3,197.6,1.5,1.67,2,358.3,9,7.35,9.3,37.76755963848487,1.525282728906604,1.3497723214555268,1.7601842365251512,0.3744271589513833,0.3281703597341833,0.33744058034142443
Midge,2013-09-11,2013,9,11,254,9.252274075,0.190987309,9.443261384,5.234466985,0.975287543,36,250.49545454545455,3.3613636363636363,3.428030303030303,4.443181818181818,253.55,3.25,3.455,4.4,180.4,0.4,0.47,1,343.8,9.2,11.21,14.1,25.00928640849315,1.5578242670185447,1.3792117670290367,1.8139490546309922,0.46345008619889094,0.4023335983377521,0.40825451868932816
Midge,2013-09-18,2013,9,18,261,81.36766719,0.268796953,81.63646415,72.19320276,1.911903337,37,264.94545454545454,2.590909090909091,2.5894405594405594,3.257342657342657,267.8,2.7,2.66,3.3,195.6,0.7,1.06,1.5,329.1,4.6,4.01,5.5,25.25724474862477,0.8583401186493445,0.7006242450197853,0.7934138673212597,0.33128916860150137,0.2705697346345548,0.24357703526608018
Midge,2013-09-25,2013,9,25,268,0.459784262,0,0.459784262,-81.17667988,-0.33405872,38,309.6009803921569,3.993137254901961,3.998627450980392,4.973529411764706,316.79999999999995,3.95,3.935,4.9,226.6,1.4,1.63,1.9,359.3,8.8,8.09,9.5,37.817554452554035,1.507227459489089,1.3943393618028024,1.7234507447047662,0.3774544583056398,0.3487044939535278,0.3465246914249678
Midge,2013-10-02,2013,10,2,275,0.226355329,0.007073604,0.233428933,-0.226355329,-0.625198638,39,271.6992753623188,3.677536231884058,3.7046376811594204,4.6927536231884055,274.4,3.4,3.42,4,180.5,0.3,0.47,1,347.1,7.8,7.69,9.7,33.7392459133208,1.9179527602755162,1.8625667712208063,2.3490839239842174,0.5215319821044754,0.502766243698598,0.5005768707687184
Midge,2013-10-09,2013,10,9,282,0.028294416,0,0.028294416,-0.205134517,-1.496285346,40,269.19850746268656,1.673134328358209,1.6422388059701494,2.216417910447761,271.2,1.7,1.61,2.4,182,0.2,0.29,0.5,355.1,3.3,2.99,3.4,31.47544253202907,0.8078370090542077,0.7102876517075669,0.7737349430512995,0.4828285424320421,0.43251179373268184,0.34909253322853245
Midge,2014-05-29,2014,5,29,149,0,0,0,-0.028294416,-2.443697499,21,NA,NA,NA,NA,NA,NA,NA,NA,NA,NA,NA,NA,NA,NA,NA,NA,NA,NA,NA,NA,NA,NA,NA
Midge,2014-06-05,2014,6,5,156,0.007073604,0,0.007073604,0.007073604,-1.971688914,22,NA,NA,NA,NA,NA,NA,NA,NA,NA,NA,NA,NA,NA,NA,NA,NA,NA,NA,NA,NA,NA,NA,NA
Midge,2014-06-12,2014,6,12,163,0,0,0,-0.007073604,-2.443697499,23,305.275,4,3.555,4.525,296.65,4.35,3.855,4.75,288,2.2,2.02,3.1,339.8,5.1,4.49,5.5,23.825948739417147,1.3291601358251257,1.0819272926896089,1.0531698185319718,0.3322900339562814,0.3043396041320981,0.2327447112777838
Midge,2014-06-19,2014,6,19,170,0.07073604,0.063662436,0.134398477,0.134398477,-0.860125707,24,299.51875,4.165972222222222,4.0152777777777775,5.333333333333333,297.29999999999995,3.5,3.58,4.45,189.6,0.5,1,1.8,351.6,8.9,7.72,10.4,24.516781661587594,1.7892125546330613,1.475905764064164,2.1438805415003364,0.4294825935441921,0.3675725182034584,0.40197760153131307
Midge,2014-06-26,2014,6,26,177,0.091956852,0.134398477,0.226355329,0.091956853,-0.638356522,25,303.32065217391306,3.4804347826086954,3.496304347826087,4.451086956521739,314.15,3.25,3.295,4.15,212,0.1,0.32,0.6,359.8,7.7,6.68,8.5,42.521788953826146,1.5801126076463061,1.4786128912527075,1.8066114577817882,0.4539986255573397,0.4229073742313284,0.4058809624320501
Midge,2014-07-02,2014,7,2,183,0.671992383,0.650771571,1.322763954,1.096408625,0.122662711,26,239.7896,3.48,3.40064,4.48,235.9,3.3,3.26,4.4,180.5,0.5,0.73,1.2,354.3,13.1,8.98,13.3,33.36016270169963,1.6782287129301612,1.3619203377773654,1.6373660989331256,0.4822496301523452,0.40048941898506324,0.36548350422614406
Midge,2014-07-09,2014,7,9,190,3.027502526,0.700286799,3.727789325,2.405025371,0.571870565,27,239.29856115107913,4.141726618705036,4.167194244604317,5.507913669064748,234.5,3.9,4.26,5.5,182.4,0.9,1.2,1.6,350.5,9.5,8.38,12.1,30.32466109255765,2.008348491634738,1.6770747603642167,2.293881741016377,0.4849060975112534,0.40244698517130395,0.4164701698031301
Midge,2014-07-17,2014,7,17,198,0.742728424,0.190987309,0.933715732,-2.794073593,-0.028114094,28,267.03194444444443,3.0347222222222223,3.1039583333333334,3.9722222222222223,268.05,2.9,2.96,3.6,200.1,1.2,1.36,1.6,327.7,6,5.79,8.1,21.662889710246194,1.0310778829077851,0.9375106293103721,1.3664022713151378,0.3397602177087438,0.30203711797367516,0.3439893829884263
Midge,2014-07-23,2014,7,23,204,1.025672585,0.693213195,1.71888578,0.785170048,0.236155645,29,240.76433566433568,3.925174825174825,3.766755244755245,5.004195804195804,235,4,3.88,5,180.3,0.8,1.1,1.5,354.7,12.4,8.79,13.2,29.54324690022515,1.7297100844543787,1.4221188081386642,2.0462220125809916,0.44067083926060246,0.3775447874185067,0.408901268584519
Midge,2014-07-30,2014,7,30,211,1.202512686,0.099030457,1.301543142,-0.417342638,0.115658146,30,266.4190476190476,2.0704761904761906,2.147847619047619,2.684761904761905,271.9,2.2,2.29,2.9,182.5,0.4,0.37,0.8,333.4,3.6,3.87,4.5,27.693286104001725,0.789464741932519,0.7295432551755661,0.7499719164461263,0.3812962185046665,0.3396624828995337,0.27934392063442093
Midge,2014-08-06,2014,8,6,218,1.626928928,0.077809644,1.704738572,0.40319543,0.232573947,31,300.7,3.402857142857143,3.4306571428571426,4.410714285714286,302.25,3.3499999999999996,3.365,4.1,211.1,0.6,0.93,1.2,356.2,7.3,6.18,8.8,27.908785136042447,1.5226322747772087,1.4018458631566213,1.848650934463371,0.44745700770111085,0.40862313101597986,0.41912733736821367
Midge,2014-08-12,2014,8,12,224,0.551741115,0.028294416,0.580035531,-1.124703041,-0.233858277,32,268.409375,2.325,2.2456875,2.96875,266.4,2.2,2.19,2.8,190,0.3,0.45,0.9,353.8,4.5,4.55,5.3,39.06072492741064,1.0509596229314702,0.9686660078052802,1.1277832953587859,0.4520256442716,0.43134497021748586,0.37988489948927523
Midge,2014-08-20,2014,8,20,232,2.440393391,0.007073604,2.447466995,1.867431465,0.389355182,33,282.5206896551724,1.4758620689655173,1.5106896551724138,2.086206896551724,279.1,1.3,1.48,2.2,216.5,0.2,0.38,0.5,352.7,3.7,3.3,3.8,33.33305287238334,0.9923475674285097,0.8345740189482587,0.9299478241627456,0.6723850340052986,0.5524457098721639,0.44576011406148136
Midge,2014-08-27,2014,8,27,239,0.282944161,0.021220812,0.304164973,-2.143302022,-0.511780809,34,263.0764705882353,3.490441176470588,3.52625,4.514705882352941,257,3.4,3.5549999999999997,4.5,207.3,0.9,0.8,1.4,359.4,5.9,5.92,7.3,33.74939941368311,1.2302892569527788,1.1044549099660645,1.351242468674785,0.3524738549517125,0.3132094746447542,0.29929800609083185
Midge,2014-09-04,2014,9,4,247,1.138850249,0.007073604,1.145923853,0.84175888,0.060517987,35,260.8233333333333,2.2175,2.1651666666666665,2.714166666666667,267.65,2.05,1.99,2.5,186.6,0.5,0.54,0.8,359.3,5.3,4.81,6.3,37.53552431276502,1.1159397065126007,1.0045476287241686,1.1919404300532461,0.5032422577283431,0.46395856918982464,0.4391552091077357
Midge,2014-09-10,2014,9,10,253,0.40319543,0,0.40319543,-0.742728424,-0.390623935,36,253.66666666666666,1.619047619047619,1.7676190476190476,2.676190476190476,261.2,1.5,1.69,2.5,181,0.3,0.75,1.5,332.8,3.6,3.62,4.3,50.09289703474269,0.8829603884767695,0.7291152498878676,0.7455902104405353,0.5453578870003576,0.41248438167147683,0.27860132418596517
Midge,2014-09-17,2014,9,17,260,1.945241109,0.021220812,1.966461921,1.563266491,0.294479877,37,266.1976923076923,2.249230769230769,2.1684615384615387,2.8576923076923078,265.9,2.1,2.035,2.7,183.5,0.2,0.43,0.6,352.7,4.9,4.28,5.3,30.091997095688363,0.966833411481804,0.7909071050994797,0.9912692814328823,0.4298506959392426,0.3647319037351272,0.34687754128203147
Midge,2014-09-25,2014,9,25,268,0.099030457,0,0.099030457,-1.867431465,-0.988723737,38,269.6566265060241,1.5554216867469879,1.5743373493975903,2.055421686746988,270.9,1.6,1.54,2,184.7,0.3,0.76,1,359.8,2.7,2.68,3.4,40.301371376445935,0.5282860025588029,0.48480368863576107,0.5376672767609718,0.3396416592748307,0.30794142616337467,0.26158490018265335
Midge,2014-10-03,2014,10,3,276,0.014147208,0,0.014147208,-0.084883248,-1.750869961,39,264.7935483870968,1.8161290322580645,1.7319354838709677,2.3741935483870966,271.6,2,1.57,2.4,189.7,0.2,0.44,1,353.9,3.8,3.53,3.9,40.09908507255388,1.0023627999859626,0.770741717891879,0.7793021416350588,0.5519226785002636,0.4450175685350763,0.3282386737865058
Midge,2014-10-10,2014,10,10,283,0.127324873,0,0.127324873,0.113177665,-0.882977839,40,262.0340277777778,3.4583333333333335,3.5035416666666666,4.475694444444445,261.1,3.25,3.26,4,180.2,0.6,0.38,0.8,337.4,8.1,6.72,9.1,26.57090833369354,1.6170637293857975,1.562313359482272,1.9746026077240095,0.4675846928344474,0.4459240129342276,0.4411835151470246
Midge,2015-05-14,2015,5,14,134,0,0,0,-0.127324873,-2.443697499,19,NA,NA,NA,NA,NA,NA,NA,NA,NA,NA,NA,NA,NA,NA,NA,NA,NA,NA,NA,NA,NA,NA,NA
Midge,2015-05-21,2015,5,21,141,0.007073604,0,0.007073604,0.007073604,-1.971688914,20,NA,NA,NA,NA,NA,NA,NA,NA,NA,NA,NA,NA,NA,NA,NA,NA,NA,NA,NA,NA,NA,NA,NA
Midge,2015-05-28,2015,5,28,148,0.113177665,0.014147208,0.127324873,0.120251269,-0.882977839,21,NA,NA,NA,NA,NA,NA,NA,NA,NA,NA,NA,NA,NA,NA,NA,NA,NA,NA,NA,NA,NA,NA,NA
Midge,2015-06-05,2015,6,5,156,0.007073604,0,0.007073604,-0.120251269,-1.971688914,22,NA,NA,NA,NA,NA,NA,NA,NA,NA,NA,NA,NA,NA,NA,NA,NA,NA,NA,NA,NA,NA,NA,NA
Midge,2015-06-11,2015,6,11,162,0.014147208,0,0.014147208,0.007073604,-1.750869961,23,NA,NA,NA,NA,NA,NA,NA,NA,NA,NA,NA,NA,NA,NA,NA,NA,NA,NA,NA,NA,NA,NA,NA
Midge,2015-06-19,2015,6,19,170,0.077809644,0.014147208,0.091956852,0.077809644,-1.019738166,24,NA,NA,NA,NA,NA,NA,NA,NA,NA,NA,NA,NA,NA,NA,NA,NA,NA,NA,NA,NA,NA,NA,NA
Midge,2015-07-02,2015,7,2,183,0.07073604,0.007073604,0.077809644,-0.014147208,-1.089324144,26,NA,NA,NA,NA,NA,NA,NA,NA,NA,NA,NA,NA,NA,NA,NA,NA,NA,NA,NA,NA,NA,NA,NA
Midge,2015-07-09,2015,7,9,190,0.028294416,0.014147208,0.042441624,-0.03536802,-1.336849366,27,NA,NA,NA,NA,NA,NA,NA,NA,NA,NA,NA,NA,NA,NA,NA,NA,NA,NA,NA,NA,NA,NA,NA
Midge,2015-07-16,2015,7,16,197,0.141472081,0.049515228,0.190987309,0.148545685,-0.710885488,28,NA,NA,NA,NA,NA,NA,NA,NA,NA,NA,NA,NA,NA,NA,NA,NA,NA,NA,NA,NA,NA,NA,NA
Midge,2015-07-30,2015,7,30,211,1.237880706,0.162692893,1.400573599,1.20958629,0.147420803,30,NA,NA,NA,NA,NA,NA,NA,NA,NA,NA,NA,NA,NA,NA,NA,NA,NA,NA,NA,NA,NA,NA,NA
Midge,2015-08-06,2015,8,6,218,0.106104061,0.077809644,0.183913705,-1.216659894,-0.726966985,31,NA,NA,NA,NA,NA,NA,NA,NA,NA,NA,NA,NA,NA,NA,NA,NA,NA,NA,NA,NA,NA,NA,NA
Midge,2015-08-13,2015,8,13,225,0.261723349,0.120251269,0.381974618,0.198060913,-0.413891563,32,NA,NA,NA,NA,NA,NA,NA,NA,NA,NA,NA,NA,NA,NA,NA,NA,NA,NA,NA,NA,NA,NA,NA
Midge,2015-08-20,2015,8,20,232,0.721507611,0.077809644,0.799317256,0.417342638,-0.095329208,33,NA,NA,NA,NA,NA,NA,NA,NA,NA,NA,NA,NA,NA,NA,NA,NA,NA,NA,NA,NA,NA,NA,NA
Midge,2015-08-25,2015,8,25,237,0.565888323,0.099030457,0.664918779,-0.134398477,-0.174886389,34,NA,NA,NA,NA,NA,NA,NA,NA,NA,NA,NA,NA,NA,NA,NA,NA,NA,NA,NA,NA,NA,NA,NA
Midge,2015-09-03,2015,9,3,246,0.884200504,0.063662436,0.94786294,0.282944161,-0.021608123,35,NA,NA,NA,NA,NA,NA,NA,NA,NA,NA,NA,NA,NA,NA,NA,NA,NA,NA,NA,NA,NA,NA,NA
Midge,2015-09-10,2015,9,10,253,13.59546695,0.50929949,14.10476644,13.1569035,1.149476731,36,NA,NA,NA,NA,NA,NA,NA,NA,NA,NA,NA,NA,NA,NA,NA,NA,NA,NA,NA,NA,NA,NA,NA
Midge,2015-09-17,2015,9,17,260,2.100860398,0,2.100860398,-12.00390604,0.323140758,37,NA,NA,NA,NA,NA,NA,NA,NA,NA,NA,NA,NA,NA,NA,NA,NA,NA,NA,NA,NA,NA,NA,NA
Midge,2015-09-24,2015,9,24,267,0.77102284,0,0.77102284,-1.329837558,-0.110909702,38,NA,NA,NA,NA,NA,NA,NA,NA,NA,NA,NA,NA,NA,NA,NA,NA,NA,NA,NA,NA,NA,NA,NA
Midge,2015-10-02,2015,10,2,275,0.381974618,0,0.381974618,-0.389048222,-0.413891563,39,NA,NA,NA,NA,NA,NA,NA,NA,NA,NA,NA,NA,NA,NA,NA,NA,NA,NA,NA,NA,NA,NA,NA
Midge,2015-10-12,2015,10,12,285,0.063662436,0,0.063662436,-0.318312182,-1.172227408,41,NA,NA,NA,NA,NA,NA,NA,NA,NA,NA,NA,NA,NA,NA,NA,NA,NA,NA,NA,NA,NA,NA,NA
Midge,2016-05-26,2016,5,26,147,0.063662436,0.03536802,0.099030457,0.03536802,-0.988723737,21,NA,NA,NA,NA,NA,NA,NA,NA,NA,NA,NA,NA,NA,NA,NA,NA,NA,NA,NA,NA,NA,NA,NA
Midge,2016-06-03,2016,6,3,155,0.049515228,0.014147208,0.063662436,-0.03536802,-1.172227408,22,NA,NA,NA,NA,NA,NA,NA,NA,NA,NA,NA,NA,NA,NA,NA,NA,NA,NA,NA,NA,NA,NA,NA
Midge,2016-06-16,2016,6,16,168,0.091956852,0.014147208,0.106104061,0.042441624,-0.959777296,24,NA,NA,NA,NA,NA,NA,NA,NA,NA,NA,NA,NA,NA,NA,NA,NA,NA,NA,NA,NA,NA,NA,NA
Midge,2016-06-23,2016,6,23,175,1.117629437,0.488078678,1.605708116,1.499604055,0.206639202,25,NA,NA,NA,NA,NA,NA,NA,NA,NA,NA,NA,NA,NA,NA,NA,NA,NA,NA,NA,NA,NA,NA,NA
Midge,2016-06-30,2016,6,30,182,2.603086284,0.919568524,3.522654809,1.916946693,0.547313691,26,NA,NA,NA,NA,NA,NA,NA,NA,NA,NA,NA,NA,NA,NA,NA,NA,NA,NA,NA,NA,NA,NA,NA
Midge,2016-07-07,2016,7,7,189,0.212208121,0.091956852,0.304164973,-3.218489835,-0.511780809,27,NA,NA,NA,NA,NA,NA,NA,NA,NA,NA,NA,NA,NA,NA,NA,NA,NA,NA,NA,NA,NA,NA,NA
Midge,2016-07-14,2016,7,14,196,5.347644649,3.515581204,8.863225854,8.55906088,0.947768179,28,NA,NA,NA,NA,NA,NA,NA,NA,NA,NA,NA,NA,NA,NA,NA,NA,NA,NA,NA,NA,NA,NA,NA
Midge,2016-07-21,2016,7,21,203,2.914324862,0.728581215,3.642906077,-5.220319777,0.561876942,29,NA,NA,NA,NA,NA,NA,NA,NA,NA,NA,NA,NA,NA,NA,NA,NA,NA,NA,NA,NA,NA,NA,NA
Midge,2016-07-27,2016,7,27,209,5.510337542,1.881578673,7.391916215,3.749010138,0.868968494,30,NA,NA,NA,NA,NA,NA,NA,NA,NA,NA,NA,NA,NA,NA,NA,NA,NA,NA,NA,NA,NA,NA,NA
Midge,2016-08-04,2016,8,4,217,1.386426391,0.233428933,1.619855324,-5.772060891,0.210440342,31,NA,NA,NA,NA,NA,NA,NA,NA,NA,NA,NA,NA,NA,NA,NA,NA,NA,NA,NA,NA,NA,NA,NA
Midge,2016-08-15,2016,8,15,228,3.451918768,0.654308373,4.106227141,2.486371818,0.613823556,33,NA,NA,NA,NA,NA,NA,NA,NA,NA,NA,NA,NA,NA,NA,NA,NA,NA,NA,NA,NA,NA,NA,NA
Midge,2016-08-22,2016,8,22,235,0.537593907,0.042441624,0.580035531,-3.526191611,-0.233858277,34,NA,NA,NA,NA,NA,NA,NA,NA,NA,NA,NA,NA,NA,NA,NA,NA,NA,NA,NA,NA,NA,NA,NA
Midge,2016-08-31,2016,8,31,244,1.987682733,0.198060913,2.185743646,1.605708116,0.340313935,35,NA,NA,NA,NA,NA,NA,NA,NA,NA,NA,NA,NA,NA,NA,NA,NA,NA,NA,NA,NA,NA,NA,NA
Midge,2016-09-07,2016,9,7,251,0.466857866,0.084883248,0.551741115,-1.634002532,-0.255440172,36,NA,NA,NA,NA,NA,NA,NA,NA,NA,NA,NA,NA,NA,NA,NA,NA,NA,NA,NA,NA,NA,NA,NA
Midge,2016-09-14,2016,9,14,258,1.358131974,0.084883248,1.443015223,0.891274108,0.160353031,37,NA,NA,NA,NA,NA,NA,NA,NA,NA,NA,NA,NA,NA,NA,NA,NA,NA,NA,NA,NA,NA,NA,NA
Midge,2016-09-21,2016,9,21,265,0.954936545,0.091956852,1.046893397,-0.396121826,0.021393327,38,NA,NA,NA,NA,NA,NA,NA,NA,NA,NA,NA,NA,NA,NA,NA,NA,NA,NA,NA,NA,NA,NA,NA
Midge,2016-09-28,2016,9,28,272,0.084883248,0.021220812,0.106104061,-0.940789336,-0.959777296,39,NA,NA,NA,NA,NA,NA,NA,NA,NA,NA,NA,NA,NA,NA,NA,NA,NA,NA,NA,NA,NA,NA,NA
Midge,2016-10-05,2016,10,5,279,0.134398477,0,0.134398477,0.028294416,-0.860125707,40,NA,NA,NA,NA,NA,NA,NA,NA,NA,NA,NA,NA,NA,NA,NA,NA,NA,NA,NA,NA,NA,NA,NA
