date,log_gloeo,date_1weeklag,WindSp_ms_mean_ALL_InstFilterInstMax,WindSp_ms_mean_ALL_InstFilterAveMax,WindSp_ms_mean_ALL_AveFilterInstMax,WindSp_ms_mean_ALL_AveFilterAveMax,WindSp_ms_median_ALL_InstFilterInstMax,WindSp_ms_median_ALL_InstFilterAveMax,WindSp_ms_median_ALL_AveFilterInstMax,WindSp_ms_median_ALL_AveFilterAveMax,WindSp_ms_min_ALL_InstFilterInstMax,WindSp_ms_min_ALL_InstFilterAveMax,WindSp_ms_min_ALL_AveFilterInstMax,WindSp_ms_min_ALL_AveFilterAveMax,WindSp_ms_max_ALL_InstFilterInstMax,WindSp_ms_max_ALL_InstFilterAveMax,WindSp_ms_max_ALL_AveFilterInstMax,WindSp_ms_max_ALL_AveFilterAveMax,WindSp_ms_sd_ALL_InstFilterInstMax,WindSp_ms_sd_ALL_InstFilterAveMax,WindSp_ms_sd_ALL_AveFilterInstMax,WindSp_ms_sd_ALL_AveFilterAveMax,WindSp_ms_cv_ALL_InstFilterInstMax,WindSp_ms_cv_ALL_InstFilterAveMax,WindSp_ms_cv_ALL_AveFilterInstMax,WindSp_ms_cv_ALL_AveFilterAveMax,year,month,week
2005-07-21,-1.089324144,2005-07-14,NA,NA,NA,NA,NA,NA,NA,NA,NA,NA,NA,NA,NA,NA,NA,NA,NA,NA,NA,NA,NA,NA,NA,NA,2005,7,29
2005-07-28,-0.340739387,2005-07-21,NA,NA,NA,NA,NA,NA,NA,NA,NA,NA,NA,NA,NA,NA,NA,NA,NA,NA,NA,NA,NA,NA,NA,NA,2005,7,30
2005-08-04,-0.932640213,2005-07-28,NA,NA,NA,NA,NA,NA,NA,NA,NA,NA,NA,NA,NA,NA,NA,NA,NA,NA,NA,NA,NA,NA,NA,NA,2005,8,31
2005-08-11,0.063182233,2005-08-04,NA,NA,NA,NA,NA,NA,NA,NA,NA,NA,NA,NA,NA,NA,NA,NA,NA,NA,NA,NA,NA,NA,NA,NA,2005,8,32
2005-08-18,-0.179506147,2005-08-11,NA,NA,NA,NA,NA,NA,NA,NA,NA,NA,NA,NA,NA,NA,NA,NA,NA,NA,NA,NA,NA,NA,NA,NA,2005,8,33
2005-08-25,-0.308318625,2005-08-18,NA,NA,NA,NA,NA,NA,NA,NA,NA,NA,NA,NA,NA,NA,NA,NA,NA,NA,NA,NA,NA,NA,NA,NA,2005,8,34
2005-09-03,0.260433047,2005-08-27,NA,NA,NA,NA,NA,NA,NA,NA,NA,NA,NA,NA,NA,NA,NA,NA,NA,NA,NA,NA,NA,NA,NA,NA,2005,9,36
2005-09-12,0.510040325,2005-09-05,NA,NA,NA,NA,NA,NA,NA,NA,NA,NA,NA,NA,NA,NA,NA,NA,NA,NA,NA,NA,NA,NA,NA,NA,2005,9,37
2005-09-20,-1.750869961,2005-09-13,NA,NA,NA,NA,NA,NA,NA,NA,NA,NA,NA,NA,NA,NA,NA,NA,NA,NA,NA,NA,NA,NA,NA,NA,2005,9,38
2005-09-25,-0.726966985,2005-09-18,NA,NA,NA,NA,NA,NA,NA,NA,NA,NA,NA,NA,NA,NA,NA,NA,NA,NA,NA,NA,NA,NA,NA,NA,2005,9,39
2006-06-29,-0.473583965,2006-06-22,NA,NA,NA,NA,NA,NA,NA,NA,NA,NA,NA,NA,NA,NA,NA,NA,NA,NA,NA,NA,NA,NA,NA,NA,2006,6,26
2006-07-06,-0.553663939,2006-06-29,NA,NA,NA,NA,NA,NA,NA,NA,NA,NA,NA,NA,NA,NA,NA,NA,NA,NA,NA,NA,NA,NA,NA,NA,2006,7,27
2006-07-13,0.359527024,2006-07-06,NA,NA,NA,NA,NA,NA,NA,NA,NA,NA,NA,NA,NA,NA,NA,NA,NA,NA,NA,NA,NA,NA,NA,NA,2006,7,28
2006-07-17,0.511934705,2006-07-10,NA,NA,NA,NA,NA,NA,NA,NA,NA,NA,NA,NA,NA,NA,NA,NA,NA,NA,NA,NA,NA,NA,NA,NA,2006,7,29
2006-07-23,-1.971688914,2006-07-16,NA,NA,NA,NA,NA,NA,NA,NA,NA,NA,NA,NA,NA,NA,NA,NA,NA,NA,NA,NA,NA,NA,NA,NA,2006,7,30
2006-07-31,0.521284606,2006-07-24,NA,NA,NA,NA,NA,NA,NA,NA,NA,NA,NA,NA,NA,NA,NA,NA,NA,NA,NA,NA,NA,NA,NA,NA,2006,7,31
2006-08-07,0.267127276,2006-07-31,NA,NA,NA,NA,NA,NA,NA,NA,NA,NA,NA,NA,NA,NA,NA,NA,NA,NA,NA,NA,NA,NA,NA,NA,2006,8,32
2006-08-14,0.030078989,2006-08-07,NA,NA,NA,NA,NA,NA,NA,NA,NA,NA,NA,NA,NA,NA,NA,NA,NA,NA,NA,NA,NA,NA,NA,NA,2006,8,33
2006-08-21,-0.021608123,2006-08-14,NA,NA,NA,NA,NA,NA,NA,NA,NA,NA,NA,NA,NA,NA,NA,NA,NA,NA,NA,NA,NA,NA,NA,NA,2006,8,34
2006-08-28,0.052425759,2006-08-21,NA,NA,NA,NA,NA,NA,NA,NA,NA,NA,NA,NA,NA,NA,NA,NA,NA,NA,NA,NA,NA,NA,NA,NA,2006,8,35
2006-09-08,0.456568863,2006-09-01,NA,NA,NA,NA,NA,NA,NA,NA,NA,NA,NA,NA,NA,NA,NA,NA,NA,NA,NA,NA,NA,NA,NA,NA,2006,9,36
2006-09-12,-0.455675676,2006-09-05,NA,NA,NA,NA,NA,NA,NA,NA,NA,NA,NA,NA,NA,NA,NA,NA,NA,NA,NA,NA,NA,NA,NA,NA,2006,9,37
2006-09-18,-0.564797755,2006-09-11,NA,NA,NA,NA,NA,NA,NA,NA,NA,NA,NA,NA,NA,NA,NA,NA,NA,NA,NA,NA,NA,NA,NA,NA,2006,9,38
2007-06-21,-2.443697499,2007-06-14,NA,NA,NA,NA,NA,NA,NA,NA,NA,NA,NA,NA,NA,NA,NA,NA,NA,NA,NA,NA,NA,NA,NA,NA,2007,6,25
2007-06-28,-1.750869961,2007-06-21,NA,NA,NA,NA,NA,NA,NA,NA,NA,NA,NA,NA,NA,NA,NA,NA,NA,NA,NA,NA,NA,NA,NA,NA,2007,6,26
2007-07-05,-0.612427707,2007-06-28,NA,NA,NA,NA,NA,NA,NA,NA,NA,NA,NA,NA,NA,NA,NA,NA,NA,NA,NA,NA,NA,NA,NA,NA,2007,7,27
2007-07-12,-1.128800578,2007-07-05,NA,NA,NA,NA,NA,NA,NA,NA,NA,NA,NA,NA,NA,NA,NA,NA,NA,NA,NA,NA,NA,NA,NA,NA,2007,7,28
2007-07-19,-0.542808437,2007-07-12,NA,NA,NA,NA,NA,NA,NA,NA,NA,NA,NA,NA,NA,NA,NA,NA,NA,NA,NA,NA,NA,NA,NA,NA,2007,7,29
2007-07-26,-0.135381418,2007-07-19,NA,NA,NA,NA,NA,NA,NA,NA,NA,NA,NA,NA,NA,NA,NA,NA,NA,NA,NA,NA,NA,NA,NA,NA,2007,7,30
2007-08-02,0.67214157,2007-07-26,NA,NA,NA,NA,NA,NA,NA,NA,NA,NA,NA,NA,NA,NA,NA,NA,NA,NA,NA,NA,NA,NA,NA,NA,2007,8,31
2007-08-09,1.210141181,2007-08-02,NA,NA,NA,NA,NA,NA,NA,NA,NA,NA,NA,NA,NA,NA,NA,NA,NA,NA,NA,NA,NA,NA,NA,NA,2007,8,32
2007-08-16,0.193066936,2007-08-09,NA,NA,NA,NA,NA,NA,NA,NA,NA,NA,NA,NA,NA,NA,NA,NA,NA,NA,NA,NA,NA,NA,NA,NA,2007,8,33
2007-08-23,-0.179506147,2007-08-16,NA,NA,NA,NA,NA,NA,NA,NA,NA,NA,NA,NA,NA,NA,NA,NA,NA,NA,NA,NA,NA,NA,NA,NA,2007,8,34
2007-08-30,1.354044852,2007-08-23,NA,NA,NA,NA,NA,NA,NA,NA,NA,NA,NA,NA,NA,NA,NA,NA,NA,NA,NA,NA,NA,NA,NA,NA,2007,8,35
2007-09-06,0.680555772,2007-08-30,2.264583333,2.264583333,2.264583333,2.264583333,1.8,1.8,1.8,1.8,0.3,0.3,0.3,0.3,10.3,10.3,10.3,10.3,1.552055652,1.552055652,1.552055652,1.552055652,0.685360362,0.685360362,0.685360362,0.685360362,2007,9,36
2007-09-13,0.540287667,2007-09-06,3.117361111,3.117361111,3.117361111,3.117361111,3,3,3,3,0.6,0.6,0.6,0.6,6.8,6.8,6.8,6.8,1.352507635,1.352507635,1.352507635,1.352507635,0.433862997,0.433862997,0.433862997,0.433862997,2007,9,37
2007-09-20,0.39060672,2007-09-13,2.198611111,2.198611111,2.198611111,2.198611111,2,2,2,2,0.3,0.3,0.3,0.3,5.3,5.3,5.3,5.3,1.081308849,1.081308849,1.081308849,1.081308849,0.491814511,0.491814511,0.491814511,0.491814511,2007,9,38
2008-06-05,-2.443697499,2008-05-29,5.089583333,5.089583333,5.089583333,5.089583333,5,5,5,5,0.3,0.3,0.3,0.3,9.7,9.7,9.7,9.7,2.348268779,2.348268779,2.348268779,2.348268779,0.461387235,0.461387235,0.461387235,0.461387235,2008,6,23
2008-06-12,-1.220484084,2008-06-05,3.165972222,3.165972222,3.165972222,3.165972222,3.1,3.1,3.1,3.1,0.9,0.9,0.9,0.9,5.8,5.8,5.8,5.8,0.983796215,0.983796215,0.983796215,0.983796215,0.310740634,0.310740634,0.310740634,0.310740634,2008,6,24
2008-06-19,-0.239154039,2008-06-12,4.035416667,4.035416667,4.035416667,4.035416667,3.95,3.95,3.95,3.95,0.4,0.4,0.4,0.4,8.9,8.9,8.9,8.9,1.843585316,1.843585316,1.843585316,1.843585316,0.456851292,0.456851292,0.456851292,0.456851292,2008,6,25
2008-06-26,-0.600021616,2008-06-19,3.409027778,3.409027778,3.409027778,3.409027778,3.25,3.25,3.25,3.25,1,1,1,1,6.8,6.8,6.8,6.8,1.366937939,1.366937939,1.366937939,1.366937939,0.400975887,0.400975887,0.400975887,0.400975887,2008,6,26
2008-07-03,0.469265067,2008-06-26,2.259722222,2.259722222,2.259722222,2.259722222,2.1,2.1,2.1,2.1,0.2,0.2,0.2,0.2,6.9,6.9,6.9,6.9,1.158146545,1.158146545,1.158146545,1.158146545,0.512517217,0.512517217,0.512517217,0.512517217,2008,7,27
2008-07-10,-0.018391325,2008-07-03,3.995138889,3.995138889,3.995138889,3.995138889,3.6,3.6,3.6,3.6,0.6,0.6,0.6,0.6,10.5,10.5,10.5,10.5,2.011829695,2.011829695,2.011829695,2.011829695,0.5035694,0.5035694,0.5035694,0.5035694,2008,7,28
2008-07-17,0.571870565,2008-07-10,4.178472222,4.178472222,4.178472222,4.178472222,4,4,4,4,1.2,1.2,1.2,1.2,8.2,8.2,8.2,8.2,1.626578338,1.626578338,1.626578338,1.626578338,0.389275853,0.389275853,0.389275853,0.389275853,2008,7,29
2008-07-24,-0.272360913,2008-07-17,2.2375,2.2375,2.2375,2.2375,2.05,2.05,2.05,2.05,0.2,0.2,0.2,0.2,6,6,6,6,1.171268812,1.171268812,1.171268812,1.171268812,0.523472095,0.523472095,0.523472095,0.523472095,2008,7,30
2008-07-31,1.0409545,2008-07-24,4.190972222,4.190972222,4.190972222,4.190972222,4.1,4.1,4.1,4.1,1.1,1.1,1.1,1.1,8.5,8.5,8.5,8.5,1.420524536,1.420524536,1.420524536,1.420524536,0.338948688,0.338948688,0.338948688,0.338948688,2008,7,31
2008-08-07,0.078833339,2008-07-31,2.185416667,2.185416667,2.185416667,2.185416667,2,2,2,2,0.2,0.2,0.2,0.2,6.8,6.8,6.8,6.8,1.297225051,1.297225051,1.297225051,1.297225051,0.593582483,0.593582483,0.593582483,0.593582483,2008,8,32
2008-08-14,-0.582052675,2008-08-07,2.661805556,2.661805556,2.661805556,2.661805556,2.3,2.3,2.3,2.3,0.2,0.2,0.2,0.2,9.2,9.2,9.2,9.2,1.756187723,1.756187723,1.756187723,1.756187723,0.659773108,0.659773108,0.659773108,0.659773108,2008,8,33
2008-08-21,-0.193667803,2008-08-14,2.107638889,2.107638889,2.107638889,2.107638889,2.05,2.05,2.05,2.05,0.3,0.3,0.3,0.3,5.1,5.1,5.1,5.1,0.994325147,0.994325147,0.994325147,0.994325147,0.471772063,0.471772063,0.471772063,0.471772063,2008,8,34
2008-08-26,-0.959777296,2008-08-19,4.627777778,4.627777778,4.627777778,4.627777778,4.55,4.55,4.55,4.55,0.6,0.6,0.6,0.6,10.6,10.6,10.6,10.6,1.960749266,1.960749266,1.960749266,1.960749266,0.423691318,0.423691318,0.423691318,0.423691318,2008,8,35
2008-09-04,-0.122973215,2008-08-28,2.652777778,2.652777778,2.652777778,2.652777778,2.7,2.7,2.7,2.7,0.3,0.3,0.3,0.3,6.6,6.6,6.6,6.6,1.257144308,1.257144308,1.257144308,1.257144308,0.473897331,0.473897331,0.473897331,0.473897331,2008,9,36
2008-09-10,-1.750869961,2008-09-03,1.328472222,1.328472222,1.328472222,1.328472222,1.2,1.2,1.2,1.2,0.1,0.1,0.1,0.1,4.4,4.4,4.4,4.4,0.773301269,0.773301269,0.773301269,0.773301269,0.582098185,0.582098185,0.582098185,0.582098185,2008,9,37
2008-09-17,-0.695378271,2008-09-10,3.520833333,3.520833333,3.520833333,3.520833333,3.05,3.05,3.05,3.05,0.3,0.3,0.3,0.3,8.3,8.3,8.3,8.3,1.62600695,1.62600695,1.62600695,1.62600695,0.461824459,0.461824459,0.461824459,0.461824459,2008,9,38
2008-09-24,-0.638356522,2008-09-17,2.886111111,2.886111111,2.886111111,2.886111111,2.9,2.9,2.9,2.9,1,1,1,1,5.4,5.4,5.4,5.4,0.911742442,0.911742442,0.911742442,0.911742442,0.31590691,0.31590691,0.31590691,0.31590691,2008,9,39
2009-05-15,-2.443697499,2009-05-08,NA,NA,NA,NA,NA,NA,NA,NA,NA,NA,NA,NA,NA,NA,NA,NA,NA,NA,NA,NA,NA,NA,NA,NA,2009,5,20
2009-05-29,-1.750869961,2009-05-22,NA,NA,NA,NA,NA,NA,NA,NA,NA,NA,NA,NA,NA,NA,NA,NA,NA,NA,NA,NA,NA,NA,NA,NA,2009,5,22
2009-06-04,-1.971688914,2009-05-28,NA,NA,NA,NA,NA,NA,NA,NA,NA,NA,NA,NA,NA,NA,NA,NA,NA,NA,NA,NA,NA,NA,NA,NA,2009,6,23
2009-06-17,-1.409291661,2009-06-10,NA,NA,NA,NA,NA,NA,NA,NA,NA,NA,NA,NA,NA,NA,NA,NA,NA,NA,NA,NA,NA,NA,NA,NA,2009,6,24
2009-06-25,-1.750869961,2009-06-18,NA,NA,NA,NA,NA,NA,NA,NA,NA,NA,NA,NA,NA,NA,NA,NA,NA,NA,NA,NA,NA,NA,NA,NA,2009,6,26
2009-07-02,-2.443697499,2009-06-25,NA,NA,NA,NA,NA,NA,NA,NA,NA,NA,NA,NA,NA,NA,NA,NA,NA,NA,NA,NA,NA,NA,NA,NA,2009,7,27
2009-07-09,-1.089324144,2009-07-02,NA,NA,NA,NA,NA,NA,NA,NA,NA,NA,NA,NA,NA,NA,NA,NA,NA,NA,NA,NA,NA,NA,NA,NA,2009,7,28
2009-07-16,-0.665932217,2009-07-09,NA,NA,NA,NA,NA,NA,NA,NA,NA,NA,NA,NA,NA,NA,NA,NA,NA,NA,NA,NA,NA,NA,NA,NA,2009,7,29
2009-07-23,-0.255440172,2009-07-16,NA,NA,NA,NA,NA,NA,NA,NA,NA,NA,NA,NA,NA,NA,NA,NA,NA,NA,NA,NA,NA,NA,NA,NA,2009,7,30
2009-07-30,-0.091519882,2009-07-23,NA,NA,NA,NA,NA,NA,NA,NA,NA,NA,NA,NA,NA,NA,NA,NA,NA,NA,NA,NA,NA,NA,NA,NA,2009,7,31
2009-08-06,-0.446991049,2009-07-30,3.194117647,3.201397059,3.141726619,3.148417266,2.9,2.9775,2.9,2.97,0.6,0.535,0.5,0.535,7,6.82,7,6.82,1.235329598,1.132009634,1.272615661,1.175633815,0.38675144,0.353598636,0.405068873,0.373404703,2009,8,32
2009-08-13,-1.128800578,2009-08-06,2.993478261,2.932355072,3.035,2.972964286,2.7,2.6775,2.7,2.685,0.4,0.94,0.4,1.085,7.3,5.795,7.3,5.795,1.366449206,1.079505698,1.353010233,1.058440365,0.456475407,0.368136079,0.445802383,0.35602189,2009,8,33
2009-08-20,0.512878806,2009-08-13,1.402941176,1.431470588,1.346875,1.36921875,1.3,1.245,1.4,1.27,0.4,0.43,0.4,0.43,3,2.8,2.9,2.395,0.751356468,0.699922647,0.605344144,0.585503794,0.535558069,0.488953565,0.449443448,0.427618884,2009,8,34
2009-08-27,-0.005757233,2009-08-20,1.811363636,1.7425,1.615789474,1.5975,1.7,1.5575,1.65,1.4625,0.2,0.565,0.2,0.795,4.1,3.99,3.4,3.145,0.980558908,0.811678923,0.846782883,0.634867245,0.541337415,0.465812868,0.524067583,0.397412986,2009,8,35
2009-09-01,-0.249943322,2009-08-25,2.626573427,2.652412587,2.626573427,2.652412587,2.6,2.61,2.6,2.61,1,1.005,1,1.005,4.9,4.405,4.9,4.405,0.785157296,0.680305144,0.785157296,0.680305144,0.298928363,0.256485415,0.298928363,0.256485415,2009,9,35
2009-09-08,-0.57622453,2009-09-01,2.667741935,2.675774194,2.662698413,2.685166667,2.7,2.6575,2.7,2.6225,0.4,0.49,0.3,0.49,4.8,4.45,4.8,4.45,0.993764984,0.867822861,0.992107585,0.847507675,0.372511663,0.324325895,0.372594801,0.315625725,2009,9,36
2009-09-15,-0.988723737,2009-09-08,2.929464286,2.8906875,2.920720721,2.892675676,3.05,2.94,3,2.96,0.5,0.565,0.6,0.565,5.4,4.9,5.4,4.9,1.184938391,1.122543364,1.190196097,1.129729889,0.404489789,0.38833093,0.407500823,0.390548411,2009,9,37
2009-09-21,0.659543003,2009-09-14,3.052777778,3.200868056,3.052777778,3.200868056,2.9,3.1625,2.9,3.1625,0.5,0.985,0.5,0.985,7.3,6.375,7.3,6.375,1.20864858,1.101820599,1.20864858,1.101820599,0.395917642,0.34422556,0.395917642,0.34422556,2009,9,38
2009-10-05,-0.118914698,2009-09-28,3.47826087,3.525017391,3.474358974,3.506735043,3.3,3.3,3.3,3.245,0.6,1.17,0.6,1.17,7.4,7.27,7.4,7.27,1.461661072,1.325998015,1.478766602,1.351215873,0.420227558,0.376167794,0.42562286,0.385320207,2009,10,40
2010-04-15,-1.496285346,2010-04-08,NA,NA,NA,NA,NA,NA,NA,NA,NA,NA,NA,NA,NA,NA,NA,NA,NA,NA,NA,NA,NA,NA,NA,NA,2010,4,15
2010-04-30,-0.988723737,2010-04-23,NA,NA,NA,NA,NA,NA,NA,NA,NA,NA,NA,NA,NA,NA,NA,NA,NA,NA,NA,NA,NA,NA,NA,NA,2010,4,18
2010-05-13,-2.443697499,2010-05-06,NA,NA,NA,NA,NA,NA,NA,NA,NA,NA,NA,NA,NA,NA,NA,NA,NA,NA,NA,NA,NA,NA,NA,NA,2010,5,19
2010-05-25,-1.27478095,2010-05-18,NA,NA,NA,NA,NA,NA,NA,NA,NA,NA,NA,NA,NA,NA,NA,NA,NA,NA,NA,NA,NA,NA,NA,NA,2010,5,21
2010-06-04,-0.81774036,2010-05-28,2.036170213,1.946382979,1.931818182,1.867954545,2,1.94,1.75,1.925,0.3,0.4,0.3,0.4,4.6,4.11,4.6,4.11,1.162722729,0.926755503,1.171914103,0.959698547,0.571034151,0.476142421,0.606637888,0.513769754,2010,6,23
2010-06-10,-1.750869961,2010-06-03,2.936065574,2.925409836,2.898412698,2.887380952,2.9,2.96,2.85,2.87,0.5,0.79,0.5,0.79,6.8,5.86,6.8,5.86,1.0401101,0.955206825,1.050712834,0.96358097,0.354253021,0.326520685,0.36251319,0.333721454,2010,6,23
2010-06-15,-1.605184015,2010-06-08,4.591240876,4.594014599,4.59929078,4.593829787,4.6,4.62,4.6,4.62,0.6,1.01,0.6,1.01,9.6,8.44,9.6,8.44,1.727224672,1.639679156,1.781351672,1.641816355,0.376199968,0.356916401,0.387310078,0.357395992,2010,6,24
2010-06-24,-1.128800578,2010-06-17,3.762121212,3.720833333,3.72962963,3.718074074,3.45,3.5,3.4,3.47,0.5,0.39,0.7,0.75,8.8,7.26,8.8,7.26,1.760921441,1.617966418,1.741721317,1.607498983,0.46806611,0.434839799,0.466995785,0.432347218,2010,6,25
2010-07-01,0.285021491,2010-06-24,4.253030303,4.256439394,4.196268657,4.208059701,4.25,4.22,4.2,4.2,0.9,1.01,0.4,1.01,9.6,7.64,9.6,7.64,1.805861508,1.537201349,1.849950486,1.575978263,0.424605841,0.361147242,0.440856065,0.374514236,2010,7,26
2010-07-08,-1.172227408,2010-07-01,4.423776224,4.292797203,4.426388889,4.294444444,4,4.04,4.05,4.04,0.9,1.82,0.9,1.82,10.5,8.42,10.5,8.42,1.696307425,1.464705136,1.690656599,1.459708649,0.383452358,0.341200636,0.381949404,0.339906283,2010,7,27
2010-07-15,-1.220484084,2010-07-08,3.250877193,3.230175439,3.089130435,3.157826087,3.3,3.01,3.25,2.965,0.6,0.69,0.6,0.69,6.1,5.82,5.4,5.82,1.19703843,1.02921692,1.058138462,0.929771568,0.368220132,0.318625703,0.342536026,0.294434064,2010,7,28
2010-07-22,-0.308318625,2010-07-15,2.334146341,2.336585366,2.138235294,2.288823529,2.2,2.41,2.1,2.39,0.3,0.67,0.4,0.51,5.2,4.74,3.6,3.88,1.107160728,1.015836133,0.993010332,0.96166133,0.474332182,0.434752416,0.464406482,0.420155297,2010,7,29
2010-07-29,-0.959777296,2010-07-22,3.997222222,4.007777778,3.997222222,4.007777778,3.6,3.86,3.6,3.86,0.9,1.49,0.9,1.49,8.8,7.02,8.8,7.02,1.583920269,1.360085582,1.583920269,1.360085582,0.396255245,0.339361526,0.396255245,0.339361526,2010,7,30
2010-08-05,1.197265187,2010-07-29,4.329496403,4.38352518,4.318571429,4.382928571,4.4,4.62,4.35,4.61,1.2,1.4,1.2,1.4,8,7.67,8,7.67,1.727419674,1.580114132,1.729456425,1.575204222,0.398988592,0.360466535,0.400469566,0.359395367,2010,8,31
2010-08-12,1.554006548,2010-08-05,2.829411765,2.831985294,2.80942029,2.814202899,2.75,2.65,2.75,2.635,0.2,0.69,0.1,0.69,6.3,6.17,6.3,6.17,1.257399883,1.127202253,1.269627664,1.133299434,0.444403285,0.398025461,0.451918023,0.402707081,2010,8,32
2010-08-19,1.646874271,2010-08-12,3.366666667,3.198888889,NA,NA,3.7,3.52,NA,NA,1.4,1,NA,NA,4.9,4.87,NA,NA,1.103403825,1.215837617,NA,NA,0.32774371,0.380081228,NA,NA,2010,8,33
2010-08-26,0.674747961,2010-08-19,2.8421875,2.8825,2.851968504,2.89,2.7,2.69,2.7,2.7,0.7,0.49,0.7,0.49,6.9,6.46,6.9,6.46,1.239863428,1.214336279,1.239293859,1.215392026,0.43623562,0.421278848,0.434539812,0.420550874,2010,8,34
2010-09-02,-0.302115104,2010-08-26,3.860416667,3.861666667,3.860416667,3.861666667,3.7,3.65,3.7,3.65,1.1,1.33,1.1,1.33,7.7,6.98,7.7,6.98,1.359669785,1.292965908,1.359669785,1.292965908,0.352208039,0.334820693,0.352208039,0.334820693,2010,9,35
2010-09-09,-0.390623935,2010-09-02,2.857894737,2.947192982,2.863063063,2.973333333,2.7,2.92,2.7,2.94,0.2,0.53,0.2,0.53,7.1,5.85,7.1,5.85,1.500554159,1.37169652,1.537467098,1.381983642,0.525055783,0.465424737,0.53700078,0.464792705,2010,9,36
2010-09-16,-0.81774036,2010-09-09,3.766197183,3.733169014,3.755944056,3.717972028,3.6,3.67,3.6,3.67,1.4,1.84,1.4,1.56,7.1,6.3,7.1,6.3,0.947028748,0.786837074,0.951619996,0.804846726,0.251454903,0.210769207,0.25336373,0.216474659,2010,9,37
2010-09-23,-1.27478095,2010-09-16,2.888659794,2.95814433,2.952475248,2.98029703,2.9,2.9,3,2.9,0.3,1.01,0.5,1.01,5.7,5.32,5.7,5.85,1.183205065,1.014621573,1.185461434,1.043771484,0.409603467,0.342992586,0.401514436,0.350223979,2010,9,38
2010-09-30,-1.750869961,2010-09-23,2.628947368,2.561315789,2.758441558,2.667922078,2.05,2.15,2.1,2.27,0.1,0.49,0.8,0.85,6.5,6.23,6.7,6.23,1.52086079,1.26188361,1.537286626,1.262359255,0.578505606,0.492670063,0.55730259,0.473161966,2010,9,39
2010-10-07,-1.336849366,2010-09-30,4.556756757,4.541621622,4.946666667,4.946666667,4.5,4.6,5.3,5.595,0.1,0.42,0.1,0.42,9.8,8.41,9.8,8.41,2.862840522,2.758085602,2.642847646,2.617584216,0.628262748,0.607290926,0.534268392,0.52916123,2010,10,40
2011-04-28,-2.443697499,2011-04-21,2.212621359,2.212621359,2.212621359,2.212621359,1.8,1.8,1.8,1.8,0.3,0.3,0.3,0.3,6.6,6.6,6.6,6.6,1.416408023,1.416408023,1.416408023,1.416408023,0.640149304,0.640149304,0.640149304,0.640149304,2011,4,17
2011-05-05,-2.443697499,2011-04-28,1.715702479,1.715702479,1.715702479,1.715702479,1.6,1.6,1.6,1.6,0.1,0.1,0.1,0.1,4.6,4.6,4.6,4.6,0.941630524,0.941630524,0.941630524,0.941630524,0.548830893,0.548830893,0.548830893,0.548830893,2011,5,18
2011-05-12,-2.443697499,2011-05-05,1.372463768,1.372463768,1.372463768,1.372463768,1.2,1.2,1.2,1.2,0.2,0.2,0.2,0.2,3.7,3.7,3.7,3.7,0.839622474,0.839622474,0.839622474,0.839622474,0.611762943,0.611762943,0.611762943,0.611762943,2011,5,19
2011-05-19,-2.443697499,2011-05-12,0.913793103,0.913793103,0.913793103,0.913793103,0.6,0.6,0.6,0.6,0.1,0.1,0.1,0.1,4.5,4.5,4.5,4.5,0.783480376,0.783480376,0.783480376,0.783480376,0.85739362,0.85739362,0.85739362,0.85739362,2011,5,20
2011-05-26,-2.443697499,2011-05-19,1.7,1.7,1.7,1.7,1.6,1.6,1.6,1.6,0.5,0.5,0.5,0.5,2.9,2.9,2.9,2.9,1.083974169,1.083974169,1.083974169,1.083974169,0.637631864,0.637631864,0.637631864,0.637631864,2011,5,21
2011-06-02,-1.971688914,2011-05-26,4.796385542,4.796385542,4.796385542,4.796385542,5.3,5.3,5.3,5.3,0.3,0.3,0.3,0.3,10.5,10.5,10.5,10.5,2.653090503,2.653090503,2.653090503,2.653090503,0.553143712,0.553143712,0.553143712,0.553143712,2011,6,22
2011-06-10,-2.443697499,2011-06-03,5.606569343,5.606569343,5.606569343,5.606569343,5.8,5.8,5.8,5.8,0.6,0.6,0.6,0.6,13,13,13,13,2.531542322,2.531542322,2.531542322,2.531542322,0.451531439,0.451531439,0.451531439,0.451531439,2011,6,23
2011-06-16,-2.443697499,2011-06-09,3.572857143,3.572857143,3.572857143,3.572857143,3.25,3.25,3.25,3.25,0.7,0.7,0.7,0.7,8.4,8.4,8.4,8.4,1.581086179,1.581086179,1.581086179,1.581086179,0.442527119,0.442527119,0.442527119,0.442527119,2011,6,24
2011-06-23,-1.971688914,2011-06-16,2.732592593,2.732592593,2.732592593,2.732592593,2.7,2.7,2.7,2.7,0.2,0.2,0.2,0.2,6.3,6.3,6.3,6.3,1.089901381,1.089901381,1.089901381,1.089901381,0.398852498,0.398852498,0.398852498,0.398852498,2011,6,25
2011-06-30,-2.443697499,2011-06-23,5,5,5,5,4.1,4.1,4.1,4.1,3.2,3.2,3.2,3.2,7.3,7.3,7.3,7.3,1.949358869,1.949358869,1.949358869,1.949358869,0.389871774,0.389871774,0.389871774,0.389871774,2011,6,26
2011-07-07,-2.443697499,2011-06-30,3.755555556,3.755555556,3.755555556,3.755555556,3.4,3.4,3.4,3.4,1,1,1,1,9.2,9.2,9.2,9.2,1.677443017,1.677443017,1.677443017,1.677443017,0.446656425,0.446656425,0.446656425,0.446656425,2011,7,27
2011-07-14,-0.665932217,2011-07-07,3.360833333,3.360833333,3.360833333,3.360833333,3.2,3.2,3.2,3.2,1.3,1.3,1.3,1.3,6.8,6.8,6.8,6.8,1.132951513,1.132951513,1.132951513,1.132951513,0.337104343,0.337104343,0.337104343,0.337104343,2011,7,28
2011-07-21,-0.79800432,2011-07-14,4.116071429,4.116071429,4.116071429,4.116071429,4,4,4,4,0.4,0.4,0.4,0.4,8.6,8.6,8.6,8.6,1.680012525,1.680012525,1.680012525,1.680012525,0.408159225,0.408159225,0.408159225,0.408159225,2011,7,29
2011-07-28,-0.638356522,2011-07-21,4.444444444,4.444444444,4.444444444,4.444444444,4.3,4.3,4.3,4.3,0.8,0.8,0.8,0.8,9.6,9.6,9.6,9.6,1.851772078,1.851772078,1.851772078,1.851772078,0.416648718,0.416648718,0.416648718,0.416648718,2011,7,30
2011-08-04,-0.072958881,2011-07-28,2.171264368,2.171264368,2.171264368,2.171264368,2.1,2.1,2.1,2.1,0.2,0.2,0.2,0.2,4.6,4.6,4.6,4.6,1.015336815,1.015336815,1.015336815,1.015336815,0.467624685,0.467624685,0.467624685,0.467624685,2011,8,31
2011-08-11,-0.761034826,2011-08-04,1.139285714,1.139285714,1.139285714,1.139285714,1.1,1.1,1.1,1.1,0.3,0.3,0.3,0.3,3.5,3.5,3.5,3.5,0.684397159,0.684397159,0.684397159,0.684397159,0.600724779,0.600724779,0.600724779,0.600724779,2011,8,32
2011-08-18,0.613449653,2011-08-11,4.288194444,4.288194444,4.288194444,4.288194444,4.25,4.25,4.25,4.25,1.1,1.1,1.1,1.1,7.6,7.6,7.6,7.6,1.399275363,1.399275363,1.399275363,1.399275363,0.326308749,0.326308749,0.326308749,0.326308749,2011,8,33
2011-08-25,0.377926019,2011-08-18,3.553781513,3.553781513,3.553781513,3.553781513,3.9,3.9,3.9,3.9,0.6,0.6,0.6,0.6,6.5,6.5,6.5,6.5,1.526588637,1.526588637,1.526588637,1.526588637,0.429567387,0.429567387,0.429567387,0.429567387,2011,8,34
2011-09-01,0.024307891,2011-08-25,4.708571429,4.708571429,4.708571429,4.708571429,4.5,4.5,4.5,4.5,0.5,0.5,0.5,0.5,9.6,9.6,9.6,9.6,1.745270514,1.745270514,1.745270514,1.745270514,0.37065818,0.37065818,0.37065818,0.37065818,2011,9,35
2011-09-08,-0.33405872,2011-09-01,1.64,1.64,1.64,1.64,1.2,1.2,1.2,1.2,0.1,0.1,0.1,0.1,3.9,3.9,3.9,3.9,1.293745639,1.293745639,1.293745639,1.293745639,0.788869292,0.788869292,0.788869292,0.788869292,2011,9,36
2011-09-15,-1.220484084,2011-09-08,1.674285714,1.674285714,1.674285714,1.674285714,1.6,1.6,1.6,1.6,0.3,0.3,0.3,0.3,3.6,3.6,3.6,3.6,0.761136777,0.761136777,0.761136777,0.761136777,0.454603877,0.454603877,0.454603877,0.454603877,2011,9,37
2011-09-22,-1.750869961,2011-09-15,3.865137615,3.865137615,3.865137615,3.865137615,3.9,3.9,3.9,3.9,0.5,0.5,0.5,0.5,8.5,8.5,8.5,8.5,1.600889576,1.600889576,1.600889576,1.600889576,0.414186954,0.414186954,0.414186954,0.414186954,2011,9,38
2011-09-29,-2.443697499,2011-09-22,1.02,1.02,1.02,1.02,0.95,0.95,0.95,0.95,0.1,0.1,0.1,0.1,2.5,2.5,2.5,2.5,0.567172117,0.567172117,0.567172117,0.567172117,0.556051095,0.556051095,0.556051095,0.556051095,2011,9,39
2011-10-06,-2.443697499,2011-09-29,4.202631579,4.202631579,4.202631579,4.202631579,4.05,4.05,4.05,4.05,1.6,1.6,1.6,1.6,11.7,11.7,11.7,11.7,1.71408897,1.71408897,1.71408897,1.71408897,0.407860869,0.407860869,0.407860869,0.407860869,2011,10,40
2012-02-16,-2.443697499,2012-02-09,0.934951456,0.934951456,0.934951456,0.934951456,0.8,0.8,0.8,0.8,0.2,0.2,0.2,0.2,2.5,2.5,2.5,2.5,0.505791699,0.505791699,0.505791699,0.505791699,0.540981776,0.540981776,0.540981776,0.540981776,2012,2,7
2012-03-29,-2.443697499,2012-03-22,1.027,1.027,1.027,1.027,0.9,0.9,0.9,0.9,0.1,0.1,0.1,0.1,4,4,4,4,0.68118361,0.68118361,0.68118361,0.68118361,0.663275181,0.663275181,0.663275181,0.663275181,2012,3,13
2012-04-13,-2.443697499,2012-04-06,1.146067416,1.146067416,1.146067416,1.146067416,0.8,0.8,0.8,0.8,0.2,0.2,0.2,0.2,4,4,4,4,0.905169017,0.905169017,0.905169017,0.905169017,0.789804339,0.789804339,0.789804339,0.789804339,2012,4,15
2012-04-19,-2.443697499,2012-04-12,0.901265823,0.901265823,0.901265823,0.901265823,0.7,0.7,0.7,0.7,0.2,0.2,0.2,0.2,3.9,3.9,3.9,3.9,0.649752156,0.649752156,0.649752156,0.649752156,0.72093287,0.72093287,0.72093287,0.72093287,2012,4,16
2012-05-03,-2.443697499,2012-04-26,2.914102564,2.914102564,2.914102564,2.914102564,2.6,2.6,2.6,2.6,0.1,0.1,0.1,0.1,8.2,8.2,8.2,8.2,1.598597141,1.598597141,1.598597141,1.598597141,0.54857271,0.54857271,0.54857271,0.54857271,2012,5,18
2012-05-10,-2.443697499,2012-05-03,2.06,2.06,2.06,2.06,1.35,1.35,1.35,1.35,0,0,0,0,16.7,16.7,16.7,16.7,3.54258306,3.54258306,3.54258306,3.54258306,1.719700515,1.719700515,1.719700515,1.719700515,2012,5,19
2012-05-17,-2.443697499,2012-05-10,3.326573427,3.326573427,3.326573427,3.326573427,3.2,3.2,3.2,3.2,0.3,0.3,0.3,0.3,7.6,7.6,7.6,7.6,1.323884119,1.323884119,1.323884119,1.323884119,0.397972313,0.397972313,0.397972313,0.397972313,2012,5,20
2012-05-24,-2.443697499,2012-05-17,4.261538462,4.261538462,4.261538462,4.261538462,4.2,4.2,4.2,4.2,0.2,0.2,0.2,0.2,9.1,9.1,9.1,9.1,1.694971341,1.694971341,1.694971341,1.694971341,0.397736957,0.397736957,0.397736957,0.397736957,2012,5,21
2012-05-31,-2.443697499,2012-05-24,2.053846154,2.053846154,2.053846154,2.053846154,1.4,1.4,1.4,1.4,0.1,0.1,0.1,0.1,6.7,6.7,6.7,6.7,1.774173697,1.774173697,1.774173697,1.774173697,0.86382989,0.86382989,0.86382989,0.86382989,2012,5,22
2012-06-07,-1.27478095,2012-05-31,3.903759398,3.903759398,3.903759398,3.903759398,3.6,3.6,3.6,3.6,1.5,1.5,1.5,1.5,7.6,7.6,7.6,7.6,1.422247795,1.422247795,1.422247795,1.422247795,0.364327729,0.364327729,0.364327729,0.364327729,2012,6,23
2012-06-14,-0.838416159,2012-06-07,2.425773196,2.425773196,2.425773196,2.425773196,2,2,2,2,0.4,0.4,0.4,0.4,7.1,7.1,7.1,7.1,1.420700997,1.420700997,1.420700997,1.420700997,0.585669344,0.585669344,0.585669344,0.585669344,2012,6,24
2012-06-21,-0.289967733,2012-06-14,2.040566038,2.040566038,2.040566038,2.040566038,1.85,1.85,1.85,1.85,0.2,0.2,0.2,0.2,6.2,6.2,6.2,6.2,1.163474133,1.163474133,1.163474133,1.163474133,0.570172252,0.570172252,0.570172252,0.570172252,2012,6,25
2012-06-28,-1.971688914,2012-06-21,2.705882353,2.705882353,2.705882353,2.705882353,2.6,2.6,2.6,2.6,0.4,0.4,0.4,0.4,6.7,6.7,6.7,6.7,1.168713424,1.168713424,1.168713424,1.168713424,0.431915831,0.431915831,0.431915831,0.431915831,2012,6,26
2012-07-05,-0.511780809,2012-06-28,3.616129032,3.616129032,3.616129032,3.616129032,3.5,3.5,3.5,3.5,0.8,0.8,0.8,0.8,7.7,7.7,7.7,7.7,1.399848255,1.399848255,1.399848255,1.399848255,0.387112363,0.387112363,0.387112363,0.387112363,2012,7,27
2012-07-12,-0.932640213,2012-07-05,3.847058824,3.847058824,3.847058824,3.847058824,3.4,3.4,3.4,3.4,0.5,0.5,0.5,0.5,8.8,8.8,8.8,8.8,1.844308208,1.844308208,1.844308208,1.844308208,0.479407332,0.479407332,0.479407332,0.479407332,2012,7,28
2012-07-19,-0.542808437,2012-07-12,2.515384615,2.515384615,2.515384615,2.515384615,2.5,2.5,2.5,2.5,0.2,0.2,0.2,0.2,6,6,6,6,1.190966747,1.190966747,1.190966747,1.190966747,0.473473019,0.473473019,0.473473019,0.473473019,2012,7,29
2012-07-26,-0.302115104,2012-07-19,3.450420168,3.450420168,3.450420168,3.450420168,2.8,2.8,2.8,2.8,0.5,0.5,0.5,0.5,8,8,8,8,1.709042449,1.709042449,1.709042449,1.709042449,0.4953143,0.4953143,0.4953143,0.4953143,2012,7,30
2012-08-02,-0.165791735,2012-07-26,1.736585366,1.736585366,1.736585366,1.736585366,1.8,1.8,1.8,1.8,0.2,0.2,0.2,0.2,3.6,3.6,3.6,3.6,0.798359599,0.798359599,0.798359599,0.798359599,0.459729544,0.459729544,0.459729544,0.459729544,2012,8,31
2012-08-09,0.071078287,2012-08-02,2.37107438,2.37107438,2.37107438,2.37107438,2.1,2.1,2.1,2.1,0.3,0.3,0.3,0.3,6.5,6.5,6.5,6.5,1.188937762,1.188937762,1.188937762,1.188937762,0.50143419,0.50143419,0.50143419,0.50143419,2012,8,32
2012-08-16,-0.79800432,2012-08-09,2.073770492,2.073770492,2.073770492,2.073770492,2.2,2.2,2.2,2.2,0.4,0.4,0.4,0.4,3.6,3.6,3.6,3.6,0.692074572,0.692074572,0.692074572,0.692074572,0.333727659,0.333727659,0.333727659,0.333727659,2012,8,33
2012-08-23,-0.553663939,2012-08-16,3.205,3.205,3.205,3.205,2.9,2.9,2.9,2.9,0.5,0.5,0.5,0.5,7.6,7.6,7.6,7.6,1.486404817,1.486404817,1.486404817,1.486404817,0.463776854,0.463776854,0.463776854,0.463776854,2012,8,34
2012-08-30,-0.165791735,2012-08-23,2.677165354,2.677165354,2.677165354,2.677165354,2.5,2.5,2.5,2.5,0.1,0.1,0.1,0.1,6.6,6.6,6.6,6.6,1.292971782,1.292971782,1.292971782,1.292971782,0.482962989,0.482962989,0.482962989,0.482962989,2012,8,35
2012-09-06,-0.244515176,2012-08-30,4.428472222,4.428472222,4.428472222,4.428472222,4.6,4.6,4.6,4.6,1.2,1.2,1.2,1.2,8.9,8.9,8.9,8.9,1.618886054,1.618886054,1.618886054,1.618886054,0.365563105,0.365563105,0.365563105,0.365563105,2012,9,36
2012-09-13,-0.188895757,2012-09-06,2.290909091,2.290909091,2.290909091,2.290909091,2.1,2.1,2.1,2.1,0.3,0.3,0.3,0.3,6.1,6.1,6.1,6.1,1.118201821,1.118201821,1.118201821,1.118201821,0.48810397,0.48810397,0.48810397,0.48810397,2012,9,37
2012-09-20,-0.482822866,2012-09-13,2.638709677,2.638709677,2.638709677,2.638709677,2.7,2.7,2.7,2.7,0.4,0.4,0.4,0.4,4.7,4.7,4.7,4.7,0.926897937,0.926897937,0.926897937,0.926897937,0.351269389,0.351269389,0.351269389,0.351269389,2012,9,38
2012-09-27,-1.605184015,2012-09-20,2.0125,2.0125,2.0125,2.0125,1.25,1.25,1.25,1.25,0.3,0.3,0.3,0.3,6.1,6.1,6.1,6.1,1.792902674,1.792902674,1.792902674,1.792902674,0.890883316,0.890883316,0.890883316,0.890883316,2012,9,39
2012-10-05,-1.496285346,2012-09-28,2.6,2.6,2.6,2.6,1.7,1.7,1.7,1.7,0.8,0.8,0.8,0.8,12,12,12,12,2.704071005,2.704071005,2.704071005,2.704071005,1.04002731,1.04002731,1.04002731,1.04002731,2012,10,40
2013-04-24,-2.443697499,2013-04-17,1.118644068,1.251694915,1.346875,1.27796875,0.9,1.33,1.2,1.33,0.1,0.36,0.1,0.42,2.7,2.05,4,2.05,0.627934374,0.462717433,0.802173387,0.424567678,0.561335274,0.369672695,0.595581169,0.332220704,2013,4,17
2013-05-02,-2.443697499,2013-04-25,1.496,1.4772,1.523387097,1.494112903,1.4,1.4,1.4,1.43,0.2,0.33,0.2,0.33,5.4,3.51,5.4,3.51,0.987796241,0.705858715,0.980634345,0.706098881,0.660291605,0.477835577,0.64371974,0.472587366,2013,5,18
2013-05-14,-2.443697499,2013-05-07,0.66626506,0.623975904,0.578205128,0.569230769,0.5,0.52,0.5,0.5,0.2,0.27,0.1,0.26,2.3,1.56,1.5,1.45,0.400389173,0.269022348,0.33093627,0.230858191,0.600945775,0.431142207,0.572350976,0.405561687,2013,5,20
2013-05-23,-2.443697499,2013-05-16,5.491970803,5.444671533,5.442857143,5.4115,4.9,5.08,4.75,4.99,1,1.18,1,1.19,12.9,11.12,12.9,11.12,2.942964152,2.735125831,2.931008687,2.713829206,0.535866678,0.502349098,0.538505533,0.50149297,2013,5,21
2013-05-30,-2.443697499,2013-05-23,4.608955224,4.711940299,4.7921875,4.85484375,4.4,4.44,4.4,4.64,0,0.89,0.4,0.89,8.1,7.82,8.1,7.82,1.79441316,1.513938511,1.674486862,1.431572553,0.389331871,0.321298322,0.349420147,0.294875103,2013,5,22
2013-06-06,-2.443697499,2013-05-30,3.135074627,3.12619403,3.132835821,3.112089552,2.9,3.055,2.9,3.055,0.2,0.64,0.2,0.45,7.2,7.03,7.2,7.03,1.497780687,1.381726497,1.500214327,1.401975553,0.477749612,0.441983602,0.478867841,0.450493319,2013,6,23
2013-06-13,-1.605184015,2013-06-06,2.245833333,2.104583333,1.547058824,1.530588235,1.9,1.71,1.5,1.62,0.4,0.7,0.4,0.46,5.4,4.81,2.9,2.67,1.423705871,1.194261566,0.787494164,0.65671979,0.633932113,0.567457485,0.509026646,0.42906366,2013,6,24
2013-06-20,-1.605184015,2013-06-13,2.016071429,2.125535714,1.989090909,2.092545455,2,2.12,2,2.09,0.3,0.25,0.3,0.51,4,3.71,4,3.36,0.865033218,0.774652813,0.859084941,0.738412256,0.429068735,0.364450622,0.431898279,0.352877523,2013,6,25
2013-06-27,-1.605184015,2013-06-20,2.03852459,1.940737705,2.043089431,1.95601626,1.8,1.765,1.8,1.76,0.2,0.37,0.2,0.37,5.8,4.92,5.8,4.92,1.005969515,0.805169422,0.983560053,0.784530495,0.493479215,0.414878023,0.481408223,0.401085876,2013,6,26
2013-07-03,-1.172227408,2013-06-26,1.955855856,1.978288288,1.914035088,1.925877193,1.7,1.87,1.7,1.79,0.3,0.48,0.3,0.46,4.3,3.86,4.3,3.86,0.984764364,0.852637484,1.0046685,0.884401514,0.503495368,0.43099759,0.52489555,0.459220098,2013,7,27
2013-07-11,-1.128800578,2013-07-04,2.602112676,2.683028169,2.627857143,2.701428571,2.55,2.77,2.6,2.785,0.3,0.81,0.3,0.81,5.3,4.92,5.3,4.92,1.124357551,0.978397147,1.111229008,0.972950398,0.432094106,0.364661526,0.422865075,0.360161438,2013,7,28
2013-07-18,-1.089324144,2013-07-11,3.437588652,3.435390071,3.507194245,3.510215827,3.6,3.42,3.6,3.44,0.6,1.1,0.6,1.1,6.7,6.11,7,6.9,1.277919012,1.134522252,1.291703756,1.161854133,0.371748671,0.330245541,0.368301173,0.330992221,2013,7,29
2013-07-25,-0.43847669,2013-07-18,3.030769231,3.005128205,3.006896552,2.981982759,3,2.98,3,2.97,0.5,0.68,0.5,0.68,11.6,10.92,11.6,10.92,1.52397289,1.367532144,1.520739187,1.378111007,0.502833695,0.455066157,0.505750418,0.462145867,2013,7,30
2013-08-01,-0.266647102,2013-07-25,2.301587302,2.311269841,2.323076923,2.315230769,2.2,2.13,2.3,2.18,0.6,0.66,0.6,0.66,4.4,3.96,4.4,3.96,0.915545327,0.815223089,0.929678915,0.832952407,0.397788659,0.352716534,0.40019291,0.359770792,2013,8,31
2013-08-08,-0.361421052,2013-08-01,3.329090909,3.472363636,3.254545455,3.463454545,3.3,3.75,3.3,3.73,0.2,0.57,0.3,0.41,8.6,7.89,5.7,7.89,1.691446097,1.632622253,1.411830724,1.526376996,0.508080477,0.47017606,0.433802736,0.440709406,2013,8,32
2013-08-15,-0.261007489,2013-08-08,3.314130435,3.279782609,3.255789474,3.245578947,3.3,3.325,3.2,3.22,0.2,1.35,0.4,1.71,6.5,4.83,6.5,4.83,1.074027188,0.77825245,1.038484554,0.740830063,0.324075111,0.237287815,0.318965511,0.228258217,2013,8,33
2013-08-22,0.464020014,2013-08-15,4.217361111,4.165625,4.217361111,4.165625,3.95,4.18,3.95,4.18,1.2,1.57,1.2,1.57,8.2,7.01,8.2,7.01,1.359572632,1.182392217,1.359572632,1.182392217,0.3223752,0.283845093,0.3223752,0.283845093,2013,8,34
2013-08-29,0.200874374,2013-08-22,3.383216783,3.298321678,3.373611111,3.291041667,3.3,3.19,3.3,3.18,1.1,0.96,1.1,0.96,6.2,5.75,6.2,5.75,1.163226814,1.006068898,1.164869578,1.006344016,0.343822725,0.305024493,0.345288636,0.305782824,2013,8,35
2013-09-05,0.624529027,2013-08-29,2.366666667,2.3025,1.48,1.526,2.35,2.125,1.5,1.42,0.8,0.68,0.8,0.68,4.7,4.4,2.3,2.45,1.113824969,1.23320075,0.576194412,0.804568207,0.470630268,0.535592074,0.389320548,0.527239978,2013,9,36
2013-09-11,0.975287543,2013-09-04,4.389583333,4.339375,4.389583333,4.339375,4.25,4.335,4.25,4.335,1.2,0.97,1.2,0.97,9.4,6.95,9.4,6.95,1.56096253,1.29996569,1.56096253,1.29996569,0.355606082,0.299574406,0.355606082,0.299574406,2013,9,37
2013-09-18,1.911903337,2013-09-11,3.361363636,3.428030303,3.38778626,3.457099237,3.25,3.455,3.3,3.48,0.4,0.47,0.5,0.93,9.2,11.21,9.2,11.21,1.557824267,1.379211767,1.536580765,1.34946912,0.463450086,0.402333598,0.453564849,0.390347233,2013,9,38
2013-09-25,-0.33405872,2013-09-18,2.590909091,2.589440559,2.582638889,2.584305556,2.7,2.66,2.7,2.625,0.7,1.06,0.7,1.06,4.6,4.01,4.6,4.01,0.858340119,0.700624245,0.861071853,0.70088421,0.331289169,0.270569735,0.333407762,0.271207949,2013,9,39
2013-10-02,-0.625198638,2013-09-25,3.993137255,3.998627451,3.884259259,3.903703704,3.95,3.935,3.85,3.83,1.4,1.63,1.4,1.63,8.8,8.09,8.8,8.09,1.507227459,1.394339362,1.515290419,1.379032976,0.377454458,0.348704494,0.390110525,0.353262717,2013,10,40
2013-10-09,-1.496285346,2013-10-02,3.677536232,3.704637681,3.704379562,3.716350365,3.4,3.42,3.4,3.44,0.3,0.47,0.3,0.47,7.8,7.69,7.8,7.69,1.91795276,1.862566771,1.903667846,1.860828751,0.521531982,0.502766244,0.513896542,0.500714025,2013,10,41
2014-05-29,-2.443697499,2014-05-22,NA,NA,NA,NA,NA,NA,NA,NA,NA,NA,NA,NA,NA,NA,NA,NA,NA,NA,NA,NA,NA,NA,NA,NA,2014,5,22
2014-06-05,-1.971688914,2014-05-29,NA,NA,NA,NA,NA,NA,NA,NA,NA,NA,NA,NA,NA,NA,NA,NA,NA,NA,NA,NA,NA,NA,NA,NA,2014,6,23
2014-06-12,-2.443697499,2014-06-05,NA,NA,NA,NA,NA,NA,NA,NA,NA,NA,NA,NA,NA,NA,NA,NA,NA,NA,NA,NA,NA,NA,NA,NA,2014,6,24
2014-06-19,-0.860125707,2014-06-12,4,3.555,NA,NA,4.35,3.855,NA,NA,2.2,2.02,NA,NA,5.1,4.49,NA,NA,1.329160136,1.081927293,NA,NA,0.332290034,0.304339604,NA,NA,2014,6,25
2014-06-26,-0.638356522,2014-06-19,4.165972222,4.015277778,4.165972222,4.015277778,3.5,3.58,3.5,3.58,0.5,1,0.5,1,8.9,7.72,8.9,7.72,1.789212555,1.475905764,1.789212555,1.475905764,0.429482594,0.367572518,0.429482594,0.367572518,2014,6,26
2014-07-02,0.122662711,2014-06-25,3.520879121,3.66956044,3.490425532,3.644042553,3.5,3.62,3.5,3.67,1,1.27,0.4,0.91,8.3,6.75,8.3,6.75,1.507648388,1.440651791,1.569060341,1.468125364,0.428202258,0.392595193,0.449532679,0.402883705,2014,7,27
2014-07-09,0.571870565,2014-07-02,3.48,3.40064,3.492248062,3.475736434,3.3,3.26,3.2,3.26,0.5,0.73,0.7,1.15,13.1,8.98,13.1,10.03,1.678228713,1.361920338,1.703517152,1.429086124,0.48224963,0.400489419,0.487799584,0.411160671,2014,7,28
2014-07-17,-0.028114094,2014-07-10,3.265079365,3.36047619,3.224806202,3.309922481,3.25,3.4,3.2,3.38,0.6,1.04,0.6,0.68,6.3,5.73,6.3,5.73,1.037174428,0.91284685,1.057933644,0.961863017,0.317656728,0.271642112,0.328061154,0.290599862,2014,7,29
2014-07-23,0.236155645,2014-07-16,2.193636364,2.251227273,2.194594595,2.25509009,2.2,2.2,2.2,2.2,0.2,0.42,0.2,0.34,5.8,8.59,5.8,8.59,0.902013779,0.963568289,0.900185621,0.955191314,0.411195672,0.428019108,0.410183103,0.423571244,2014,7,30
2014-07-30,0.115658146,2014-07-23,3.925174825,3.766755245,3.925174825,3.766755245,4,3.88,4,3.88,0.8,1.1,0.8,1.1,12.4,8.79,12.4,8.79,1.729710084,1.422118808,1.729710084,1.422118808,0.440670839,0.377544787,0.440670839,0.377544787,2014,7,31
2014-08-06,0.232573947,2014-07-30,2.07047619,2.147847619,2.109,2.18124,2.2,2.29,2.25,2.32,0.4,0.37,0.5,0.37,3.6,3.87,3.6,3.87,0.789464742,0.729543255,0.779548561,0.717062345,0.381296219,0.339662483,0.369629474,0.328740691,2014,8,32
2014-08-12,-0.233858277,2014-08-05,2.598214286,2.595776786,2.671818182,2.670881818,2.7,2.82,2.8,2.845,0.2,0.33,0.2,0.39,7.6,5.58,7.6,6.08,1.261629301,1.036898578,1.249817001,1.061435947,0.485575539,0.399455987,0.467777714,0.397410301,2014,8,32
2014-08-20,0.389355182,2014-08-13,3.36,3.3084,2.873684211,2.896315789,2.9,2.91,2.7,2.88,2.2,2.14,2.4,2.14,10.5,9.25,4.1,3.78,1.671326818,1.418445981,0.420108591,0.371994781,0.497418696,0.428740775,0.146191634,0.128437231,2014,8,34
2014-08-27,-0.511780809,2014-08-20,1.475862069,1.510689655,1.52962963,1.497037037,1.3,1.48,1.4,1.18,0.2,0.38,0.2,0.38,3.7,3.3,3.7,3.3,0.992347567,0.834574019,1.003384586,0.86250447,0.672385034,0.55244571,0.65596571,0.576141036,2014,8,35
2014-09-04,0.060517987,2014-08-28,4.413986014,4.521818182,4.41875,4.525138889,4.1,4.31,4.1,4.345,1.2,1.52,1.2,1.52,9.5,7.95,9.5,7.95,1.707382537,1.594305287,1.702362355,1.589220676,0.38681195,0.352580582,0.385258807,0.35119821,2014,9,36
2014-09-10,-0.390623935,2014-09-03,3.577622378,3.688111888,3.593661972,3.708521127,3.6,3.79,3.6,3.8,0.9,0.79,0.9,1.12,6.8,7.95,6.8,7.95,1.21773396,1.169160016,1.206790174,1.147450425,0.340375208,0.31700774,0.335810709,0.309409165,2014,9,37
2014-09-17,0.294479877,2014-09-10,1.619047619,1.767619048,1.291666667,1.285833333,1.5,1.69,1.2,1.31,0.3,0.75,0.4,0.53,3.6,3.62,2.2,1.75,0.882960388,0.72911525,0.531649805,0.424916213,0.545357887,0.412484382,0.411599849,0.33045979,2014,9,38
2014-09-25,-0.988723737,2014-09-18,3.500714286,3.508,3.512765957,3.521560284,3.4,3.58,3.4,3.58,0.9,1.17,0.9,1.17,6.3,5.94,6.3,5.94,1.192150371,1.052339087,1.21724813,1.065771541,0.340544893,0.299982636,0.346521273,0.302641856,2014,9,39
2014-10-03,-1.750869961,2014-09-26,2.927559055,2.969606299,2.9536,2.99688,2.8,2.93,2.9,3.02,0.4,0.66,0.4,0.66,8.1,7.17,8.1,7.17,1.391851409,1.268968086,1.388056427,1.264538304,0.475430686,0.427318627,0.469954099,0.421951598,2014,10,40
2014-10-10,-0.882977839,2014-10-03,1.816129032,1.731935484,1.755555556,1.643703704,2,1.57,1.9,1.48,0.2,0.44,0.4,0.7,3.8,3.53,3.8,2.79,1.0023628,0.770741718,0.879830986,0.626007791,0.551922679,0.445017569,0.501169549,0.380851969,2014,10,41
2015-05-14,-2.443697499,2015-05-07,NA,NA,NA,NA,NA,NA,NA,NA,NA,NA,NA,NA,NA,NA,NA,NA,NA,NA,NA,NA,NA,NA,NA,NA,2015,5,20
2015-05-21,-1.971688914,2015-05-14,NA,NA,NA,NA,NA,NA,NA,NA,NA,NA,NA,NA,NA,NA,NA,NA,NA,NA,NA,NA,NA,NA,NA,NA,2015,5,21
2015-05-28,-0.882977839,2015-05-21,NA,NA,NA,NA,NA,NA,NA,NA,NA,NA,NA,NA,NA,NA,NA,NA,NA,NA,NA,NA,NA,NA,NA,NA,2015,5,22
2015-06-05,-1.971688914,2015-05-29,NA,NA,NA,NA,NA,NA,NA,NA,NA,NA,NA,NA,NA,NA,NA,NA,NA,NA,NA,NA,NA,NA,NA,NA,2015,6,23
2015-06-11,-1.750869961,2015-06-04,1.017,1.017,1.017,1.017,0.765,0.765,0.765,0.765,0.55,0.55,0.55,0.55,1.65,1.65,1.65,1.65,0.42593818,0.42593818,0.42593818,0.42593818,0.41881827,0.41881827,0.41881827,0.41881827,2015,6,24
2015-06-19,-1.019738166,2015-06-12,2.442151899,2.442151899,2.442151899,2.442151899,2.36,2.36,2.36,2.36,0.32,0.32,0.32,0.32,4.95,4.95,4.95,4.95,0.965697132,0.965697132,0.965697132,0.965697132,0.395428774,0.395428774,0.395428774,0.395428774,2015,6,25
2015-07-02,-1.089324144,2015-06-25,2.788041958,2.788041958,2.788041958,2.788041958,2.54,2.54,2.54,2.54,0.63,0.63,0.63,0.63,5.34,5.34,5.34,5.34,1.251605312,1.251605312,1.251605312,1.251605312,0.448919109,0.448919109,0.448919109,0.448919109,2015,7,27
2015-07-09,-1.336849366,2015-07-02,3.923846154,3.923846154,3.923846154,3.923846154,3.85,3.85,3.85,3.85,0.65,0.65,0.65,0.65,7.31,7.31,7.31,7.31,1.429069945,1.429069945,1.429069945,1.429069945,0.364201319,0.364201319,0.364201319,0.364201319,2015,7,28
2015-07-16,-0.710885488,2015-07-09,1.620512821,1.620512821,1.620512821,1.620512821,1.61,1.61,1.61,1.61,0.75,0.75,0.75,0.75,3.06,3.06,3.06,3.06,0.515593418,0.515593418,0.515593418,0.515593418,0.318166824,0.318166824,0.318166824,0.318166824,2015,7,29
2015-07-30,0.147420803,2015-07-23,3.504791667,3.504791667,3.504791667,3.504791667,3.41,3.41,3.41,3.41,0.99,0.99,0.99,0.99,6.99,6.99,6.99,6.99,1.074538749,1.074538749,1.074538749,1.074538749,0.306591333,0.306591333,0.306591333,0.306591333,2015,7,31
2015-08-06,-0.726966985,2015-07-30,3.236716418,3.236716418,3.236716418,3.236716418,3.245,3.245,3.245,3.245,0.6,0.6,0.6,0.6,6.59,6.59,6.59,6.59,1.561489445,1.561489445,1.561489445,1.561489445,0.482430106,0.482430106,0.482430106,0.482430106,2015,8,32
2015-08-13,-0.413891563,2015-08-06,3.737083333,3.737083333,3.737083333,3.737083333,3.57,3.57,3.57,3.57,1.72,1.72,1.72,1.72,6.47,6.47,6.47,6.47,1.147308724,1.147308724,1.147308724,1.147308724,0.30700646,0.30700646,0.30700646,0.30700646,2015,8,33
2015-08-20,-0.095329208,2015-08-13,3.329763359,3.329763359,3.329763359,3.329763359,3.27,3.27,3.27,3.27,0.89,0.89,0.89,0.89,5.67,5.67,5.67,5.67,1.081225778,1.081225778,1.081225778,1.081225778,0.324715501,0.324715501,0.324715501,0.324715501,2015,8,34
2015-08-25,-0.174886389,2015-08-18,1.916705882,1.916705882,1.916705882,1.916705882,1.9,1.9,1.9,1.9,0.53,0.53,0.53,0.53,5.74,5.74,5.74,5.74,0.819784217,0.819784217,0.819784217,0.819784217,0.427704754,0.427704754,0.427704754,0.427704754,2015,8,34
2015-09-03,-0.021608123,2015-08-27,3.879166667,3.879166667,3.879166667,3.879166667,3.93,3.93,3.93,3.93,1.81,1.81,1.81,1.81,6.47,6.47,6.47,6.47,0.920248142,0.920248142,0.920248142,0.920248142,0.237228307,0.237228307,0.237228307,0.237228307,2015,9,36
2015-09-10,1.149476731,2015-09-03,2.710944882,2.710944882,2.710944882,2.710944882,2.74,2.74,2.74,2.74,0.84,0.84,0.84,0.84,4.66,4.66,4.66,4.66,0.862917194,0.862917194,0.862917194,0.862917194,0.318308646,0.318308646,0.318308646,0.318308646,2015,9,37
2015-09-17,0.323140758,2015-09-10,1.918493151,1.918493151,1.918493151,1.918493151,1.92,1.92,1.92,1.92,0.64,0.64,0.64,0.64,3.21,3.21,3.21,3.21,0.658849315,0.658849315,0.658849315,0.658849315,0.343420207,0.343420207,0.343420207,0.343420207,2015,9,38
2015-09-24,-0.110909702,2015-09-17,2.47046875,2.47046875,2.47046875,2.47046875,2.62,2.62,2.62,2.62,0.66,0.66,0.66,0.66,3.98,3.98,3.98,3.98,0.926980416,0.926980416,0.926980416,0.926980416,0.375224506,0.375224506,0.375224506,0.375224506,2015,9,39
2015-10-02,-0.413891563,2015-09-25,2.071666667,2.071666667,2.071666667,2.071666667,2.11,2.11,2.11,2.11,1.17,1.17,1.17,1.17,2.93,2.93,2.93,2.93,0.414888362,0.414888362,0.414888362,0.414888362,0.200267914,0.200267914,0.200267914,0.200267914,2015,10,40
2015-10-12,-1.172227408,2015-10-05,2.062586207,2.062586207,2.062586207,2.062586207,2.085,2.085,2.085,2.085,0.5,0.5,0.5,0.5,4.49,4.49,4.49,4.49,0.990984684,0.990984684,0.990984684,0.990984684,0.480457341,0.480457341,0.480457341,0.480457341,2015,10,41
2016-05-26,-0.988723737,2016-05-19,2.326136364,2.326136364,2.326136364,2.326136364,1.895,1.895,1.895,1.895,0.33,0.33,0.33,0.33,5.85,5.85,5.85,5.85,1.502505219,1.502505219,1.502505219,1.502505219,0.645923104,0.645923104,0.645923104,0.645923104,2016,5,21
2016-06-03,-1.172227408,2016-05-27,3.546060606,3.546060606,3.546060606,3.546060606,3.93,3.93,3.93,3.93,0.64,0.64,0.64,0.64,5.91,5.91,5.91,5.91,1.684601102,1.684601102,1.684601102,1.684601102,0.475062693,0.475062693,0.475062693,0.475062693,2016,6,23
2016-06-16,-0.959777296,2016-06-09,6.254791667,6.254791667,6.254791667,6.254791667,6.135,6.135,6.135,6.135,3.09,3.09,3.09,3.09,10.78,10.78,10.78,10.78,1.532281981,1.532281981,1.532281981,1.532281981,0.244977301,0.244977301,0.244977301,0.244977301,2016,6,24
2016-06-23,0.206639202,2016-06-16,2.444705882,2.444705882,2.444705882,2.444705882,2.47,2.47,2.47,2.47,0.53,0.53,0.53,0.53,4.73,4.73,4.73,4.73,1.096103941,1.096103941,1.096103941,1.096103941,0.448358205,0.448358205,0.448358205,0.448358205,2016,6,25
2016-06-30,0.547313691,2016-06-23,2.41484375,2.41484375,2.41484375,2.41484375,2.35,2.35,2.35,2.35,0.8,0.8,0.8,0.8,4.54,4.54,4.54,4.54,0.865959924,0.865959924,0.865959924,0.865959924,0.358598739,0.358598739,0.358598739,0.358598739,2016,6,26
2016-07-07,-0.511780809,2016-06-30,2.802362205,2.802362205,2.802362205,2.802362205,2.8,2.8,2.8,2.8,0.8,0.8,0.8,0.8,5.17,5.17,5.17,5.17,0.965394447,0.965394447,0.965394447,0.965394447,0.344493102,0.344493102,0.344493102,0.344493102,2016,7,27
2016-07-14,0.947768179,2016-07-07,3.139565217,3.139565217,3.139565217,3.139565217,2.8,2.8,2.8,2.8,0.71,0.71,0.71,0.71,6.96,6.96,6.96,6.96,1.521702032,1.521702032,1.521702032,1.521702032,0.484685594,0.484685594,0.484685594,0.484685594,2016,7,28
2016-07-21,0.561876942,2016-07-14,4.394825175,4.394825175,4.394825175,4.394825175,4.41,4.41,4.41,4.41,0.74,0.74,0.74,0.74,7.46,7.46,7.46,7.46,1.527183661,1.527183661,1.527183661,1.527183661,0.347495884,0.347495884,0.347495884,0.347495884,2016,7,29
2016-07-27,0.868968494,2016-07-20,3.756736111,3.756736111,3.756736111,3.756736111,3.77,3.77,3.77,3.77,1.54,1.54,1.54,1.54,6.02,6.02,6.02,6.02,1.052934514,1.052934514,1.052934514,1.052934514,0.280279073,0.280279073,0.280279073,0.280279073,2016,7,30
2016-08-04,0.210440342,2016-07-28,2.560806452,2.560806452,2.560806452,2.560806452,2.485,2.485,2.485,2.485,0.69,0.69,0.69,0.69,5.17,5.17,5.17,5.17,1.120349537,1.120349537,1.120349537,1.120349537,0.437498717,0.437498717,0.437498717,0.437498717,2016,8,31
2016-08-15,0.613823556,2016-08-08,3.094785714,3.094785714,3.094785714,3.094785714,2.95,2.95,2.95,2.95,1.03,1.03,1.03,1.03,5.77,5.77,5.77,5.77,1.067888031,1.067888031,1.067888031,1.067888031,0.345060411,0.345060411,0.345060411,0.345060411,2016,8,33
2016-08-22,-0.233858277,2016-08-15,2.857638889,2.857638889,2.857638889,2.857638889,2.72,2.72,2.72,2.72,0.74,0.74,0.74,0.74,5.96,5.96,5.96,5.96,1.14341348,1.14341348,1.14341348,1.14341348,0.400125252,0.400125252,0.400125252,0.400125252,2016,8,34
2016-08-31,0.340313935,2016-08-24,2.664583333,2.664583333,2.664583333,2.664583333,2.59,2.59,2.59,2.59,1.08,1.08,1.08,1.08,4.48,4.48,4.48,4.48,0.720471752,0.720471752,0.720471752,0.720471752,0.270388148,0.270388148,0.270388148,0.270388148,2016,8,35
2016-09-07,-0.255440172,2016-08-31,3.098652482,3.098652482,3.098652482,3.098652482,3.24,3.24,3.24,3.24,0.6,0.6,0.6,0.6,5.03,5.03,5.03,5.03,1.042318309,1.042318309,1.042318309,1.042318309,0.33637793,0.33637793,0.33637793,0.33637793,2016,9,36
2016-09-14,0.160353031,2016-09-07,2.234285714,2.234285714,2.234285714,2.234285714,2.57,2.57,2.57,2.57,0.65,0.65,0.65,0.65,2.88,2.88,2.88,2.88,0.822391982,0.822391982,0.822391982,0.822391982,0.368078253,0.368078253,0.368078253,0.368078253,2016,9,37
2016-09-21,0.021393327,2016-09-14,4.169513889,4.169513889,4.169513889,4.169513889,3.925,3.925,3.925,3.925,1.16,1.16,1.16,1.16,8.8,8.8,8.8,8.8,1.892798768,1.892798768,1.892798768,1.892798768,0.453961497,0.453961497,0.453961497,0.453961497,2016,9,38
2016-09-28,-0.959777296,2016-09-21,2.649930556,2.649930556,2.649930556,2.649930556,2.615,2.615,2.615,2.615,0.7,0.7,0.7,0.7,5.68,5.68,5.68,5.68,0.832449832,0.832449832,0.832449832,0.832449832,0.314140244,0.314140244,0.314140244,0.314140244,2016,9,39
2016-10-05,-0.860125707,2016-09-28,NA,NA,NA,NA,NA,NA,NA,NA,NA,NA,NA,NA,NA,NA,NA,NA,NA,NA,NA,NA,NA,NA,NA,NA,2016,10,40
