site,date,year,month,week,dayofmonth,dayofyr,coloniesperL,filbundperL,totalperL,totalperL_diff,log_gloeo,light_sum,watertemp_mean_interp,watertemp_median_interp,watertemp_max_interp,watertemp_min_interp,watertemp_sd_interp,watertemp_range_interp,watertemp_cv_interp,ysi_readings_mean_only,buoy_interp,onset_interp,watertemp_daily_mean,watertemp_daily_median,watertemp_daily_max,watertemp_daily_min,watertemp_daily_sd,watertemp_daily_range,watertemp_daily_cv,watertemp_daily_obs,WindSp_ms_mean,AveWindSp_ms_mean,MaxWindSp_ms_mean,WindSp_ms_median,AveWindSp_ms_median,MaxWindSp_ms_median,WindSp_ms_min,AveWindSp_ms_min,MaxWindSp_ms_min,WindSp_ms_max,AveWindSp_ms_max,MaxWindSp_ms_max,WindSp_ms_sd,AveWindSp_ms_sd,MaxWindSp_ms_sd,WindSp_ms_cv,AveWindSp_ms_cv,MaxWindSp_ms_cv
Midge,2005-07-21,2005,7,29,21,202,0.077809644,NA,0.077809644,NA,-1.089324144,NA,24.7,NA,NA,NA,NA,NA,NA,1,0,0,NA,NA,NA,NA,NA,NA,NA,0,NA,NA,NA,NA,NA,NA,NA,NA,NA,NA,NA,NA,NA,NA,NA,NA,NA,NA
Midge,2005-07-28,2005,7,30,28,209,0.452710658,NA,0.452710658,0.374901014,-0.340739387,NA,24,NA,NA,NA,NA,NA,NA,1,0,0,NA,NA,NA,NA,NA,NA,NA,0,NA,NA,NA,NA,NA,NA,NA,NA,NA,NA,NA,NA,NA,NA,NA,NA,NA,NA
Midge,2005-08-04,2005,8,31,4,216,0.113177665,NA,0.113177665,-0.339532994,-0.932640213,NA,23.6,NA,NA,NA,NA,NA,NA,1,0,0,NA,NA,NA,NA,NA,NA,NA,0,NA,NA,NA,NA,NA,NA,NA,NA,NA,NA,NA,NA,NA,NA,NA,NA,NA,NA
Midge,2005-08-11,2005,8,32,11,223,1.152997457,NA,1.152997457,1.039819793,0.063182233,NA,24.6,NA,NA,NA,NA,NA,NA,1,0,0,NA,NA,NA,NA,NA,NA,NA,0,NA,NA,NA,NA,NA,NA,NA,NA,NA,NA,NA,NA,NA,NA,NA,NA,NA,NA
Midge,2005-08-18,2005,8,33,18,230,0.657845175,NA,0.657845175,-0.495152282,-0.179506147,NA,24.4,NA,NA,NA,NA,NA,NA,1,0,0,NA,NA,NA,NA,NA,NA,NA,0,NA,NA,NA,NA,NA,NA,NA,NA,NA,NA,NA,NA,NA,NA,NA,NA,NA,NA
Midge,2005-08-25,2005,8,34,25,237,0.488078678,NA,0.488078678,-0.169766497,-0.308318625,NA,22.3,NA,NA,NA,NA,NA,NA,1,0,0,NA,NA,NA,NA,NA,NA,NA,0,NA,NA,NA,NA,NA,NA,NA,NA,NA,NA,NA,NA,NA,NA,NA,NA,NA,NA
Midge,2005-09-03,2005,9,35,3,246,1.817916237,NA,1.817916237,1.329837558,0.260433047,NA,NA,NA,NA,NA,NA,NA,NA,0,0,0,NA,NA,NA,NA,NA,NA,NA,0,NA,NA,NA,NA,NA,NA,NA,NA,NA,NA,NA,NA,NA,NA,NA,NA,NA,NA
Midge,2005-09-12,2005,9,37,12,255,3.232637043,NA,3.232637043,1.414720807,0.510040325,NA,NA,NA,NA,NA,NA,NA,NA,0,0,0,NA,NA,NA,NA,NA,NA,NA,0,NA,NA,NA,NA,NA,NA,NA,NA,NA,NA,NA,NA,NA,NA,NA,NA,NA,NA
Midge,2005-09-20,2005,9,38,20,263,0.014147208,NA,0.014147208,-3.218489835,-1.750869961,NA,NA,NA,NA,NA,NA,NA,NA,0,0,0,NA,NA,NA,NA,NA,NA,NA,0,NA,NA,NA,NA,NA,NA,NA,NA,NA,NA,NA,NA,NA,NA,NA,NA,NA,NA
Midge,2005-09-25,2005,9,39,25,268,0.183913705,NA,0.183913705,0.169766497,-0.726966985,NA,NA,NA,NA,NA,NA,NA,NA,0,0,0,NA,NA,NA,NA,NA,NA,NA,0,NA,NA,NA,NA,NA,NA,NA,NA,NA,NA,NA,NA,NA,NA,NA,NA,NA,NA
Midge,2006-06-29,2006,6,26,29,180,0.33245939,NA,0.33245939,0.148545685,-0.473583965,NA,NA,NA,NA,NA,NA,NA,NA,0,0,0,NA,NA,NA,NA,NA,NA,NA,0,NA,NA,NA,NA,NA,NA,NA,NA,NA,NA,NA,NA,NA,NA,NA,NA,NA,NA
Midge,2006-07-06,2006,7,27,6,187,0.275870557,NA,0.275870557,-0.056588833,-0.553663939,NA,NA,NA,NA,NA,NA,NA,NA,0,0,0,NA,NA,NA,NA,NA,NA,NA,0,NA,NA,NA,NA,NA,NA,NA,NA,NA,NA,NA,NA,NA,NA,NA,NA,NA,NA
Midge,2006-07-13,2006,7,28,13,194,2.284774103,NA,2.284774103,2.008903546,0.359527024,NA,24.29708,23.975,25.45,23.55,0.181181309,0.52,0.007556568,0,0,1,24.24,23.97666667,23.975,23.72,0.181181309,0.52,0.007556568,6,NA,NA,NA,NA,NA,NA,NA,NA,NA,NA,NA,NA,NA,NA,NA,NA,NA,NA
Midge,2006-07-17,2006,7,29,17,198,3.246784251,NA,3.246784251,0.962010148,0.511934705,NA,25.565,25.02,27.92,23.72,1.368912612,4.2,0.053546357,0,0,0,25.565,25.02,27.92,23.72,1.368912612,4.2,0.053546357,24,NA,NA,NA,NA,NA,NA,NA,NA,NA,NA,NA,NA,NA,NA,NA,NA,NA,NA
Midge,2006-07-23,2006,7,30,23,204,0.007073604,NA,0.007073604,-3.239710647,-1.971688914,NA,23.82083333,23.72,24.24,23.38,0.242969253,0.86,0.010199864,0,0,0,23.82083333,23.72,24.24,23.38,0.242969253,0.86,0.010199864,24,NA,NA,NA,NA,NA,NA,NA,NA,NA,NA,NA,NA,NA,NA,NA,NA,NA,NA
Midge,2006-07-31,2006,7,31,31,212,3.317520292,NA,3.317520292,3.310446688,0.521284606,NA,25.47833333,25.365,26.14,24.93,0.479253647,1.21,0.018810243,0,0,0,25.47833333,25.365,26.14,24.93,0.479253647,1.21,0.018810243,24,NA,NA,NA,NA,NA,NA,NA,NA,NA,NA,NA,NA,NA,NA,NA,NA,NA,NA
Midge,2006-08-07,2006,8,32,7,219,1.846210653,NA,1.846210653,-1.471309639,0.267127276,NA,25.78708333,25.79,26.49,25.45,0.290987512,1.04,0.011284235,0,0,0,25.78708333,25.79,26.49,25.45,0.290987512,1.04,0.011284235,24,NA,NA,NA,NA,NA,NA,NA,NA,NA,NA,NA,NA,NA,NA,NA,NA,NA,NA
Midge,2006-08-14,2006,8,33,14,226,1.068114209,NA,1.068114209,-0.778096444,0.030078989,NA,22.40041667,22.29,23.04,21.87,0.430555548,1.17,0.019220872,0,0,0,22.40041667,22.29,23.04,21.87,0.430555548,1.17,0.019220872,24,NA,NA,NA,NA,NA,NA,NA,NA,NA,NA,NA,NA,NA,NA,NA,NA,NA,NA
Midge,2006-08-21,2006,8,34,21,233,0.94786294,NA,0.94786294,-0.120251269,-0.021608123,NA,22.33791667,22.37,22.54,22.04,0.146138087,0.5,0.006542154,0,0,0,22.33791667,22.37,22.54,22.04,0.146138087,0.5,0.006542154,24,NA,NA,NA,NA,NA,NA,NA,NA,NA,NA,NA,NA,NA,NA,NA,NA,NA,NA
Midge,2006-08-28,2006,8,35,28,240,1.124703041,NA,1.124703041,0.176840101,0.052425759,NA,20.39041667,20.39,20.72,20.07,0.170943143,0.65,0.008383504,0,0,0,20.39041667,20.39,20.72,20.07,0.170943143,0.65,0.008383504,24,NA,NA,NA,NA,NA,NA,NA,NA,NA,NA,NA,NA,NA,NA,NA,NA,NA,NA
Midge,2006-09-08,2006,9,36,8,251,2.857736029,NA,2.857736029,1.733032988,0.456568863,NA,19.81666667,19.905,20.72,18.93,0.709088004,1.79,0.035782406,0,0,0,19.81666667,19.905,20.72,18.93,0.709088004,1.79,0.035782406,24,NA,NA,NA,NA,NA,NA,NA,NA,NA,NA,NA,NA,NA,NA,NA,NA,NA,NA
Midge,2006-09-12,2006,9,37,12,255,0.346606598,NA,0.346606598,-2.511129431,-0.455675676,NA,18.78583333,18.69,19.58,18.13,0.428109257,1.45,0.022788942,0,0,0,18.78583333,18.69,19.58,18.13,0.428109257,1.45,0.022788942,24,NA,NA,NA,NA,NA,NA,NA,NA,NA,NA,NA,NA,NA,NA,NA,NA,NA,NA
Midge,2006-09-18,2006,9,38,18,261,0.268796953,NA,0.268796953,-0.077809645,-0.564797755,NA,18.80583,18.77,19.42,18.29,0.362706213,1.13,0.019286899,0,0,1,NA,NA,NA,NA,NA,NA,NA,0,NA,NA,NA,NA,NA,NA,NA,NA,NA,NA,NA,NA,NA,NA,NA,NA,NA,NA
Midge,2007-06-21,2007,6,24,21,172,0,0,0,-0.268796953,-2.443697499,NA,20.6,NA,NA,NA,NA,NA,NA,1,0,0,NA,NA,NA,NA,NA,NA,NA,0,NA,NA,NA,NA,NA,NA,NA,NA,NA,NA,NA,NA,NA,NA,NA,NA,NA,NA
Midge,2007-06-28,2007,6,25,28,179,0.014147208,0,0.014147208,0.014147208,-1.750869961,NA,21.79083,21.84,22.67,21.51,0.232807378,1.16,0.01068373,0,0,1,NA,NA,NA,NA,NA,NA,NA,0,NA,NA,NA,NA,NA,NA,NA,NA,NA,NA,NA,NA,NA,NA,NA,NA,NA,NA
Midge,2007-07-05,2007,7,26,5,186,0.240502537,0,0.240502537,0.226355329,-0.612427707,NA,20.47166667,20.595,21.17,19.87,0.522216569,1.3,0.025509236,0,0,0,20.47166667,20.595,21.17,19.87,0.522216569,1.3,0.025509236,24,NA,NA,NA,NA,NA,NA,NA,NA,NA,NA,NA,NA,NA,NA,NA,NA,NA,NA
Midge,2007-07-12,2007,7,27,12,193,0.056588832,0.014147208,0.07073604,-0.169766497,-1.128800578,NA,22.22166667,22.17,22.67,21.67,0.313058776,1,0.014087997,0,0,0,22.22166667,22.17,22.67,21.67,0.313058776,1,0.014087997,24,NA,NA,NA,NA,NA,NA,NA,NA,NA,NA,NA,NA,NA,NA,NA,NA,NA,NA
Midge,2007-07-19,2007,7,28,19,200,0.091956852,0.190987309,0.282944161,0.212208121,-0.542808437,NA,22.29166667,22.34,22.67,21.84,0.205673161,0.83,0.00922646,0,0,0,22.29166667,22.34,22.67,21.84,0.205673161,0.83,0.00922646,24,NA,NA,NA,NA,NA,NA,NA,NA,NA,NA,NA,NA,NA,NA,NA,NA,NA,NA
Midge,2007-07-26,2007,7,29,26,207,0.551741115,0.176840101,0.728581215,0.445637054,-0.135381418,NA,24.35708333,24.21,25.59,23.68,0.639085482,1.91,0.026238178,0,0,0,24.35708333,24.21,25.59,23.68,0.639085482,1.91,0.026238178,24,NA,NA,NA,NA,NA,NA,NA,NA,NA,NA,NA,NA,NA,NA,NA,NA,NA,NA
Midge,2007-08-02,2007,8,30,2,214,1.619855324,3.077017754,4.696873078,3.968291863,0.67214157,NA,25.38,25.07,26.64,24.21,0.750588175,2.43,0.029574002,0,0,0,25.38,25.07,26.64,24.21,0.750588175,2.43,0.029574002,24,NA,NA,NA,NA,NA,NA,NA,NA,NA,NA,NA,NA,NA,NA,NA,NA,NA,NA
Midge,2007-08-09,2007,8,31,9,221,5.658883227,10.56089082,16.21977405,11.52290097,1.210141181,NA,24.58625,24.55,25.07,24.21,0.231419298,0.86,0.00941255,0,0,0,24.58625,24.55,25.07,24.21,0.231419298,0.86,0.00941255,24,NA,NA,NA,NA,NA,NA,NA,NA,NA,NA,NA,NA,NA,NA,NA,NA,NA,NA
Midge,2007-08-16,2007,8,32,16,228,0.8771269,0.679065987,1.556192887,-14.66358116,0.193066936,NA,23.46541667,23.34,24.03,23.01,0.357965011,1.02,0.015255003,0,0,0,23.46541667,23.34,24.03,23.01,0.357965011,1.02,0.015255003,24,NA,NA,NA,NA,NA,NA,NA,NA,NA,NA,NA,NA,NA,NA,NA,NA,NA,NA
Midge,2007-08-23,2007,8,33,23,235,0.580035531,0.077809644,0.657845175,-0.898347712,-0.179506147,NA,20.67041667,20.68,20.84,20.51,0.124008386,0.33,0.005999317,0,0,0,20.67041667,20.68,20.84,20.51,0.124008386,0.33,0.005999317,24,NA,NA,NA,NA,NA,NA,NA,NA,NA,NA,NA,NA,NA,NA,NA,NA,NA,NA
Midge,2007-08-30,2007,8,34,30,242,22.15452783,0.43856345,22.59309128,21.93524611,1.354044852,NA,23.91583333,23.86,24.38,23.52,0.203168738,0.86,0.008495156,0,0,0,23.91583333,23.86,24.38,23.52,0.203168738,0.86,0.008495156,24,2.264583333,NA,NA,1.8,NA,NA,0.3,NA,NA,10.3,NA,NA,1.552055652,NA,NA,0.685360362,NA,NA
Midge,2007-09-06,2007,9,35,6,249,4.78882993,0,4.78882993,-17.80426135,0.680555772,NA,20.94666667,20.925,21.51,20.51,0.341883106,1,0.0163216,0,0,0,20.94666667,20.925,21.51,20.51,0.341883106,1,0.0163216,24,3.117361111,NA,NA,3,NA,NA,0.6,NA,NA,6.8,NA,NA,1.352507635,NA,NA,0.433862997,NA,NA
Midge,2007-09-13,2007,9,36,13,256,3.466065976,0,3.466065976,-1.322763954,0.540287667,NA,19.89375,19.71,20.68,19.38,0.470067641,1.3,0.023628911,0,0,0,19.89375,19.71,20.68,19.38,0.470067641,1.3,0.023628911,24,2.198611111,NA,NA,2,NA,NA,0.3,NA,NA,5.3,NA,NA,1.081308849,NA,NA,0.491814511,NA,NA
Midge,2007-09-20,2007,9,37,20,263,2.440393391,0.014147208,2.4545406,-1.011525377,0.39060672,NA,18.65333,18.57,19.38,18.25,0.163358842,0.49,0.00874564,0,0,1,18.9,18.67888889,18.73,18.41,0.163358842,0.49,0.00874564,9,2.26875,NA,NA,2.3,NA,NA,0.2,NA,NA,4.8,NA,NA,1.127313084,NA,NA,0.49688731,NA,NA
Midge,2008-06-05,2008,6,22,5,157,0,0,0,-2.4545406,-2.443697499,NA,15.84945,15.8896,15.98365,15.65695,NA,0.3267,NA,0,1,0,NA,NA,NA,NA,NA,NA,NA,0,3.165972222,NA,NA,3.1,NA,NA,0.9,NA,NA,5.8,NA,NA,0.983796215,NA,NA,0.310740634,NA,NA
Midge,2008-06-12,2008,6,23,12,164,0.056588832,0,0.056588832,0.056588832,-1.220484084,NA,20.97112,21.13247,21.43195,20.30005,NA,1.1319,NA,0,1,0,NA,NA,NA,NA,NA,NA,NA,0,4.035416667,NA,NA,3.95,NA,NA,0.4,NA,NA,8.9,NA,NA,1.843585316,NA,NA,0.456851292,NA,NA
Midge,2008-06-19,2008,6,24,19,171,0.572961927,0,0.572961927,0.516373094,-0.239154039,NA,21.07792,21.01,21.51,20.68,0.125437014,0.34,0.005873344,0,0,0,21.357,21.34,21.51,21.17,0.125437014,0.34,0.005873344,10,3.409027778,NA,NA,3.25,NA,NA,1,NA,NA,6.8,NA,NA,1.366937939,NA,NA,0.400975887,NA,NA
Midge,2008-06-26,2008,6,25,26,178,0.247576141,0,0.247576141,-0.325385786,-0.600021616,NA,20.98,21.01,21.17,20.84,0.116469813,0.33,0.005551469,0,0,0,20.98,21.01,21.17,20.84,0.116469813,0.33,0.005551469,24,2.259722222,NA,NA,2.1,NA,NA,0.2,NA,NA,6.9,NA,NA,1.158146545,NA,NA,0.512517217,NA,NA
Midge,2008-07-03,2008,7,26,3,185,2.829441613,0.113177665,2.942619278,2.695043137,0.469265067,NA,23.50583333,23.34,24.03,23.17,0.256361102,0.86,0.010906276,0,0,0,23.50583333,23.34,24.03,23.17,0.256361102,0.86,0.010906276,24,3.995138889,NA,NA,3.6,NA,NA,0.6,NA,NA,10.5,NA,NA,2.011829695,NA,NA,0.5035694,NA,NA
Midge,2008-07-10,2008,7,27,10,192,0.954936545,0,0.954936545,-1.987682733,-0.018391325,NA,25.72541667,25.76,26.28,25.24,0.274368511,1.04,0.01066527,0,0,0,25.72541667,25.76,26.28,25.24,0.274368511,1.04,0.01066527,24,4.178472222,NA,NA,4,NA,NA,1.2,NA,NA,8.2,NA,NA,1.626578338,NA,NA,0.389275853,NA,NA
Midge,2008-07-17,2008,7,28,17,199,3.727789325,0,3.727789325,2.772852781,0.571870565,NA,25.16958333,25.07,25.76,24.38,0.427718713,1.38,0.016993476,0,0,0,25.16958333,25.07,25.76,24.38,0.427718713,1.38,0.016993476,24,2.2375,NA,NA,2.05,NA,NA,0.2,NA,NA,6,NA,NA,1.171268812,NA,NA,0.523472095,NA,NA
Midge,2008-07-24,2008,7,29,24,206,0.523446698,0.007073604,0.530520303,-3.197269023,-0.272360913,NA,22.82541667,22.84,23.17,22.67,0.120685692,0.5,0.005287338,0,0,0,22.82541667,22.84,23.17,22.67,0.120685692,0.5,0.005287338,24,4.190972222,NA,NA,4.1,NA,NA,1.1,NA,NA,8.5,NA,NA,1.420524536,NA,NA,0.338948688,NA,NA
Midge,2008-07-31,2008,7,30,31,213,10.8721294,0.113177665,10.98530706,10.45478676,1.0409545,NA,24.3275,24.21,25.07,23.86,0.346312877,1.21,0.014235449,0,0,0,24.3275,24.21,25.07,23.86,0.346312877,1.21,0.014235449,24,2.185416667,NA,NA,2,NA,NA,0.2,NA,NA,6.8,NA,NA,1.297225051,NA,NA,0.593582483,NA,NA
Midge,2008-08-07,2008,8,31,7,220,1.181291874,0.014147208,1.195439082,-9.789867981,0.078833339,NA,22.46375,22.34,22.84,22.17,0.232019724,0.67,0.010328628,0,0,0,22.46375,22.34,22.84,22.17,0.232019724,0.67,0.010328628,24,2.661805556,NA,NA,2.3,NA,NA,0.2,NA,NA,9.2,NA,NA,1.756187723,NA,NA,0.659773108,NA,NA
Midge,2008-08-14,2008,8,32,14,227,0.222818527,0.03536802,0.258186547,-0.937252534,-0.582052675,NA,22.52875,22.51,23.01,22.01,0.359121059,1,0.015940567,0,0,0,22.52875,22.51,23.01,22.01,0.359121059,1,0.015940567,24,2.107638889,NA,NA,2.05,NA,NA,0.3,NA,NA,5.1,NA,NA,0.994325147,NA,NA,0.471772063,NA,NA
Midge,2008-08-21,2008,8,33,21,234,0.622477155,0.014147208,0.636624363,0.378437816,-0.193667803,NA,21.60375,21.51,22.34,21.01,0.470409743,1.33,0.021774449,0,0,0,21.60375,21.51,22.34,21.01,0.470409743,1.33,0.021774449,24,2.319444444,NA,NA,2,NA,NA,0.1,NA,NA,5.2,NA,NA,1.223332476,NA,NA,0.52742478,NA,NA
Midge,2008-08-26,2008,8,34,26,239,0.106104061,0,0.106104061,-0.530520303,-0.959777296,NA,21.85416667,21.755,22.67,21.51,0.36980508,1.16,0.016921491,0,0,0,21.85416667,21.755,22.67,21.51,0.36980508,1.16,0.016921491,24,4.365972222,NA,NA,4.25,NA,NA,0.4,NA,NA,10.3,NA,NA,2.013387473,NA,NA,0.46115444,NA,NA
Midge,2008-09-04,2008,9,35,4,248,0.749802028,0,0.749802028,0.643697967,-0.122973215,NA,22.5,22.34,23.17,21.84,0.461942967,1.33,0.020530799,0,0,0,22.5,22.34,23.17,21.84,0.461942967,1.33,0.020530799,24,2.238194444,NA,NA,2.2,NA,NA,0.1,NA,NA,5.9,NA,NA,1.157583481,NA,NA,0.517195226,NA,NA
Midge,2008-09-10,2008,9,36,10,254,0.014147208,0,0.014147208,-0.735654819,-1.750869961,NA,20.63583333,20.68,20.84,20.35,0.139904212,0.49,0.006779673,0,0,0,20.63583333,20.68,20.84,20.35,0.139904212,0.49,0.006779673,24,3.520833333,NA,NA,3.05,NA,NA,0.3,NA,NA,8.3,NA,NA,1.62600695,NA,NA,0.461824459,NA,NA
Midge,2008-09-17,2008,9,37,17,261,0.198060913,0,0.198060913,0.183913705,-0.695378271,NA,20.28542,20.27,20.68,19.87,0.285748128,0.81,0.014086382,0,0,1,NA,NA,NA,NA,NA,NA,NA,0,2.886111111,NA,NA,2.9,NA,NA,1,NA,NA,5.4,NA,NA,0.911742442,NA,NA,0.31590691,NA,NA
Midge,2008-09-24,2008,9,38,24,268,0.226355329,0,0.226355329,0.028294416,-0.638356522,NA,18.64064,18.61968,18.9647,18.3949,NA,0.5698,NA,0,1,0,NA,NA,NA,NA,NA,NA,NA,0,2.547916667,NA,NA,2.6,NA,NA,0.4,NA,NA,5,NA,NA,1.058430607,NA,NA,0.415410214,NA,NA
Midge,2009-05-15,2009,5,19,15,135,0,0,0,-0.226355329,-2.443697499,NA,12.75157639,12.69,14.134,12.11,0.43823629,2.024,0.034367225,0,0,1,NA,NA,NA,NA,NA,NA,NA,0,NA,NA,NA,NA,NA,NA,NA,NA,NA,NA,NA,NA,NA,NA,NA,NA,NA,NA
Midge,2009-05-29,2009,5,21,29,149,0.014147208,0,0.014147208,0.014147208,-1.750869961,285449,14.02541667,13.97,14.59,13.81,0.199259044,0.78,0.014206996,0,0,0,14.02541667,13.97,14.59,13.81,0.199259044,0.78,0.014206996,24,NA,NA,NA,NA,NA,NA,NA,NA,NA,NA,NA,NA,NA,NA,NA,NA,NA,NA
Midge,2009-06-04,2009,6,22,4,155,0.007073604,0,0.007073604,-0.007073604,-1.971688914,125431.9,16.28041667,16.18,17.12,15.54,0.528043799,1.58,0.032434293,0,0,0,16.28041667,16.18,17.12,15.54,0.528043799,1.58,0.032434293,24,NA,NA,NA,NA,NA,NA,NA,NA,NA,NA,NA,NA,NA,NA,NA,NA,NA,NA
Midge,2009-06-17,2009,6,24,17,168,0.03536802,0,0.03536802,0.028294416,-1.409291661,136487.1,18.31958333,17.93,19.54,17.44,0.764241478,2.1,0.041717187,0,0,0,18.31958333,17.93,19.54,17.44,0.764241478,2.1,0.041717187,24,NA,NA,NA,NA,NA,NA,NA,NA,NA,NA,NA,NA,NA,NA,NA,NA,NA,NA
Midge,2009-06-25,2009,6,25,25,176,0.014147208,0,0.014147208,-0.021220812,-1.750869961,283232.2,18.74208333,18.25,20.35,17.77,0.852668339,2.58,0.045494854,0,0,0,18.74208333,18.25,20.35,17.77,0.852668339,2.58,0.045494854,24,NA,NA,NA,NA,NA,NA,NA,NA,NA,NA,NA,NA,NA,NA,NA,NA,NA,NA
Midge,2009-07-02,2009,7,26,2,183,0,0,0,-0.014147208,-2.443697499,61440.9,19.42833333,19.38,19.71,19.06,0.175985836,0.65,0.009058206,0,0,0,19.42833333,19.38,19.71,19.06,0.175985836,0.65,0.009058206,24,NA,NA,NA,NA,NA,NA,NA,NA,NA,NA,NA,NA,NA,NA,NA,NA,NA,NA
Midge,2009-07-09,2009,7,27,9,190,0.056588832,0.021220812,0.077809644,0.077809644,-1.089324144,287569.5,19.53666667,19.54,20.35,19.06,0.462757958,1.29,0.023686638,0,0,0,19.53666667,19.54,20.35,19.06,0.462757958,1.29,0.023686638,24,NA,NA,NA,NA,NA,NA,NA,NA,NA,NA,NA,NA,NA,NA,NA,NA,NA,NA
Midge,2009-07-16,2009,7,28,16,197,0.205134517,0.007073604,0.212208121,0.134398477,-0.665932217,198401.4,20.6975,20.68,21.17,20.35,0.244935661,0.82,0.01183407,0,0,0,20.6975,20.68,21.17,20.35,0.244935661,0.82,0.01183407,24,NA,NA,NA,NA,NA,NA,NA,NA,NA,NA,NA,NA,NA,NA,NA,NA,NA,NA
Midge,2009-07-23,2009,7,29,23,204,0.544667511,0.007073604,0.551741115,0.339532994,-0.255440172,194117.1,21.69375,21.67,22.01,21.17,0.210832975,0.84,0.009718604,0,0,0,21.69375,21.67,22.01,21.17,0.210832975,0.84,0.009718604,24,NA,NA,NA,NA,NA,NA,NA,NA,NA,NA,NA,NA,NA,NA,NA,NA,NA,NA
Midge,2009-07-30,2009,7,30,30,211,0.799317256,0.007073604,0.80639086,0.254649745,-0.091519882,177152.8,24.23458333,24.21,24.55,24.03,0.182779962,0.52,0.007542113,0,0,0,24.23458333,24.21,24.55,24.03,0.182779962,0.52,0.007542113,24,3.089583333,3.088854167,NA,2.9,2.93,NA,0.5,0.535,NA,7,6.82,NA,1.283881721,1.200655229,NA,0.415551737,0.388705703,NA
Midge,2009-08-06,2009,8,31,6,218,0.346606598,0.007073604,0.353680202,-0.452710658,-0.446991049,322810.4,23.94625,24.03,24.38,23.52,0.255850033,0.86,0.010684347,0,0,0,23.94625,24.03,24.38,23.52,0.255850033,0.86,0.010684347,24,2.986805556,2.929270833,NA,2.7,2.6775,NA,0.4,0.94,NA,7.3,5.795,NA,1.366596841,1.077670852,NA,0.45754463,0.367897307,NA
Midge,2009-08-13,2009,8,32,13,225,0.07073604,0,0.07073604,-0.282944161,-1.128800578,166712,22.98666667,23.01,23.17,22.84,0.122675488,0.33,0.005336811,0,0,0,22.98666667,23.01,23.17,22.84,0.122675488,0.33,0.005336811,24,2.052083333,2.063236111,NA,2,2.25,NA,0.2,0.43,NA,4.5,4.03,NA,0.95814278,0.898144155,NA,0.466912218,0.43530847,NA
Midge,2009-08-20,2009,8,33,20,232,3.246784251,0.007073604,3.253857855,3.183121815,0.512878806,262974.3,25.72583333,25.76,26.28,25.42,0.232077885,0.86,0.0090212,0,0,0,25.72583333,25.76,26.28,25.42,0.232077885,0.86,0.0090212,24,2.515277778,2.5159375,NA,2.45,2.4,NA,0.2,0.47,NA,6.3,5.61,NA,1.262327711,1.143696309,NA,0.501864137,0.454580573,NA
Midge,2009-08-27,2009,8,34,27,239,0.983230961,0,0.983230961,-2.270626895,-0.005757233,59858.9,23.93041667,23.86,24.38,23.68,0.205711473,0.7,0.008596234,0,0,0,23.93041667,23.86,24.38,23.68,0.205711473,0.7,0.008596234,24,3.272222222,3.341381944,NA,3.3,3.4,NA,0.4,0.83,NA,6.4,6.34,NA,1.371357576,1.218172815,NA,0.4190906,0.364571556,NA
Midge,2009-09-01,2009,9,35,1,244,0.558814719,0,0.558814719,-0.424416242,-0.249943322,14714.1,21.38083333,21.255,21.84,21.01,0.307018151,0.83,0.014359503,0,0,0,21.38083333,21.255,21.84,21.01,0.307018151,0.83,0.014359503,24,2.489583333,2.501777778,NA,2.5,2.43,NA,0.2,0.49,NA,4.8,4.45,NA,1.049123427,0.934849567,NA,0.421405226,0.373674103,NA
Midge,2009-09-08,2009,9,36,8,251,0.261723349,0,0.261723349,-0.297091369,-0.57622453,NA,20.79708333,20.51,21.67,20.19,0.532275502,1.48,0.025593757,0,0,0,20.79708333,20.51,21.67,20.19,0.532275502,1.48,0.025593757,24,2.6,2.5664375,NA,2.4,2.3795,NA,0.5,0.565,NA,5.4,4.9,NA,1.240065417,1.181570028,NA,0.476948237,0.460393065,NA
Midge,2009-09-15,2009,9,37,15,258,0.099030457,0,0.099030457,-0.162692893,-0.988723737,NA,19.66666667,19.71,19.87,19.54,0.101581694,0.33,0.005165171,0,0,0,19.66666667,19.71,19.87,19.54,0.101581694,0.33,0.005165171,24,3.447222222,3.567013889,NA,3.6,3.9375,NA,0.6,0.76,NA,7.9,6.185,NA,1.497314353,1.371443311,NA,0.434353882,0.384479386,NA
Midge,2009-09-21,2009,9,38,21,264,4.562474601,0,4.562474601,4.463444145,0.659543003,NA,17.70583,17.61,18.25,17.28,0.395704289,0.97,0.022348809,0,0,1,18.09,17.754,17.69,17.61,0.17608079,0.48,0.009917809,10,2.197222222,2.242381944,NA,2.2,2.305,NA,0.2,0.3,NA,5.2,4.655,NA,1.130872826,1.070978547,NA,0.514682955,0.47760755,NA
Midge,2009-10-05,2009,10,40,5,278,0.756875632,0,0.756875632,-3.80559897,-0.118914698,NA,15.247233,15.2393,15.3481,15.1645,NA,0.1836,NA,0,1,0,NA,NA,NA,NA,NA,NA,NA,0,4.454166667,4.500090278,NA,4.4,4.3625,NA,1.9,2.075,NA,8.1,7.68,NA,1.32199653,1.256425961,NA,0.296799969,0.279200168,NA
Midge,2010-04-15,2010,4,15,15,105,0.028294416,0,0.028294416,-0.728581215,-1.496285346,NA,NA,NA,NA,NA,NA,NA,NA,0,0,0,NA,NA,NA,NA,NA,NA,NA,0,NA,NA,NA,NA,NA,NA,NA,NA,NA,NA,NA,NA,NA,NA,NA,NA,NA,NA
Midge,2010-04-30,2010,4,17,30,120,0.099030457,0,0.099030457,0.07073604,-0.988723737,NA,NA,NA,NA,NA,NA,NA,NA,0,0,0,NA,NA,NA,NA,NA,NA,NA,0,NA,NA,NA,NA,NA,NA,NA,NA,NA,NA,NA,NA,NA,NA,NA,NA,NA,NA
Midge,2010-05-13,2010,5,19,13,133,0,0,0,-0.099030457,-2.443697499,NA,NA,NA,NA,NA,NA,NA,NA,0,0,0,NA,NA,NA,NA,NA,NA,NA,0,NA,NA,NA,NA,NA,NA,NA,NA,NA,NA,NA,NA,NA,NA,NA,NA,NA,NA
Midge,2010-05-25,2010,5,21,25,145,0.042441624,0.007073604,0.049515228,0.049515228,-1.27478095,NA,17.76708,17.77,19.71,15.23,1.452782874,4.48,0.081768225,0,0,1,NA,NA,NA,NA,NA,NA,NA,0,2.117361111,2.072430556,NA,2,1.965,NA,0.3,0.56,NA,5.3,3.79,NA,0.968043941,0.784231169,NA,0.457193596,0.378411314,NA
Midge,2010-06-04,2010,6,22,4,155,0.148545685,0,0.148545685,0.099030457,-0.81774036,589337.3,21.10541667,21.01,22.01,20.35,0.375626771,1.66,0.017797648,0,0,0,21.10541667,21.01,22.01,20.35,0.375626771,1.66,0.017797648,24,1.784722222,1.822569444,NA,1.7,1.76,NA,0.2,0.47,NA,4.4,3.85,NA,0.84093849,0.687702923,NA,0.471187325,0.377326046,NA
Midge,2010-06-10,2010,6,23,10,161,0.014147208,0,0.014147208,-0.134398477,-1.750869961,150071.5,17.97,17.93,18.41,17.77,0.158251314,0.64,0.008806417,0,0,0,17.97,17.93,18.41,17.77,0.158251314,0.64,0.008806417,24,3.278472222,3.286944444,NA,3.1,3.18,NA,0.9,1.06,NA,7.9,6.43,NA,1.204720505,1.07223463,NA,0.367463997,0.326210147,NA
Midge,2010-06-15,2010,6,24,15,166,0.021220812,0,0.021220812,0.007073604,-1.605184015,818846.4,18.51208333,18.57,19.22,17.93,0.385655615,1.29,0.020832643,0,0,0,18.51208333,18.57,19.22,17.93,0.385655615,1.29,0.020832643,24,3.58125,3.550347222,NA,3.25,3.295,NA,0.5,0.76,NA,7.9,7.59,NA,1.640568243,1.546056302,NA,0.458099335,0.435466225,NA
Midge,2010-06-24,2010,6,25,24,175,0.07073604,0,0.07073604,0.049515228,-1.128800578,331314.8,22.09666667,22.17,22.51,21.67,0.287684408,0.84,0.013019358,0,0,0,22.09666667,22.17,22.51,21.67,0.287684408,0.84,0.013019358,24,4.013194444,4.027638889,NA,4.05,4.075,NA,0.3,0.72,NA,9.6,7.64,NA,1.9172112079999999,1.663961482,NA,0.477726966,0.413135717,NA
Midge,2010-07-01,2010,7,26,1,182,1.485456847,0.43856345,1.924020297,1.853284257,0.285021491,615989.2,21.78458333,21.84,22.17,21.34,0.239037548,0.83,0.010972785,0,0,0,21.78458333,21.84,22.17,21.34,0.239037548,0.83,0.010972785,24,4.426388889,4.294444444,NA,4.05,4.04,NA,0.9,1.82,NA,10.5,8.42,NA,1.690656599,1.459708649,NA,0.381949404,0.339906283,NA
Midge,2010-07-08,2010,7,27,8,189,0.063662436,0,0.063662436,-1.860357861,-1.172227408,581598.1,25.10625,24.635,26.46,24.03,0.924205005,2.43,0.03681175,0,0,0,25.10625,24.635,26.46,24.03,0.924205005,2.43,0.03681175,24,2.763194444,2.747152778,NA,2.7,2.68,NA,0.3,0.52,NA,6.1,5.82,NA,1.295216942,1.156312358,NA,0.468738979,0.420913015,NA
Midge,2010-07-15,2010,7,28,15,196,0.028294416,0.028294416,0.056588832,-0.007073604,-1.220484084,124659.2,25.96666667,25.93,26.81,25.42,0.481471175,1.39,0.018541894,0,0,0,25.96666667,25.93,26.81,25.42,0.481471175,1.39,0.018541894,24,2.305555556,2.341180556,NA,2.1,2.195,NA,0.2,0.42,NA,5.2,4.74,NA,1.163956225,1.081559672,NA,0.504848483,0.461971918,NA
Midge,2010-07-22,2010,7,29,22,203,0.290017765,0.198060913,0.488078678,0.431489846,-0.308318625,30560,25.61083333,25.59,25.93,25.24,0.196975317,0.69,0.007691094,0,0,0,25.61083333,25.59,25.93,25.24,0.196975317,0.69,0.007691094,24,3.997222222,4.007777778,NA,3.6,3.86,NA,0.9,1.49,NA,8.8,7.02,NA,1.583920269,1.360085582,NA,0.396255245,0.339361526,NA
Midge,2010-07-29,2010,7,30,29,210,0.106104061,0,0.106104061,-0.381974618,-0.959777296,224413.7,24.28625,24.295,24.55,24.03,0.161105218,0.52,0.006633598,0,0,0,24.28625,24.295,24.55,24.03,0.161105218,0.52,0.006633598,24,4.277777778,4.343541667,NA,4.15,4.43,NA,1.2,1.4,NA,8,7.67,NA,1.73259353,1.576560596,NA,0.405021864,0.36296661,NA
Midge,2010-08-05,2010,8,31,5,217,8.742974585,7.002867993,15.74584258,15.63973852,1.197265187,290153.7,24.74833333,24.72,24.89,24.55,0.1193339,0.34,0.004821896,0,0,0,24.74833333,24.72,24.89,24.55,0.1193339,0.34,0.004821896,24,2.741666667,2.749027778,NA,2.6,2.6,NA,0.1,0.69,NA,6.3,6.17,NA,1.287568316,1.155081397,NA,0.469629781,0.420178147,NA
Midge,2010-08-12,2010,8,32,12,224,1.945241109,33.86134251,35.80658362,20.06074104,1.554006548,592028.2,23.71375,23.68,24.03,23.52,0.139869893,0.51,0.005898261,0,0,0,23.71375,23.68,24.03,23.52,0.139869893,0.51,0.005898261,24,3.304166667,3.279444444,NA,3.5,3.45,NA,0.8,0.95,NA,6.3,5.65,NA,1.161074677,1.035770567,NA,0.351397128,0.315837205,NA
Midge,2010-08-19,2010,8,33,19,231,42.087944,2.256479687,44.34442368,8.537840068,1.646874271,638819.9,24.2825,24.295,24.89,23.68,0.41658289,1.21,0.017155684,0,0,0,24.2825,24.295,24.89,23.68,0.41658289,1.21,0.017155684,24,2.660416667,2.689027778,NA,2.5,2.555,NA,0.4,0.49,NA,6.9,6.46,NA,1.289777926,1.27217633,NA,0.484802979,0.473098992,NA
Midge,2010-08-26,2010,8,34,26,238,4.661505058,0.063662436,4.725167494,-39.61925619,0.674747961,404283.5,21.47041667,21.51,21.84,21.01,0.286894605,0.83,0.013362321,0,0,0,21.47041667,21.51,21.84,21.01,0.286894605,0.83,0.013362321,24,3.860416667,3.861666667,NA,3.7,3.65,NA,1.1,1.33,NA,7.7,6.98,NA,1.359669785,1.292965908,NA,0.352208039,0.334820693,NA
Midge,2010-09-02,2010,9,35,2,245,0.495152282,0,0.495152282,-4.230015212,-0.302115104,342735.7,23.99625,23.86,24.72,23.34,0.482509856,1.38,0.020107719,0,0,0,23.99625,23.86,24.72,23.34,0.482509856,1.38,0.020107719,24,2.481944444,2.560069444,NA,2.2,2.375,NA,0.2,0.53,NA,7.1,5.85,NA,1.533069173,1.441488885,NA,0.617688754,0.563066321,NA
Midge,2010-09-09,2010,9,36,9,252,0.40319543,0,0.40319543,-0.091956852,-0.390623935,283705.5,21.13166667,21.17,21.51,20.68,0.230701514,0.83,0.010917336,0,0,0,21.13166667,21.17,21.51,20.68,0.230701514,0.83,0.010917336,24,3.754166667,3.715416667,NA,3.6,3.665,NA,1.4,1.56,NA,7.1,6.3,NA,0.948526645,0.802613628,NA,0.252659706,0.216022508,NA
Midge,2010-09-16,2010,9,37,16,259,0.148545685,0,0.148545685,-0.254649745,-0.81774036,250993.5,18.55916667,18.49,19.22,18.09,0.326522077,1.13,0.017593574,0,0,0,18.55916667,18.49,19.22,18.09,0.326522077,1.13,0.017593574,24,3.041666667,3.047638889,NA,3.1,3.06,NA,0.3,0.85,NA,5.7,5.85,NA,1.208449275,1.039850034,NA,0.397298392,0.341198571,NA
Midge,2010-09-23,2010,9,38,23,266,0.049515228,0,0.049515228,-0.099030457,-1.27478095,NA,18.02333,18.01,18.41,17.61,0.194056618,0.8,0.010766966,0,0,1,NA,NA,NA,NA,NA,NA,NA,0,2.391666667,2.319583333,NA,2.1,2.06,NA,0.1,0.31,NA,6.7,6.23,NA,1.3340877820000001,1.145674672,NA,0.557806738,0.493913996,NA
Midge,2010-09-30,2010,9,39,30,273,0.014147208,0,0.014147208,-0.03536802,-1.750869961,NA,17.85537,17.83693,17.9536,17.8192,NA,0.1344,NA,0,1,0,NA,NA,NA,NA,NA,NA,NA,0,3.976388889,3.978819444,NA,3.15,3.095,NA,0.1,0.42,NA,10.1,8.73,NA,2.653958282,2.577263008,NA,0.667429257,0.647745655,NA
Midge,2010-10-07,2010,10,40,7,280,0.042441624,0,0.042441624,0.028294416,-1.336849366,NA,15.72838,15.74253,15.8592,15.52507,NA,0.33413,NA,0,1,0,NA,NA,NA,NA,NA,NA,NA,0,5.495138889,5.431527778,NA,5.25,5.55,NA,1.8,2.63,NA,11.6,8.99,NA,1.787694138,1.47011313,NA,0.325322831,0.270662913,NA
Midge,2011-04-28,2011,4,17,28,118,0,0,0,-0.042441624,-2.443697499,NA,NA,NA,NA,NA,NA,NA,NA,0,0,0,NA,NA,NA,NA,NA,NA,NA,0,1.63125,NA,NA,1.5,NA,NA,0.1,NA,NA,4.6,NA,NA,0.912804696,NA,NA,0.55957376,NA,NA
Midge,2011-05-05,2011,5,18,5,125,0,0,0,0,-2.443697499,NA,NA,NA,NA,NA,NA,NA,NA,0,0,0,NA,NA,NA,NA,NA,NA,NA,0,1.352777778,NA,NA,1.2,NA,NA,0.2,NA,NA,4,NA,NA,0.816691641,NA,NA,0.60371456,NA,NA
Midge,2011-05-12,2011,5,19,12,132,0,0,0,0,-2.443697499,NA,11.64515,11.77783,12.10893,10.80317,NA,1.30576,NA,0,1,0,NA,NA,NA,NA,NA,NA,NA,0,1.591666667,NA,NA,1.2,NA,NA,0.1,NA,NA,5.9,NA,NA,1.305743097,NA,NA,0.820362155,NA,NA
Midge,2011-05-19,2011,5,20,19,139,0,0,0,0,-2.443697499,NA,12.22229,12.22575,12.49307,11.957,NA,0.53607,NA,0,1,0,NA,NA,NA,NA,NA,NA,NA,0,2.860416667,NA,NA,2.85,NA,NA,0.5,NA,NA,4.8,NA,NA,0.814829233,NA,NA,0.284863825,NA,NA
Midge,2011-05-26,2011,5,21,26,146,0,0,0,0,-2.443697499,NA,15.24841,15.32533,16.042,14.50547,NA,1.53653,NA,0,1,0,NA,NA,NA,NA,NA,NA,NA,0,3.904861111,NA,NA,2.95,NA,NA,0.3,NA,NA,10.5,NA,NA,2.478758144,NA,NA,0.634787787,NA,NA
Midge,2011-06-02,2011,6,22,2,153,0.007073604,0,0.007073604,0.007073604,-1.971688914,NA,16.51833,17.29,17.77,13.82,1.275190239,3.95,0.077198481,0,0,1,18.98823529,19.07,20.03,17.13,0.876585958,2.9,0.046164688,17,6.697222222,NA,NA,7.05,NA,NA,1.6,NA,NA,12.1,NA,NA,2.250747955,NA,NA,0.336071864,NA,NA
Midge,2011-06-10,2011,6,23,10,161,0,0,0,-0.007073604,-2.443697499,261391.8,19.08375,18.74,22.34,17.13,1.588277198,5.21,0.083226682,0,0,0,19.08375,18.74,22.34,17.13,1.588277198,5.21,0.083226682,24,3.106944444,NA,NA,3.1,NA,NA,0.3,NA,NA,6.3,NA,NA,1.245896918,NA,NA,0.401003925,NA,NA
Midge,2011-06-16,2011,6,24,16,167,0,0,0,0,-2.443697499,449653.4,19.17833333,19.47,20.2,17.93,0.708971494,2.27,0.036967315,0,0,0,19.17833333,19.47,20.2,17.93,0.708971494,2.27,0.036967315,24,2.625,NA,NA,2.7,NA,NA,0.2,NA,NA,6.3,NA,NA,1.13891741,NA,NA,0.433873299,NA,NA
Midge,2011-06-23,2011,6,25,23,174,0.007073604,0,0.007073604,0.007073604,-1.971688914,62237.4,19.38916667,19.47,19.71,18.74,0.280882409,0.97,0.014486564,0,0,0,19.38916667,19.47,19.71,18.74,0.280882409,0.97,0.014486564,24,4.620138889,NA,NA,4.65,NA,NA,1.1,NA,NA,8.8,NA,NA,1.292397342,NA,NA,0.279731275,NA,NA
Midge,2011-06-30,2011,6,26,30,181,0,0,0,-0.007073604,-2.443697499,315653.1,21.35708333,21.425,21.68,21.01,0.202043456,0.67,0.009460255,0,0,0,21.35708333,21.425,21.68,21.01,0.202043456,0.67,0.009460255,24,3.755555556,NA,NA,3.4,NA,NA,1,NA,NA,9.2,NA,NA,1.677443017,NA,NA,0.446656425,NA,NA
Midge,2011-07-07,2011,7,27,7,188,0,0,0,0,-2.443697499,571146.3,23.8125,23.775,24.21,23.18,0.313705068,1.03,0.013173966,0,0,0,23.8125,23.775,24.21,23.18,0.313705068,1.03,0.013173966,24,3.040277778,NA,NA,3,NA,NA,0.5,NA,NA,6.8,NA,NA,1.276759416,NA,NA,0.419948278,NA,NA
Midge,2011-07-14,2011,7,28,14,195,0.198060913,0.014147208,0.212208121,0.212208121,-0.665932217,461881.1,23.39458333,23.35,24.38,22.34,0.55478926,2.04,0.023714432,0,0,0,23.39458333,23.35,24.38,22.34,0.55478926,2.04,0.023714432,24,3.846527778,NA,NA,3.75,NA,NA,0.3,NA,NA,8.6,NA,NA,1.827792937,NA,NA,0.475179966,NA,NA
Midge,2011-07-21,2011,7,29,21,202,0.148545685,0.007073604,0.155619289,-0.056588832,-0.79800432,414143.2,25.67291667,25.77,26.29,25.07,0.332205792,1.22,0.012939932,0,0,0,25.67291667,25.77,26.29,25.07,0.332205792,1.22,0.012939932,24,4.444444444,NA,NA,4.3,NA,NA,0.8,NA,NA,9.6,NA,NA,1.851772078,NA,NA,0.416648718,NA,NA
Midge,2011-07-28,2011,7,30,28,209,0.226355329,0,0.226355329,0.07073604,-0.638356522,583783.3,24.88625,24.9,25.59,24.03,0.522567345,1.56,0.020998236,0,0,0,24.88625,24.9,25.59,24.03,0.522567345,1.56,0.020998236,24,1.91875,NA,NA,1.8,NA,NA,0.2,NA,NA,4.6,NA,NA,0.9206997,NA,NA,0.479843492,NA,NA
Midge,2011-08-04,2011,8,31,4,216,0.834685276,0.007073604,0.84175888,0.615403551,-0.072958881,385716.2,24.33875,24.38,24.73,24.03,0.202104418,0.7,0.008303813,0,0,0,24.33875,24.38,24.73,24.03,0.202104418,0.7,0.008303813,24,2.040972222,NA,NA,1.9,NA,NA,0.3,NA,NA,6,NA,NA,1.118091105,NA,NA,0.547822794,NA,NA
Midge,2011-08-11,2011,8,32,11,223,0.155619289,0.014147208,0.169766497,-0.671992383,-0.761034826,354748,23.92625,24.03,24.21,23.35,0.252617816,0.86,0.010558187,0,0,0,23.92625,24.03,24.21,23.35,0.252617816,0.86,0.010558187,24,4.288194444,NA,NA,4.25,NA,NA,1.1,NA,NA,7.6,NA,NA,1.399275363,NA,NA,0.326308749,NA,NA
Midge,2011-08-18,2011,8,33,18,230,3.232637043,0.870053296,4.102690339,3.932923842,0.613449653,214224.1,23.20375,23.35,23.86,22.34,0.469743802,1.52,0.020244305,0,0,0,23.20375,23.35,23.86,22.34,0.469743802,1.52,0.020244305,24,3.152777778,NA,NA,3.5,NA,NA,0.6,NA,NA,6.5,NA,NA,1.670724664,NA,NA,0.529921479,NA,NA
Midge,2011-08-25,2011,8,34,25,237,2.334289331,0.049515228,2.383804559,-1.71888578,0.377926019,206452.7,22.48208333,22.425,22.84,22.18,0.189759096,0.66,0.008440459,0,0,0,22.48208333,22.425,22.84,22.18,0.189759096,0.66,0.008440459,24,4.755555556,NA,NA,4.6,NA,NA,0.5,NA,NA,9.6,NA,NA,1.747236691,NA,NA,0.367409584,NA,NA
Midge,2011-09-01,2011,9,35,1,244,1.053967001,0,1.053967001,-1.329837558,0.024307891,146023.5,21.3575,21.34,21.68,21.18,0.153827967,0.5,0.007202527,0,0,0,21.3575,21.34,21.68,21.18,0.153827967,0.5,0.007202527,24,3.345138889,NA,NA,3.3,NA,NA,0.1,NA,NA,6.1,NA,NA,1.392127208,NA,NA,0.416164247,NA,NA
Midge,2011-09-08,2011,9,36,8,251,0.459784262,0,0.459784262,-0.594182739,-0.33405872,142600.3,21.07291667,21.01,21.34,20.68,0.169204768,0.66,0.00802949,0,0,0,21.07291667,21.01,21.34,20.68,0.169204768,0.66,0.00802949,24,2.015972222,NA,NA,1.75,NA,NA,0.3,NA,NA,5.2,NA,NA,0.985039362,NA,NA,0.488617527,NA,NA
Midge,2011-09-15,2011,9,37,15,258,0.056588832,0,0.056588832,-0.40319543,-1.220484084,111525.6,20.69208333,20.76,21.18,19.87,0.437512526,1.31,0.021143957,0,0,0,20.69208333,20.76,21.18,19.87,0.437512526,1.31,0.021143957,24,3.435416667,NA,NA,3.2,NA,NA,0.5,NA,NA,8.5,NA,NA,1.639139666,NA,NA,0.4771298,NA,NA
Midge,2011-09-22,2011,9,38,22,265,0.014147208,0,0.014147208,-0.042441624,-1.750869961,NA,18.93833,19.07,19.55,18.09,0.416597675,1.46,0.021997589,0,0,1,19.55,18.83111111,18.74,18.42,0.334493813,1.13,0.017762829,9,1.747916667,NA,NA,1.6,NA,NA,0.1,NA,NA,5.4,NA,NA,0.935617574,NA,NA,0.535275847,NA,NA
Midge,2011-09-29,2011,9,39,29,272,0,0,0,-0.014147208,-2.443697499,NA,19.419556,19.3825,19.647,19.2905,NA,0.3565,NA,0,1,0,NA,NA,NA,NA,NA,NA,NA,0,4.116666667,NA,NA,4,NA,NA,1.1,NA,NA,11.7,NA,NA,1.384125788,NA,NA,0.336224888,NA,NA
Midge,2011-10-06,2011,10,40,6,279,0,0,0,0,-2.443697499,NA,15.992076,15.992875,16.381,15.68525,NA,0.69575,NA,0,1,0,NA,NA,NA,NA,NA,NA,NA,0,4.879861111,NA,NA,4.6,NA,NA,1.5,NA,NA,10.9,NA,NA,1.943415631,NA,NA,0.398252243,NA,NA
Midge,2012-02-16,2012,2,7,16,47,0,0,0,0,-2.443697499,NA,NA,NA,NA,NA,NA,NA,NA,0,0,0,NA,NA,NA,NA,NA,NA,NA,0,0.609722222,NA,NA,0.5,NA,NA,0.1,NA,NA,1.6,NA,NA,0.364186889,NA,NA,0.597299681,NA,NA
Midge,2012-03-29,2012,3,13,29,89,0,0,0,0,-2.443697499,NA,NA,NA,NA,NA,NA,NA,NA,0,0,0,NA,NA,NA,NA,NA,NA,NA,0,1.140277778,NA,NA,1,NA,NA,0.1,NA,NA,4.1,NA,NA,0.755984926,NA,NA,0.662983127,NA,NA
Midge,2012-04-13,2012,4,15,13,104,0,0,0,0,-2.443697499,NA,NA,NA,NA,NA,NA,NA,NA,0,0,0,NA,NA,NA,NA,NA,NA,NA,0,1.013286713,NA,NA,0.7,NA,NA,0.2,NA,NA,3.9,NA,NA,0.707230042,NA,NA,0.697956494,NA,NA
Midge,2012-04-19,2012,4,16,19,110,0,0,0,0,-2.443697499,NA,13.99668,13.97617,14.35475,13.824,NA,0.53075,NA,0,1,0,NA,NA,NA,NA,NA,NA,NA,0,1.722222222,NA,NA,1.5,NA,NA,0.1,NA,NA,6.4,NA,NA,1.011157645,NA,NA,0.587123794,NA,NA
Midge,2012-05-03,2012,5,18,3,124,0,0,0,0,-2.443697499,NA,13.89848,13.912,13.956,13.846,NA,0.11,NA,0,1,0,NA,NA,NA,NA,NA,NA,NA,0,2.426388889,NA,NA,2.3,NA,NA,0,NA,NA,16.7,NA,NA,1.537911858,NA,NA,0.63382744,NA,NA
Midge,2012-05-10,2012,5,19,10,131,0,0,0,0,-2.443697499,NA,15.07525,15.0945,15.309,14.814,NA,0.495,NA,0,1,0,NA,NA,NA,NA,NA,NA,NA,0,3.30625,NA,NA,3.2,NA,NA,0.3,NA,NA,7.6,NA,NA,1.341600065,NA,NA,0.405776957,NA,NA
Midge,2012-05-17,2012,5,20,17,138,0,0,0,0,-2.443697499,NA,16.44353,16.37554,16.805,16.145,NA,0.66,NA,0,1,0,NA,NA,NA,NA,NA,NA,NA,0,4.029861111,NA,NA,4.1,NA,NA,0.1,NA,NA,9.1,NA,NA,1.790693887,NA,NA,0.444356229,NA,NA
Midge,2012-05-24,2012,5,21,24,145,0,0,0,0,-2.443697499,NA,18.7475,18.73,19.06,18.57,0.160440968,0.49,0.008557993,0,0,1,18.69181818,19.06,19.22,17.28,0.71178393,1.94,0.038079973,11,2.780555556,NA,NA,2.9,NA,NA,0.1,NA,NA,6.7,NA,NA,1.333184724,NA,NA,0.479467033,NA,NA
Midge,2012-05-31,2012,5,22,31,152,0,0,0,0,-2.443697499,426059.5,20.5275,20.51,21.01,20.03,0.258713372,0.98,0.012603258,0,0,0,20.5275,20.51,21.01,20.03,0.258713372,0.98,0.012603258,24,3.902777778,NA,NA,3.65,NA,NA,1.5,NA,NA,7.6,NA,NA,1.411934369,NA,NA,0.361776778,NA,NA
Midge,2012-06-07,2012,6,23,7,159,0.042441624,0.007073604,0.049515228,0.049515228,-1.27478095,419299.5,17.32291667,17.125,17.93,16.81,0.450067427,1.12,0.025981042,0,0,0,17.32291667,17.125,17.93,16.81,0.450067427,1.12,0.025981042,24,2.436111111,NA,NA,2,NA,NA,0.2,NA,NA,7.1,NA,NA,1.407751325,NA,NA,0.577868275,NA,NA
Midge,2012-06-14,2012,6,24,14,166,0.141472081,0,0.141472081,0.091956853,-0.838416159,NA,19.99125,19.71,21.01,19.22,0.650734117,1.79,0.032550947,0,0,0,19.99125,19.71,21.01,19.22,0.650734117,1.79,0.032550947,24,1.922916667,NA,NA,1.7,NA,NA,0.2,NA,NA,6.2,NA,NA,1.123164781,NA,NA,0.584094361,NA,NA
Midge,2012-06-21,2012,6,25,21,173,0.502225886,0.007073604,0.50929949,0.36782741,-0.289967733,NA,23.32166667,23.34,24.72,22.34,0.64961304,2.38,0.027854486,0,0,0,23.32166667,23.34,24.72,22.34,0.64961304,2.38,0.027854486,24,2.609027778,NA,NA,2.5,NA,NA,0.2,NA,NA,6.7,NA,NA,1.207836487,NA,NA,0.462945047,NA,NA
Midge,2012-06-28,2012,6,26,28,180,0.007073604,0,0.007073604,-0.502225886,-1.971688914,NA,20.35291667,20.27,20.84,20.03,0.282880819,0.81,0.013898785,0,0,0,20.35291667,20.27,20.84,20.03,0.282880819,0.81,0.013898785,24,3.28125,NA,NA,3.3,NA,NA,0.4,NA,NA,7.7,NA,NA,1.553024063,NA,NA,0.473302572,NA,NA
Midge,2012-07-05,2012,7,27,5,187,0.282944161,0.021220812,0.304164973,0.297091369,-0.511780809,NA,23.3575,23.34,23.86,23.01,0.230391916,0.85,0.009863723,0,0,0,23.3575,23.34,23.86,23.01,0.230391916,0.85,0.009863723,24,3.929166667,NA,NA,3.5,NA,NA,0.5,NA,NA,8.8,NA,NA,1.874893936,NA,NA,0.47717343,NA,NA
Midge,2012-07-12,2012,7,28,12,194,0.084883248,0.028294416,0.113177665,-0.190987309,-0.932640213,673232.2,24.44958333,24.12,25.76,23.52,0.803213541,2.24,0.032851829,0,0,0,24.44958333,24.12,25.76,23.52,0.803213541,2.24,0.032851829,24,2.15625,NA,NA,1.9,NA,NA,0.2,NA,NA,6,NA,NA,1.193556052,NA,NA,0.553533241,NA,NA
Midge,2012-07-19,2012,7,29,19,201,0.226355329,0.056588832,0.282944161,0.169766497,-0.542808437,640229.3,25.04625,25.07,25.59,24.72,0.243753484,0.87,0.009732135,0,0,0,25.04625,25.07,25.59,24.72,0.243753484,0.87,0.009732135,24,3.3625,NA,NA,2.8,NA,NA,0.5,NA,NA,8,NA,NA,1.652540955,NA,NA,0.491461994,NA,NA
Midge,2012-07-26,2012,7,30,26,208,0.40319543,0.091956852,0.495152282,0.212208121,-0.302115104,198379.8,23.78625,23.86,24.21,23.34,0.228412527,0.87,0.009602713,0,0,0,23.78625,23.86,24.21,23.34,0.228412527,0.87,0.009602713,24,1.8875,NA,NA,1.9,NA,NA,0.2,NA,NA,4.3,NA,NA,0.913065612,NA,NA,0.48374337,NA,NA
Midge,2012-08-02,2012,8,31,2,215,0.587109135,0.091956852,0.679065987,0.183913705,-0.165791735,476821.2,24.86166667,24.465,25.93,24.21,0.677685747,1.72,0.027258259,0,0,0,24.86166667,24.465,25.93,24.21,0.677685747,1.72,0.027258259,24,2.174305556,NA,NA,1.95,NA,NA,0.3,NA,NA,6.5,NA,NA,1.193499088,NA,NA,0.548910472,NA,NA
Midge,2012-08-09,2012,8,32,9,222,0.834685276,0.339532994,1.17421827,0.495152282,0.071078287,413540.5,25.45875,25.42,25.93,25.07,0.260956643,0.86,0.010250175,0,0,0,25.45875,25.42,25.93,25.07,0.260956643,0.86,0.010250175,24,2.186111111,NA,NA,2.15,NA,NA,0.3,NA,NA,5.7,NA,NA,1.047982485,NA,NA,0.479382077,NA,NA
Midge,2012-08-16,2012,8,33,16,229,0.120251269,0.03536802,0.155619289,-1.018598981,-0.79800432,300056.2,25.1775,25.07,25.76,24.89,0.20955958,0.87,0.008323288,0,0,0,25.1775,25.07,25.76,24.89,0.20955958,0.87,0.008323288,24,3.185416667,NA,NA,2.9,NA,NA,0.5,NA,NA,7.6,NA,NA,1.478657904,NA,NA,0.464196072,NA,NA
Midge,2012-08-23,2012,8,34,23,236,0.275870557,0,0.275870557,0.120251269,-0.553663939,216506,24.39875,24.38,24.89,23.86,0.321495317,1.03,0.013176713,0,0,0,24.39875,24.38,24.89,23.86,0.321495317,1.03,0.013176713,24,2.485416667,NA,NA,2.3,NA,NA,0.1,NA,NA,6.6,NA,NA,1.32738603,NA,NA,0.534069819,NA,NA
Midge,2012-08-30,2012,8,35,30,243,0.679065987,0,0.679065987,0.40319543,-0.165791735,225504.4,23.50625,23.52,23.86,23.17,0.191715652,0.69,0.008155944,0,0,0,23.50625,23.52,23.86,23.17,0.191715652,0.69,0.008155944,24,4.428472222,NA,NA,4.6,NA,NA,1.2,NA,NA,8.9,NA,NA,1.618886054,NA,NA,0.365563105,NA,NA
Midge,2012-09-06,2012,9,36,6,250,0.565888323,0,0.565888323,-0.113177665,-0.244515176,233889.9,22.50583333,22.34,23.34,22.17,0.382223662,1.17,0.016983315,0,0,0,22.50583333,22.34,23.34,22.17,0.382223662,1.17,0.016983315,24,2.079861111,NA,NA,1.95,NA,NA,0.2,NA,NA,6.1,NA,NA,1.090940434,NA,NA,0.524525617,NA,NA
Midge,2012-09-13,2012,9,37,13,257,0.643697967,0,0.643697967,0.077809644,-0.188895757,99200.6,21.37583333,21.09,22.34,20.68,0.552180788,1.66,0.025832012,0,0,0,21.37583333,21.09,22.34,20.68,0.552180788,1.66,0.025832012,24,2.490277778,NA,NA,2.5,NA,NA,0.4,NA,NA,4.7,NA,NA,0.964351983,NA,NA,0.387246753,NA,NA
Midge,2012-09-20,2012,9,38,20,264,0.325385786,0,0.325385786,-0.318312182,-0.482822866,95023.9,19.2,19.22,19.38,18.9,0.143980675,0.48,0.007498993,0,0,0,19.2,19.22,19.38,18.9,0.143980675,0.48,0.007498993,24,3.215277778,NA,NA,3.15,NA,NA,0.2,NA,NA,7.4,NA,NA,1.480045333,NA,NA,0.460316475,NA,NA
Midge,2012-09-27,2012,9,39,27,271,0.021220812,0,0.021220812,-0.304164973,-1.605184015,NA,18.27667,18.25,18.41,18.09,0.112314259,0.32,0.006145227,0,0,1,18.07222222,18.09,18.25,17.93,0.125077754,0.32,0.006920995,9,3.653472222,NA,NA,3.8,NA,NA,0.5,NA,NA,7.7,NA,NA,1.517999843,NA,NA,0.41549511,NA,NA
Midge,2012-10-05,2012,10,40,5,279,0.028294416,0,0.028294416,0.007073604,-1.496285346,NA,16.899236,16.925,17.08,16.73,NA,0.35,NA,0,1,0,NA,NA,NA,NA,NA,NA,NA,0,2.629166667,NA,NA,2.6,NA,NA,0.2,NA,NA,5.4,NA,NA,0.87401293,NA,NA,0.33242964,NA,NA
Midge,2013-04-24,2013,4,16,24,114,0,0,0,-0.028294416,-2.443697499,NA,NA,NA,NA,NA,NA,NA,NA,0,0,0,NA,NA,NA,NA,NA,NA,NA,0,1.08125,1.134861111,1.948611111,0.95,1.11,1.9,0.1,0.12,0.3,3.2,2.5,4.6,0.703733177,0.57510958,0.989665912,0.650851493,0.506766489,0.50788272
Midge,2013-05-02,2013,5,17,2,122,0,0,0,0,-2.443697499,NA,NA,NA,NA,NA,NA,NA,NA,0,0,0,NA,NA,NA,NA,NA,NA,NA,0,1.1375,1.122291667,1.979166667,0.85,0.83,1.5,0.2,0.33,0.6,4,3.14,6.1,0.860059764,0.682420331,1.345693728,0.756096496,0.608059698,0.679929462
Midge,2013-05-14,2013,5,19,14,134,0,0,0,0,-2.443697499,NA,11.71708,11.58127,12.0992,11.4464,NA,0.6528,NA,0,1,0,NA,NA,NA,NA,NA,NA,NA,0,0.916666667,0.943819444,1.719444444,0.7,0.805,1.2,0.1,0.33,0.5,4.8,2.72,5.3,0.731030502,0.472074719,1.099540767,0.79748782,0.500174818,0.639474437
Midge,2013-05-23,2013,5,20,23,143,0,0,0,0,-2.443697499,NA,14.97667,14.99,15.31,14.67,0.182224579,0.64,0.012167232,0,0,1,14.51625,14.67,14.83,14.05,0.299472751,0.78,0.020630173,8,3.768055556,3.824861111,5.034722222,3.5,3.59,4.5,0,0.89,1.6,8.1,7.82,10.4,1.568913605,1.43445903,1.879306502,0.416372206,0.375035586,0.373269154
Midge,2013-05-30,2013,5,21,30,150,0,0,0,0,-2.443697499,473237.5,14.35416667,14.285,15.31,13.43,0.723619625,1.88,0.050411817,0,0,0,14.35416667,14.285,15.31,13.43,0.723619625,1.88,0.050411817,24,3,2.981944444,3.797222222,2.8,2.905,3.4,0.2,0.45,0.6,7.2,7.03,8.8,1.532446282,1.438163785,1.877244836,0.510815427,0.482290603,0.494373183
Midge,2013-06-06,2013,6,22,6,157,0,0,0,0,-2.443697499,655051.4,17.49666667,17.53,17.85,17.05,0.270951089,0.8,0.015485869,0,0,0,17.49666667,17.53,17.85,17.05,0.270951089,0.8,0.015485869,24,3.399305556,3.302361111,4.207638889,3.5,3.545,4.6,0.2,0.39,0.6,6.8,6.19,7.6,1.652397983,1.567367838,1.859960142,0.486098692,0.474620366,0.442043671
Midge,2013-06-13,2013,6,23,13,164,0.014147208,0.007073604,0.021220812,0.021220812,-1.605184015,282694.4,16.22666667,16.26,16.42,16.1,0.08143638,0.32,0.005018676,0,0,0,16.22666667,16.26,16.42,16.1,0.08143638,0.32,0.005018676,24,2.404166667,2.420902778,3.05,2.4,2.48,3.1,0.2,0.23,0.4,5.6,5.75,6.9,1.184626169,1.072353736,1.278055779,0.492738788,0.442956134,0.419034682
Midge,2013-06-20,2013,6,24,20,171,0.021220812,0,0.021220812,0,-1.605184015,386684.8,18.32333333,18.01,19.47,17.37,0.817513019,2.1,0.044615955,0,0,0,18.32333333,18.01,19.47,17.37,0.817513019,2.1,0.044615955,24,1.911111111,1.826944444,2.666666667,1.7,1.68,2.3,0.2,0.37,0.6,5.8,4.92,6.4,0.990945802,0.807520835,1.232258714,0.518518152,0.442006235,0.462097018
Midge,2013-06-27,2013,6,25,27,178,0.021220812,0,0.021220812,0,-1.605184015,311659.7,22.16333333,22.175,22.43,21.59,0.220269927,0.84,0.009938484,0,0,0,22.16333333,22.175,22.43,21.59,0.220269927,0.84,0.009938484,24,3.246527778,3.228472222,4.11875,3.2,3.27,4.1,0.4,0.57,1,10,5.66,10,1.307798727,1.107603296,1.446141176,0.402829982,0.34307351,0.351111666
Midge,2013-07-03,2013,7,26,3,184,0.063662436,0,0.063662436,0.042441624,-1.172227408,319786.5,22.93625,22.43,24.13,22.09,0.860777265,2.04,0.037529119,0,0,0,22.93625,22.43,24.13,22.09,0.860777265,2.04,0.037529119,24,2.961111111,2.941597222,3.834722222,2.8,2.94,3.7,0.2,0.98,1.2,6.4,5.39,7.5,1.291235171,1.123599774,1.486316113,0.436064411,0.38196928,0.387594205
Midge,2013-07-11,2013,7,27,11,192,0.07073604,0,0.07073604,0.007073604,-1.128800578,291627.6,25.04333333,24.99,25.52,24.82,0.220782534,0.7,0.00881602,0,0,0,25.04333333,24.99,25.52,24.82,0.220782534,0.7,0.00881602,24,3.465972222,3.468819444,4.369444444,3.6,3.42,4.2,0.6,1.1,1.7,7,6.9,8,1.299605276,1.167136533,1.323867917,0.37496125,0.336465057,0.302983122
Midge,2013-07-18,2013,7,28,18,199,0.077809644,0,0.077809644,0.007073604,-1.089324144,302219.6,27.07333333,27.005,27.63,26.22,0.346870063,1.41,0.012812241,0,0,0,27.07333333,27.005,27.63,26.22,0.346870063,1.41,0.012812241,24,2.904166667,2.899791667,3.91875,2.9,2.855,3.7,0.4,0.68,1.2,11.6,10.92,13.8,1.510701916,1.355128806,1.888573249,0.520184304,0.467319367,0.481932567
Midge,2013-07-25,2013,7,29,25,206,0.304164973,0.056588832,0.360753806,0.282944161,-0.43847669,286342.5,23.54625,23.61,23.78,23.27,0.192936405,0.51,0.008193933,0,0,0,23.54625,23.61,23.78,23.27,0.192936405,0.51,0.008193933,24,2.176388889,2.195347222,3.011111111,2.1,2.075,2.9,0.6,0.66,1.3,4.4,3.96,5.2,0.81703764,0.722733654,0.805497814,0.375409764,0.329211546,0.267508499
Midge,2013-08-01,2013,8,30,1,213,0.141472081,0.396121826,0.537593907,0.176840101,-0.266647102,283845.5,23.96625,23.95,24.3,23.78,0.144517563,0.52,0.006030045,0,0,0,23.96625,23.95,24.3,23.78,0.144517563,0.52,0.006030045,24,3.008333333,3.030902778,4.016666667,2.8,3.22,4.3,0.2,0.41,0.7,8.6,7.89,10.7,1.795351418,1.747943812,2.212836044,0.596792715,0.576707318,0.550913538
Midge,2013-08-08,2013,8,31,8,220,0.346606598,0.084883248,0.431489846,-0.106104061,-0.361421052,217044.4,22.61375,22.51,23.09,22.09,0.340444882,1,0.015054773,0,0,0,22.61375,22.51,23.09,22.09,0.340444882,1,0.015054773,24,3.283333333,3.297708333,4.297916667,3.3,3.35,4.3,0.2,1.12,1.7,6.5,5.09,6.7,1.135258204,0.896665711,0.985451425,0.34576392,0.271905705,0.229285838
Midge,2013-08-15,2013,8,32,15,227,0.466857866,0.077809644,0.544667511,0.113177665,-0.261007489,192577.8,21.55166667,21.59,21.76,21.26,0.18475993,0.5,0.008572884,0,0,0,21.55166667,21.59,21.76,21.26,0.18475993,0.5,0.008572884,24,4.217361111,4.165625,5.106944444,3.95,4.18,5,1.2,1.57,1.9,8.2,7.01,8.7,1.359572632,1.182392217,1.507726152,0.3223752,0.283845093,0.295230576
Midge,2013-08-22,2013,8,33,22,234,2.397951767,0.50929949,2.907251258,2.362583747,0.464020014,200274.6,23.375,23.27,24.13,22.76,0.432575703,1.37,0.018505912,0,0,0,23.375,23.27,24.13,22.76,0.432575703,1.37,0.018505912,24,3.373611111,3.291041667,4.124305556,3.3,3.18,3.9,1.1,0.96,1.3,6.2,5.75,7.7,1.164869578,1.006344016,1.299824976,0.345288636,0.305782824,0.315162143
Midge,2013-08-29,2013,8,34,29,241,1.343984766,0.240502537,1.584487303,-1.322763954,0.200874374,198121.3,22.35125,22.345,22.76,22.09,0.171421487,0.67,0.007669436,0,0,0,22.35125,22.345,22.76,22.09,0.171421487,0.67,0.007669436,24,3.3125,3.341805556,4.104166667,3.5,3.58,4.4,0.8,0.68,1.1,5.4,5.51,7.1,1.061591034,1.029401111,1.163541435,0.320480312,0.308037405,0.283502482
Midge,2013-09-05,2013,9,35,5,248,4.166352776,0.042441624,4.2087944,2.624307096,0.624529027,122493.9,22.39291667,22.43,22.59,21.93,0.169769131,0.66,0.007581376,0,0,0,22.39291667,22.43,22.59,21.93,0.169769131,0.66,0.007581376,24,4.009027778,4.068263889,5.169444444,3.8,4.045,5.2,0.8,1.67,2,9,7.35,9.3,1.518184101,1.33238276,1.737745416,0.37869134,0.327506474,0.336157093
Midge,2013-09-11,2013,9,36,11,254,9.252274075,0.190987309,9.443261384,5.234466985,0.975287543,105659.2,20.75625,20.35,21.93,19.95,0.814279156,1.98,0.039230553,0,0,0,20.75625,20.35,21.93,19.95,0.814279156,1.98,0.039230553,24,3.178472222,3.247013889,4.209027778,3.1,3.315,4.2,0.4,0.47,1,9.2,11.21,14.1,1.615275126,1.454477091,1.905014112,0.508192305,0.447942984,0.452601934
Midge,2013-09-18,2013,9,37,18,261,81.36766719,0.268796953,81.63646415,72.19320276,1.911903337,60881.3,18.64208333,18.49,19.31,18.17,0.325829766,1.14,0.017478184,0,0,0,18.64208333,18.49,19.31,18.17,0.325829766,1.14,0.017478184,24,2.582638889,2.584305556,3.258333333,2.7,2.625,3.3,0.7,1.06,1.5,4.6,4.01,5.5,0.861071853,0.70088421,0.790724197,0.333407762,0.271207949,0.242677503
Midge,2013-09-25,2013,9,38,25,268,0.459784262,0,0.459784262,-81.17667988,-0.33405872,NA,17.07667,17.05,17.37,16.89,0.154093892,0.48,0.009023652,0,0,1,16.78333333,16.73,16.89,16.73,0.08,0.16,0.004766634,9,3.846428571,3.867885714,4.870714286,3.8,3.76,4.75,1.4,1.63,1.9,8.8,8.09,9.5,1.440743748,1.287624275,1.583571068,0.37456662,0.332901324,0.325120911
Midge,2013-10-02,2013,10,39,2,275,0.226355329,0.007073604,0.233428933,-0.226355329,-0.625198638,NA,17.26384,17.23533,17.58667,17.008,NA,0.57867,NA,0,1,0,NA,NA,NA,NA,NA,NA,NA,0,3.5875,3.613680556,4.588888889,3.3,3.235,3.85,0.3,0.47,1,7.8,7.69,9.7,1.938778903,1.888320283,2.364838915,0.540426175,0.52254765,0.515340199
Midge,2013-10-09,2013,10,40,9,282,0.028294416,0,0.028294416,-0.205134517,-1.496285346,NA,15.81295,15.7928,16.1896,15.6006,NA,0.589,NA,0,1,0,NA,NA,NA,NA,NA,NA,NA,0,1.7875,1.750625,2.354861111,1.7,1.58,2.2,0.2,0.29,0.5,5.3,5.31,6.3,0.984912406,0.874755685,0.991772438,0.550999947,0.499681934,0.421159631
Midge,2014-05-29,2014,5,21,29,149,0,0,0,-0.028294416,-2.443697499,NA,15.73167,15.78,16.42,13.89,0.592604177,2.53,0.03766951,0,0,1,15.20111111,14.99,16.26,14.67,0.508218566,1.59,0.033432988,9,NA,NA,NA,NA,NA,NA,NA,NA,NA,NA,NA,NA,NA,NA,NA,NA,NA,NA
Midge,2014-06-05,2014,6,22,5,156,0.007073604,0,0.007073604,0.007073604,-1.971688914,49180.8,17.39166667,17.69,18.01,16.58,0.606125734,1.43,0.034851504,0,0,0,17.39166667,17.69,18.01,16.58,0.606125734,1.43,0.034851504,24,NA,NA,NA,NA,NA,NA,NA,NA,NA,NA,NA,NA,NA,NA,NA,NA,NA,NA
Midge,2014-06-12,2014,6,23,12,163,0,0,0,-0.007073604,-2.443697499,114453.2,18.35833333,18.33,18.82,18.01,0.217528942,0.81,0.011849057,0,0,0,18.35833333,18.33,18.82,18.01,0.217528942,0.81,0.011849057,24,3.4625,3.37875,4.380555556,3.65,3.65,4.75,0.6,0.83,1.4,7.2,6.42,7.4,1.587136887,1.402453831,1.497189805,0.458378884,0.415080675,0.341780805
Midge,2014-06-19,2014,6,24,19,170,0.07073604,0.063662436,0.134398477,0.134398477,-0.860125707,280487.1,19.96458333,19.95,20.6,19.47,0.428952001,1.13,0.021485648,0,0,0,19.96458333,19.95,20.6,19.47,0.428952001,1.13,0.021485648,24,4.165972222,4.015277778,5.333333333,3.5,3.58,4.45,0.5,1,1.8,8.9,7.72,10.4,1.789212555,1.475905764,2.1438805419999998,0.429482594,0.367572518,0.401977602
Midge,2014-06-26,2014,6,25,26,177,0.091956852,0.134398477,0.226355329,0.091956853,-0.638356522,398901.1,20.39083333,20.515,21.09,19.63,0.485394655,1.46,0.023804552,0,0,0,20.39083333,20.515,21.09,19.63,0.485394655,1.46,0.023804552,24,3.167361111,3.189027778,4.032638889,2.9,3,3.8,0.1,0.32,0.6,7.7,6.68,8.5,1.702972714,1.601901545,1.951109774,0.537662948,0.502316586,0.483829529
Midge,2014-07-02,2014,7,26,2,183,0.671992383,0.650771571,1.322763954,1.096408625,0.122662711,509458.4,24.75458333,24.82,25.52,23.44,0.40776143,2.08,0.016472159,0,0,0,24.75458333,24.82,25.52,23.44,0.40776143,2.08,0.016472159,24,3.311805556,3.298888889,4.375694444,3.1,3.125,4.4,0.2,0.62,1,13.1,10.03,13.3,1.749625196,1.517912678,1.891247656,0.528299493,0.460128464,0.432216573
Midge,2014-07-09,2014,7,27,9,190,3.027502526,0.700286799,3.727789325,2.405025371,0.571870565,587744.3,23.25375,23.27,23.61,22.93,0.241423541,0.68,0.010382134,0,0,0,23.25375,23.27,23.61,22.93,0.241423541,0.68,0.010382134,24,4.106293706,4.138811189,5.468531469,3.8,4.2,5.4,0.9,1.2,1.6,9.5,8.38,12.1,1.994224647,1.667139107,2.282740495,0.485650757,0.402806272,0.417432085
Midge,2014-07-17,2014,7,28,17,198,0.742728424,0.190987309,0.933715732,-2.794073593,-0.028114094,634094.1,24.26125,24.3,24.64,23.78,0.278619462,0.86,0.011484135,0,0,0,24.26125,24.3,24.64,23.78,0.278619462,0.86,0.011484135,24,3.034722222,3.103958333,3.972222222,2.9,2.96,3.6,1.2,1.36,1.6,6,5.79,8.1,1.031077883,0.937510629,1.366402271,0.339760218,0.302037118,0.343989383
Midge,2014-07-23,2014,7,29,23,204,1.025672585,0.693213195,1.71888578,0.785170048,0.236155645,630692.1,25.53833333,25.52,26.22,25.17,0.329764958,1.05,0.012912548,0,0,0,25.53833333,25.52,26.22,25.17,0.329764958,1.05,0.012912548,24,3.925174825,3.766755245,5.004195804,4,3.88,5,0.8,1.1,1.5,12.4,8.79,13.2,1.729710084,1.422118808,2.046222013,0.440670839,0.377544787,0.408901269
Midge,2014-07-30,2014,7,30,30,211,1.202512686,0.099030457,1.301543142,-0.417342638,0.115658146,409514.7,23.19708333,23.09,23.78,22.76,0.35125216,1.02,0.015142083,0,0,0,23.19708333,23.09,23.78,22.76,0.35125216,1.02,0.015142083,24,1.882517483,1.923314685,2.464335664,1.9,1.92,2.4,0.4,0.37,0.8,3.6,3.87,4.5,0.771162894,0.740884629,0.763922936,0.409644479,0.385212381,0.30999143
Midge,2014-08-06,2014,8,31,6,218,1.626928928,0.077809644,1.704738572,0.40319543,0.232573947,370150.7,24.01791667,23.95,24.3,23.78,0.161406297,0.52,0.006720246,0,0,0,24.01791667,23.95,24.3,23.78,0.161406297,0.52,0.006720246,24,3.412587413,3.438545455,4.418881119,3.4,3.37,4.2,0.6,0.84,1.2,7.3,6.19,8.8,1.540571831,1.425116258,1.867850729,0.451438057,0.414453226,0.422697665
Midge,2014-08-12,2014,8,32,12,224,0.551741115,0.028294416,0.580035531,-1.124703041,-0.233858277,472365.5,24.19166667,24.13,24.64,23.78,0.23726094,0.86,0.009807548,0,0,0,24.19166667,24.13,24.64,23.78,0.23726094,0.86,0.009807548,24,3.714685315,3.709594406,4.662237762,4,4.11,5.2,0.3,0.45,0.9,8.3,7.39,9.5,1.846807601,1.817477087,2.124332677,0.497163944,0.48993957,0.455646577
Midge,2014-08-20,2014,8,33,20,232,2.440393391,0.007073604,2.447466995,1.867431465,0.389355182,388783.4,21.08583333,21.09,21.59,20.76,0.185845112,0.83,0.008813743,0,0,0,21.08583333,21.09,21.59,20.76,0.185845112,0.83,0.008813743,24,1.906993007,1.946909091,2.585314685,1.8,1.71,2.5,0.2,0.33,0.5,4.6,4.67,5.5,1.105342363,1.031479717,1.163527785,0.579625808,0.52980374,0.450052673
Midge,2014-08-27,2014,8,34,27,239,0.282944161,0.021220812,0.304164973,-2.143302022,-0.511780809,326427.9,22.92375,22.76,23.61,22.43,0.397588519,1.18,0.017343956,0,0,0,22.92375,22.76,23.61,22.43,0.397588519,1.18,0.017343956,24,3.399305556,3.442916667,4.418055556,3.4,3.48,4.45,0.3,0.6,1.1,5.9,5.92,7.3,1.300913962,1.190209405,1.429394354,0.382699919,0.345698,0.323534717
Midge,2014-09-04,2014,9,35,4,247,1.138850249,0.007073604,1.145923853,0.84175888,0.060517987,268431.3,22.99333333,22.93,23.61,22.43,0.417358845,1.18,0.018151298,0,0,0,22.99333333,22.93,23.61,22.43,0.417358845,1.18,0.018151298,24,2.08125,2.048611111,2.590972222,1.8,1.905,2.35,0.5,0.46,0.8,5.3,4.81,6.3,1.086082892,0.985912386,1.158665328,0.52184163,0.481258927,0.447193265
Midge,2014-09-10,2014,9,36,10,253,0.40319543,0,0.40319543,-0.742728424,-0.390623935,228163.6,21.70333333,21.76,21.93,21.59,0.10829375,0.34,0.004989729,0,0,0,21.70333333,21.76,21.93,21.59,0.10829375,0.34,0.004989729,24,2.564583333,2.587708333,3.421527778,2.7,2.645,3.5,0.3,0.53,1,5,4.04,5.7,1.058463641,0.918488968,0.97393752,0.412723434,0.354943003,0.284649894
Midge,2014-09-17,2014,9,37,17,260,1.945241109,0.021220812,1.966461921,1.563266491,0.294479877,208325.4,18.81833333,18.66,19.31,18.33,0.318319865,0.98,0.016915412,0,0,0,18.81833333,18.66,19.31,18.33,0.318319865,0.98,0.016915412,24,2.136111111,2.063611111,2.740972222,2,1.92,2.55,0.1,0.43,0.6,4.9,4.28,5.3,0.995838271,0.820627946,1.01157035,0.466192168,0.397665985,0.369055309
Midge,2014-09-25,2014,9,38,25,268,0.099030457,0,0.099030457,-1.867431465,-0.988723737,NA,17.43,17.37,17.69,17.21,0.181587205,0.48,0.010418084,0,0,1,17.38777778,17.37,17.69,17.21,0.203087283,0.48,0.011679887,9,1.497222222,1.528819444,1.980555556,1.5,1.51,1.95,0.3,0.61,0.9,3.1,3.32,3.8,0.580323571,0.539900919,0.579036791,0.387600159,0.353148909,0.292360792
Midge,2014-10-03,2014,10,39,3,276,0.014147208,0,0.014147208,-0.084883248,-1.750869961,NA,17.14497,17.108,17.526,16.943,NA,0.583,NA,0,1,0,NA,NA,NA,NA,NA,NA,NA,0,2.797916667,2.78875,3.599305556,2.6,2.67,3.5,0.2,0.44,1,6.2,5.46,7.6,1.478255859,1.367997298,1.561310931,0.528341632,0.490541389,0.433781158
Midge,2014-10-10,2014,10,40,10,283,0.127324873,0,0.127324873,0.113177665,-0.882977839,NA,15.08721,15.084,15.238,14.963,NA,0.275,NA,0,1,0,NA,NA,NA,NA,NA,NA,NA,0,3.458333333,3.503541667,4.475694444,3.25,3.26,4,0.6,0.38,0.8,8.1,6.72,9.1,1.617063729,1.562313359,1.974602608,0.467584693,0.445924013,0.441183515
Midge,2015-05-14,2015,5,19,14,134,0,0,0,-0.127324873,-2.443697499,NA,12.50968,12.6156,13.12632,11.96376,NA,1.16256,NA,0,1,0,NA,NA,NA,NA,NA,NA,NA,0,NA,NA,NA,NA,NA,NA,NA,NA,NA,NA,NA,NA,NA,NA,NA,NA,NA,NA
Midge,2015-05-21,2015,5,20,21,141,0.007073604,0,0.007073604,0.007073604,-1.971688914,NA,14.03961,13.92468,14.76528,13.56624,NA,1.19904,NA,0,1,0,NA,NA,NA,NA,NA,NA,NA,0,NA,NA,NA,NA,NA,NA,NA,NA,NA,NA,NA,NA,NA,NA,NA,NA,NA,NA
Midge,2015-05-28,2015,5,21,28,148,0.113177665,0.014147208,0.127324873,0.120251269,-0.882977839,NA,16.56453,16.73712,17.14848,15.66072,NA,1.48776,NA,0,1,0,NA,NA,NA,NA,NA,NA,NA,0,NA,NA,NA,NA,NA,NA,NA,NA,NA,NA,NA,NA,NA,NA,NA,NA,NA,NA
Midge,2015-06-05,2015,6,22,5,156,0.007073604,0,0.007073604,-0.120251269,-1.971688914,NA,16.98875,17.09,17.57,16.29,0.41806295,1.28,0.024608223,0,0,1,16.50333333,16.45,16.93,16.29,0.196946386,0.64,0.011933734,12,NA,0.82125,1.450694444,NA,0.81,1.4,NA,0.32,0.6,NA,1.41,2.9,NA,0.237668968,0.460160587,NA,0.289399048,0.317200213
Midge,2015-06-11,2015,6,23,11,162,0.014147208,0,0.014147208,0.007073604,-1.750869961,634159.1,19.1275,19.02,19.67,18.53,0.395235208,1.14,0.020663192,0,0,0,19.1275,19.02,19.67,18.53,0.395235208,1.14,0.020663192,24,NA,3.884985507,5.17173913,NA,3.41,4.3,NA,0.33,0.5,NA,8.9,13,NA,2.823369259,3.4722884,NA,0.726738685,0.671396664
Midge,2015-06-19,2015,6,24,19,170,0.077809644,0.014147208,0.091956852,0.077809644,-1.019738166,533720.4,20.39166667,20.48,20.97,19.99,0.363349953,0.98,0.017818551,0,0,0,20.39166667,20.48,20.97,19.99,0.363349953,0.98,0.017818551,24,NA,3.691041667,4.8,NA,3.54,4.35,NA,0.65,0.8,NA,7.52,10.4,NA,1.58171135,1.99432762,NA,0.428527092,0.415484921
Midge,2015-07-02,2015,7,26,2,183,0.07073604,0.007073604,0.077809644,-0.014147208,-1.089324144,403089,20.41416667,20.4,20.81,19.99,0.29150161,0.82,0.014279378,0,0,0,20.41416667,20.4,20.81,19.99,0.29150161,0.82,0.014279378,24,NA,3.671388889,4.715277778,NA,3.68,4.7,NA,0.65,1.2,NA,7.31,9.2,NA,1.565448443,1.953813536,NA,0.426391344,0.414358099
Midge,2015-07-09,2015,7,27,9,190,0.028294416,0.014147208,0.042441624,-0.03536802,-1.336849366,407630.9,22.45916667,22.47,22.63,22.3,0.149867091,0.33,0.00667287,0,0,0,22.45916667,22.47,22.63,22.3,0.149867091,0.33,0.00667287,24,NA,2.273888889,2.980555556,NA,1.985,2.7,NA,0.75,1.1,NA,4.56,5.6,NA,0.866010151,1.026929552,NA,0.38084981,0.344543
Midge,2015-07-16,2015,7,28,16,197,0.141472081,0.049515228,0.190987309,0.148545685,-0.710885488,702552.6,23.03708333,22.97,23.48,22.81,0.207751506,0.67,0.009018134,0,0,0,23.03708333,22.97,23.48,22.81,0.207751506,0.67,0.009018134,24,NA,3.128472222,4.110416667,NA,2.565,3.75,NA,0.83,1,NA,5.96,7.7,NA,1.578096277,1.820348032,NA,0.50443033,0.442862167
Midge,2015-07-30,2015,7,30,30,211,1.237880706,0.162692893,1.400573599,1.20958629,0.147420803,623329.5,25.44916667,25.645,25.91,24.34,0.431165424,1.57,0.016942222,0,0,0,25.44916667,25.645,25.91,24.34,0.431165424,1.57,0.016942222,24,NA,3.090694444,3.897222222,NA,3.165,3.75,NA,0.42,0.6,NA,6.59,8.1,NA,1.602243031,1.915594613,NA,0.518408746,0.491528197
Midge,2015-08-06,2015,8,31,6,218,0.106104061,0.077809644,0.183913705,-1.216659894,-0.726966985,632135.3,24.1275,24.17,24.34,24,0.103346189,0.34,0.004283336,0,0,0,24.1275,24.17,24.34,24,0.103346189,0.34,0.004283336,24,NA,3.737083333,4.720833333,NA,3.57,4.3,NA,1.72,2.1,NA,6.47,9.3,NA,1.147308724,1.72593848,NA,0.30700646,0.365600384
Midge,2015-08-13,2015,8,32,13,225,0.261723349,0.120251269,0.381974618,0.198060913,-0.413891563,331401.1,23.44833333,23.48,23.83,23.14,0.233771845,0.69,0.009969657,0,0,0,23.44833333,23.48,23.83,23.14,0.233771845,0.69,0.009969657,24,NA,3.141951049,4.005594406,NA,3.14,3.9,NA,0.46,0.6,NA,5.67,10,NA,1.211094769,1.516564698,NA,0.385459465,0.378611648
Midge,2015-08-20,2015,8,33,20,232,0.721507611,0.077809644,0.799317256,0.417342638,-0.095329208,313026.6,25.85708333,25.91,26.26,25.56,0.174940466,0.7,0.006765669,0,0,0,25.85708333,25.91,26.26,25.56,0.174940466,0.7,0.006765669,24,NA,4.929166667,6.028472222,NA,5.1,6.25,NA,1.28,1.7,NA,8.08,9.9,NA,1.581346908,1.863888078,NA,0.32081425,0.309180835
Midge,2015-08-25,2015,8,34,25,237,0.565888323,0.099030457,0.664918779,-0.134398477,-0.174886389,201167.3,24.89541667,24.87,25.38,24.34,0.215002106,1.04,0.008636212,0,0,0,24.89541667,24.87,25.38,24.34,0.215002106,1.04,0.008636212,24,NA,2.817222222,3.686805556,NA,2.535,3.4,NA,0.3,0.7,NA,8.05,10.3,NA,1.555202613,1.85178978,NA,0.552034057,0.50227487
Midge,2015-09-03,2015,9,35,3,246,0.884200504,0.063662436,0.94786294,0.282944161,-0.021608123,314135.1,24.03041667,23.915,24.52,23.66,0.359776249,0.86,0.014971702,0,0,0,24.03041667,23.915,24.52,23.66,0.359776249,0.86,0.014971702,24,NA,2.651458333,3.341666667,NA,2.68,3.3,NA,0.84,1.5,NA,4.66,6.7,NA,0.854313587,1.020386599,NA,0.322205171,0.305352598
Midge,2015-09-10,2015,9,36,10,253,13.59546695,0.50929949,14.10476644,13.1569035,1.149476731,157950.5,24.74291667,24.69,25.04,24.34,0.215476805,0.7,0.008708626,0,0,0,24.74291667,24.69,25.04,24.34,0.215476805,0.7,0.008708626,24,NA,2.314861111,2.940972222,NA,2.29,2.8,NA,0.64,1.3,NA,5.37,8,NA,0.899972017,1.058195667,NA,0.388780136,0.359811514
Midge,2015-09-17,2015,9,37,17,260,2.100860398,0,2.100860398,-12.00390604,0.323140758,161352.1,22.57958333,22.47,23.14,22.13,0.395567607,1.01,0.017518818,0,0,0,22.57958333,22.47,23.14,22.13,0.395567607,1.01,0.017518818,24,NA,2.309861111,2.965277778,NA,2.3,3.05,NA,0.59,0.9,NA,3.98,5.7,NA,0.991303434,1.149783771,NA,0.429161489,0.387749094
Midge,2015-09-24,2015,9,38,24,267,0.77102284,0,0.77102284,-1.329837558,-0.110909702,NA,20.73125,20.64,21.13,20.48,0.215533968,0.65,0.010396574,0,0,1,20.55222222,20.48,20.81,20.48,0.118930418,0.33,0.005786743,9,NA,3.295694444,4.069444444,NA,3.125,3.6,NA,0.81,1.4,NA,6.49,8.1,NA,1.454859065,1.700854486,NA,0.441442339,0.417957416
Midge,2015-10-02,2015,10,39,2,275,0.381974618,0,0.381974618,-0.389048222,-0.413891563,NA,NA,NA,NA,NA,NA,NA,NA,0,0,0,NA,NA,NA,NA,NA,NA,NA,0,NA,4.485833333,5.452083333,NA,4.455,5.4,NA,3.2,3.6,NA,6.43,7.7,NA,0.722171841,0.875059938,NA,0.16098945,0.160500103
Midge,2015-10-12,2015,10,41,12,285,0.063662436,0,0.063662436,-0.318312182,-1.172227408,NA,15.7663,15.62417,16.34864,15.43699,NA,0.91165,NA,0,1,0,NA,NA,NA,NA,NA,NA,NA,0,NA,0.572152778,1.05625,NA,0.485,0.9,NA,0.16,0.3,NA,1.66,3.2,NA,0.286080734,0.57350825,NA,0.500007594,0.542966391
Midge,2016-05-26,2016,5,21,26,147,0.063662436,0.03536802,0.099030457,0.03536802,-0.988723737,NA,16.53595,16.51892,18.48333,14.77083,NA,3.7125,NA,0,1,0,NA,NA,NA,NA,NA,NA,NA,0,NA,2.374166667,3.277083333,NA,2.26,3.2,NA,0.8,1.1,NA,5.28,6.8,NA,0.981583921,1.196774146,NA,0.413443561,0.365194908
Midge,2016-06-03,2016,6,22,3,155,0.049515228,0.014147208,0.063662436,-0.03536802,-1.172227408,NA,20.16958333,20.16,20.81,19.67,0.345032817,1.14,0.017106591,0,0,0,20.16958333,20.16,20.81,19.67,0.345032817,1.14,0.017106591,24,NA,2.902298611,3.702777778,NA,2.68,3.5,NA,0.64,1,NA,6.19,7.2,NA,1.262641587,1.441053638,NA,0.43504882,0.389181778
Midge,2016-06-16,2016,6,24,16,168,0.091956852,0.014147208,0.106104061,0.042441624,-0.959777296,379203.6,16.28083333,16.13,17.24,15.66,0.487441561,1.58,0.029939595,0,0,0,16.28083333,16.13,17.24,15.66,0.487441561,1.58,0.029939595,24,NA,1.826527778,2.496527778,NA,1.475,2.1,NA,0.42,0.7,NA,4.73,6.7,NA,1.104108867,1.486038202,NA,0.604485122,0.595242006
Midge,2016-06-23,2016,6,25,23,175,1.117629437,0.488078678,1.605708116,1.499604055,0.206639202,413798.7,20.82666667,20.81,21.13,20.48,0.241492941,0.65,0.011595372,0,0,0,20.82666667,20.81,21.13,20.48,0.241492941,0.65,0.011595372,24,NA,2.300416667,3.0375,NA,2.22,2.9,NA,0.69,1,NA,4.54,6.8,NA,0.894278531,1.211245386,NA,0.388746328,0.398763913
Midge,2016-06-30,2016,6,26,30,182,2.603086284,0.919568524,3.522654809,1.916946693,0.547313691,531847.5,23.42041667,23.31,24,22.97,0.332467444,1.03,0.014195625,0,0,0,23.42041667,23.31,24,22.97,0.332467444,1.03,0.014195625,24,NA,2.621805556,3.543055556,NA,2.66,3.5,NA,0.8,1.2,NA,5.17,9.7,NA,1.039140751,1.538033109,NA,0.396345468,0.434097937
Midge,2016-07-07,2016,7,27,7,189,0.212208121,0.091956852,0.304164973,-3.218489835,-0.511780809,392066.6,23.62833333,23.48,24.69,22.47,0.69007036,2.22,0.029205207,0,0,0,23.62833333,23.48,24.69,22.47,0.69007036,2.22,0.029205207,24,NA,2.997361111,3.793055556,NA,3.075,3.8,NA,0.52,1,NA,6.96,7.7,NA,1.266022893,1.515913387,NA,0.422379168,0.399654939
Midge,2016-07-14,2016,7,28,14,196,5.347644649,3.515581204,8.863225854,8.55906088,0.947768179,401463,24.13541667,24.17,24.52,23.83,0.168083291,0.69,0.006964176,0,0,0,24.13541667,24.17,24.52,23.83,0.168083291,0.69,0.006964176,24,NA,4.401458333,5.634722222,NA,4.435,5.8,NA,0.74,0.9,NA,7.46,9.3,NA,1.523914709,1.878673816,NA,0.346229498,0.333410192
Midge,2016-07-21,2016,7,29,21,203,2.914324862,0.728581215,3.642906077,-5.220319777,0.561876942,421926.1,23.77625,23.48,24.69,23.14,0.526413728,1.55,0.022140318,0,0,0,23.77625,23.48,24.69,23.14,0.526413728,1.55,0.022140318,24,NA,2.650138889,3.552777778,NA,2.5,3.4,NA,0.56,0.8,NA,5.57,7.6,NA,1.141278259,1.474726214,NA,0.43064847,0.415091037
Midge,2016-07-27,2016,7,30,27,209,5.510337542,1.881578673,7.391916215,3.749010138,0.868968494,524818.1,24.76916667,24.52,25.56,24.17,0.526051053,1.39,0.021238141,0,0,0,24.76916667,24.52,25.56,24.17,0.526051053,1.39,0.021238141,24,NA,2.200347222,2.985416667,NA,2.3,3,NA,0.4,0.7,NA,4.18,7.2,NA,0.899790506,1.230041716,NA,0.408931144,0.412016765
Midge,2016-08-04,2016,8,31,4,217,1.386426391,0.233428933,1.619855324,-5.772060891,0.210440342,402141.5,24.705,24.52,25.56,24.17,0.517166191,1.39,0.020933665,0,0,0,24.705,24.52,25.56,24.17,0.517166191,1.39,0.020933665,24,NA,1.888611111,2.65,NA,1.91,2.6,NA,0.61,1,NA,3.6,5.2,NA,0.641040032,0.835405349,NA,0.33942405,0.315247302
Midge,2016-08-15,2016,8,33,15,228,3.451918768,0.654308373,4.106227141,2.486371818,0.613823556,498899,25.35333333,25.38,25.56,25.21,0.122249448,0.35,0.004821829,0,0,0,25.35333333,25.38,25.56,25.21,0.122249448,0.35,0.004821829,24,NA,2.857638889,3.659027778,NA,2.72,3.3,NA,0.74,1.2,NA,5.96,7.1,NA,1.14341348,1.47075991,NA,0.400125252,0.401953743
Midge,2016-08-22,2016,8,34,22,235,0.537593907,0.042441624,0.580035531,-3.526191611,-0.233858277,285244.9,23.65041667,23.66,23.83,23.31,0.158072058,0.52,0.00668369,0,0,0,23.65041667,23.66,23.83,23.31,0.158072058,0.52,0.00668369,24,NA,4.652083333,6.133333333,NA,4.725,6.1,NA,0.55,1.2,NA,8.94,10.9,NA,1.793198055,2.353839298,NA,0.385461293,0.383778146
Midge,2016-08-31,2016,8,35,31,244,1.987682733,0.198060913,2.185743646,1.605708116,0.340313935,304824.4,23.69333333,23.66,23.83,23.48,0.13582811,0.35,0.005732756,0,0,0,23.69333333,23.66,23.83,23.48,0.13582811,0.35,0.005732756,24,NA,3.064305556,3.911111111,NA,3.19,4,NA,0.6,0.9,NA,5.03,7.5,NA,1.05849851,1.283412797,NA,0.345428512,0.328145317
Midge,2016-09-07,2016,9,36,7,251,0.466857866,0.084883248,0.551741115,-1.634002532,-0.255440172,275191.3,22.28583333,22.3,22.47,22.13,0.131840373,0.34,0.005915883,0,0,0,22.28583333,22.3,22.47,22.13,0.131840373,0.34,0.005915883,24,NA,2.632708333,3.378472222,NA,2.47,3.1,NA,0.61,1.3,NA,5.55,6.5,NA,1.05598939,1.212358459,NA,0.401103828,0.358848136
Midge,2016-09-14,2016,9,37,14,258,1.358131974,0.084883248,1.443015223,0.891274108,0.160353031,328914.1,22.20166667,22.13,22.47,21.97,0.120241303,0.5,0.005415868,0,0,0,22.20166667,22.13,22.47,21.97,0.120241303,0.5,0.005415868,24,NA,4.169513889,5.4,NA,3.925,5.05,NA,1.16,1.8,NA,8.8,10.9,NA,1.892798768,2.254443941,NA,0.453961497,0.417489619
Midge,2016-09-21,2016,9,38,21,265,0.954936545,0.091956852,1.046893397,-0.396121826,0.021393327,192125.6,22.08416667,22.13,22.3,21.8,0.158029075,0.5,0.007155764,0,0,0,22.08416667,22.13,22.3,21.8,0.158029075,0.5,0.007155764,24,NA,2.649930556,3.420833333,NA,2.615,3.3,NA,0.7,1.4,NA,5.68,7.4,NA,0.832449832,1.17769925,NA,0.314140244,0.344272619
Midge,2016-09-28,2016,9,39,28,272,0.084883248,0.021220812,0.106104061,-0.940789336,-0.959777296,NA,19.465,19.425,19.83,19.18,0.17621627,0.65,0.009052981,0,0,1,19.03230769,19.02,19.34,18.86,0.152651774,0.48,0.008020666,13,NA,3.807013889,4.657638889,NA,3.935,4.7,NA,1.59,1.9,NA,5.97,7.5,NA,0.950347805,1.191964932,NA,0.249630769,0.255916133
Midge,2016-10-05,2016,10,40,5,279,0.134398477,0,0.134398477,0.028294416,-0.860125707,NA,17.73153,17.725,18.13833,17.53,NA,0.60833,NA,0,1,0,NA,NA,NA,NA,NA,NA,NA,0,NA,1.588680556,2.15,NA,1.355,1.9,NA,0.46,0.6,NA,3.63,4.4,NA,0.80921463,0.86969169,NA,0.509362708,0.404507763
