Date,ppt_mm,airtemp_min_degrees_C,airtemp_mean_degrees_C,airtemp_max_degrees_C,sampling_time_temp,sampling_time
2009-05-23,0,10.4,19.4,28.3,1,NA
2009-05-24,0.03,10.2,14.7,19.2,1,NA
2009-05-25,0.44,6.1,15,23.9,1,NA
2009-05-26,0,0.6,11.1,21.6,1,NA
2009-05-27,2.79,3.3,11.1,18.8,1,NA
2009-05-28,12.59,6.4,8,9.7,1,NA
2009-05-29,9.2,7.1,7.9,8.6,1,1
2009-05-30,2.61,7.8,12.6,17.5,2,NA
2009-05-31,0,4.6,13.2,21.9,2,NA
2009-06-01,0.92,0.6,10.2,19.9,2,NA
2009-06-02,0,3.9,11.1,18.4,2,NA
2009-06-03,0,8.7,15.1,21.4,2,NA
2009-06-04,0,6.6,13.5,20.3,2,2
2009-06-05,0,6.7,14.1,21.6,3,NA
2009-06-06,0,8.4,14.6,20.9,3,NA
2009-06-07,0,9.8,17.2,24.5,3,NA
2009-06-08,0,9.7,15.6,21.5,3,NA
2009-06-09,5.16,10.7,16.3,21.9,3,NA
2009-06-10,9.29,10,11.3,12.7,3,NA
2009-06-11,0.07,10.6,14.4,18.3,3,3
2009-06-12,32.14,12.2,15.6,19,4,NA
2009-06-13,1.21,9.9,16.6,23.4,4,NA
2009-06-14,3.33,11.3,17.9,24.4,4,NA
2009-06-15,1.92,12.3,16,19.8,4,NA
2009-06-16,4.08,10.9,13.3,15.7,4,NA
2009-06-17,0,5.8,13.1,20.4,4,4
2009-06-19,19.66,10.7,13.5,16.2,5,NA
2009-06-20,1.87,13.6,16.8,20.1,5,NA
2009-06-21,0,15.8,18.9,22,5,NA
2009-06-22,0.42,16.2,19.4,22.6,5,NA
2009-06-23,0.69,15.6,17.4,19.3,5,NA
2009-06-24,0.68,16,18.5,20.9,5,NA
2009-06-25,1.53,16.4,19.5,22.6,5,5
2009-06-26,0,17,22.1,27.1,6,NA
2009-06-27,1.9,14.4,20.3,26.2,6,NA
2009-06-28,0.18,15,19.6,24.3,6,NA
2009-06-29,11.83,16.4,19.7,22.9,6,NA
2009-06-30,18.77,15.4,18.6,21.8,6,NA
2009-07-01,2.03,15,18.3,21.5,6,NA
2009-07-02,15.3,14.5,16.1,17.6,6,6
2009-07-03,15.54,14.1,15.1,16.2,7,NA
2009-07-04,0,14.4,19.1,23.7,7,NA
2009-07-05,9.19,11.2,16.6,22.1,7,NA
2009-07-06,0,9.1,16.2,23.2,7,NA
2009-07-07,0.02,11.3,18.4,25.6,7,NA
2009-07-08,11.75,12.5,14.8,17.1,7,NA
2009-07-09,0.9,11.5,15,18.5,7,7
2009-07-10,0,9.6,14.9,20.2,8,NA
2009-07-11,0,10.1,17.5,24.9,8,NA
2009-07-12,5.79,12.4,18.8,25.2,8,NA
2009-07-13,0,9,16.3,23.7,8,NA
2009-07-14,0,8.5,15.3,22.2,8,NA
2009-07-15,0,9.5,14.1,18.7,8,NA
2009-07-16,0,10.9,17.4,23.9,8,8
2009-07-17,0.37,13.8,19.7,25.7,9,NA
2009-07-18,17.25,15.6,21.2,26.9,9,NA
2009-07-19,0,11.4,18.6,25.7,9,NA
2009-07-20,0,11,17.2,23.4,9,NA
2009-07-21,0,12.4,19,25.6,9,NA
2009-07-22,15.15,14.8,17.4,19.9,9,NA
2009-07-23,0,14.4,18.5,22.6,9,9
2009-07-24,24.44,14.4,18.1,21.9,10,NA
2009-07-25,10.14,14.6,17.3,20.1,10,NA
2009-07-26,0.35,16.2,21,25.8,10,NA
2009-07-27,5.87,17.4,21.8,26.3,10,NA
2009-07-28,1.01,15.6,21.3,26.9,10,NA
2009-07-29,0,16.6,22.5,28.5,10,NA
2009-07-30,27.64,18,23.3,28.7,10,10
2009-07-31,0.15,14.2,20.4,26.6,11,NA
2009-08-01,35.79,13.3,16.6,19.9,11,NA
2009-08-02,0,14.3,20.6,26.9,11,NA
2009-08-03,3.69,14.6,18.2,21.9,11,NA
2009-08-04,0,11.9,18.6,25.3,11,NA
2009-08-05,0,13,20.1,27.2,11,NA
2009-08-06,0,10.8,18.5,26.2,11,11
2009-08-07,0,10.4,17.5,24.5,12,NA
2009-08-08,0,7.4,15.1,22.8,12,NA
2009-08-09,0,7.7,14.9,22.2,12,NA
2009-08-10,0,10.9,15.8,20.8,12,NA
2009-08-11,15.21,18,22.7,27.5,12,NA
2009-08-12,5.77,17.3,22.8,28.2,12,NA
2009-08-13,0,16.6,20.3,24.1,12,12
2009-08-14,0,13.9,18.2,22.4,13,NA
2009-08-15,0,14.2,21.5,28.8,13,NA
2009-08-16,0,15.2,22.6,29.9,13,NA
2009-08-17,0,16.4,23.1,29.8,13,NA
2009-08-18,0,17.6,24,30.4,13,NA
2009-08-19,0,18,24.7,31.3,13,NA
2009-08-20,0,15,21.8,28.6,13,13
2009-08-21,0,15.9,22.5,29,14,NA
2009-08-22,22.74,19.5,24.5,29.5,14,NA
2009-08-23,8.87,19.6,22.2,24.7,14,NA
2009-08-24,2.08,18.1,21.6,25.2,14,NA
2009-08-25,1.04,15.6,20.4,25.3,14,NA
2009-08-26,0,13.3,19.8,26.3,14,NA
2009-08-27,0,8,16.3,24.7,14,14
2009-08-28,0,7.9,14.6,21.3,15,NA
2009-08-29,20.57,9.9,15,20.1,15,NA
2009-08-30,12.05,11.6,12.6,13.7,15,NA
2009-08-31,0,10.5,17.2,24,15,NA
2009-09-01,0,5.5,11.9,18.4,15,15
2009-09-02,0,5.4,13.1,20.8,16,NA
2009-09-03,0,7,15.4,23.7,16,NA
2009-09-04,0,9.4,17.5,25.5,16,NA
2009-09-05,0,9.5,17.8,26,16,NA
2009-09-06,0,6.4,14.9,23.4,16,NA
2009-09-07,0,6.2,12.7,19.3,16,NA
2009-09-08,0,7.8,13.7,19.6,16,16
2009-09-09,0,9.9,16.8,23.8,17,NA
2009-09-10,0,5.2,13,20.7,17,NA
2009-09-11,0,5.3,11.8,18.4,17,NA
2009-09-12,2.2,6.9,11.1,15.4,17,NA
2009-09-13,6.38,13.9,15.5,17.1,17,NA
2009-09-14,0,8.7,15.6,22.4,17,NA
2009-09-15,2,9.4,15.4,21.5,17,17
2009-09-16,0,9.3,14.7,20,18,NA
2009-09-17,0,8.2,12.5,16.7,18,NA
2009-09-18,0,5.5,10.2,14.9,18,NA
2009-09-19,1.4,5.9,12,18.2,18,NA
2009-09-20,0,0.8,8.2,15.6,18,NA
2009-09-21,0,1.9,11.1,20.4,18,18
2009-09-22,0,3.2,13,22.9,19,NA
2009-09-23,0,8.4,14.1,19.9,19,NA
2009-09-24,0.42,15.9,19.9,23.8,19,19
2009-09-29,2.92,9.3,15.3,21.3,20,NA
2009-09-30,0.84,6.8,11.8,16.8,20,NA
2009-10-01,0.08,1.7,6.3,10.9,20,NA
2009-10-02,0,1.5,5.1,8.7,20,NA
2009-10-03,6.28,3,7.6,12.3,20,NA
2009-10-04,17.57,9.7,11.2,12.6,20,NA
2009-10-05,0,7.6,13.6,19.6,20,20
2010-05-19,5,7.1,13,19,21,NA
2010-05-20,7.68,7.8,11.4,15.1,21,NA
2010-05-21,0,9.4,18,26.6,21,NA
2010-05-22,0,9.1,18,26.8,21,NA
2010-05-23,0,10.1,17.8,25.5,21,NA
2010-05-24,0,10.9,18.4,26,21,NA
2010-05-25,0,13.1,20.8,28.6,21,21
2010-05-29,0,9.8,17.3,24.8,22,NA
2010-05-30,3.53,11.8,17.6,23.3,22,NA
2010-05-31,0,10.2,16.7,23.2,22,NA
2010-06-01,0.71,12.4,19.5,26.7,22,NA
2010-06-02,1.96,11.2,17.2,23.2,22,NA
2010-06-03,0.9,15.1,21.5,27.9,22,NA
2010-06-04,2.66,13.2,19.1,25.1,22,22
2010-06-05,15.97,15.7,21,26.3,23,NA
2010-06-06,2.43,15,20.9,26.8,23,NA
2010-06-07,14.37,9.2,14.9,20.5,23,NA
2010-06-08,0,5.9,12.6,19.3,23,NA
2010-06-09,0,5.2,12.2,19.1,23,NA
2010-06-10,3.57,7.8,13.5,19.3,23,23
2010-06-11,5.71,9.7,11.7,13.6,24,NA
2010-06-12,0,11.5,15.6,19.7,24,NA
2010-06-13,3.04,12.4,14.4,16.3,24,NA
2010-06-14,0.05,11.8,14.3,16.8,24,NA
2010-06-15,0,8.2,16,23.8,24,24
2010-06-18,0,10.7,15.3,20,25,NA
2010-06-19,0,12.9,20.8,28.7,25,NA
2010-06-20,1.26,16.9,22.9,28.8,25,NA
2010-06-21,0.53,14.4,21.7,29.1,25,NA
2010-06-22,0,10.4,18.9,27.4,25,NA
2010-06-23,9.31,13.3,19.6,25.9,25,NA
2010-06-24,0,17.1,21.9,26.7,25,25
2010-06-25,5.87,12.5,20.4,28.3,26,NA
2010-06-26,0,12.8,19.8,26.9,26,NA
2010-06-27,0.21,13.6,18.9,24.2,26,NA
2010-06-28,7.48,16.1,20.5,25,26,NA
2010-06-29,0.77,17.9,22.7,27.6,26,NA
2010-06-30,0,9,17.5,26,26,NA
2010-07-01,0,8.3,14.5,20.8,26,26
2010-07-02,0.38,8.1,13.7,19.3,27,NA
2010-07-03,0,10.9,17.7,24.5,27,NA
2010-07-04,0,14.8,22,29.2,27,NA
2010-07-05,0,14.8,22.3,29.8,27,NA
2010-07-06,0,18.8,25.5,32.3,27,NA
2010-07-07,0,20.6,27.3,33.9,27,NA
2010-07-08,0,20.1,26.9,33.8,27,27
2010-07-09,0,19.6,25.4,31.2,28,NA
2010-07-10,1.02,20.5,25.5,30.5,28,NA
2010-07-11,14,17.6,20.5,23.4,28,NA
2010-07-12,0,16.5,23,29.5,28,NA
2010-07-13,0,17.8,24.4,30.9,28,NA
2010-07-14,22.91,19.7,24.2,28.7,28,NA
2010-07-15,3.22,19,22.2,25.4,28,28
2010-07-16,0,17.8,23.4,28.9,29,NA
2010-07-17,1.51,17.8,23.8,29.9,29,NA
2010-07-18,0.56,17.9,24.1,30.3,29,NA
2010-07-19,0.02,15.7,22.4,29,29,NA
2010-07-20,2.47,16,22.6,29.3,29,NA
2010-07-21,0,15.1,20.8,26.5,29,NA
2010-07-22,12.31,15,22.1,29.1,29,29
2010-07-23,0,12.9,19.1,25.3,30,NA
2010-07-24,0.76,15.7,19.4,23.1,30,NA
2010-07-25,5.94,18.4,24.5,30.5,30,NA
2010-07-26,1.5,12.4,19.2,26,30,NA
2010-07-27,0,12.2,19,25.7,30,NA
2010-07-28,0,14.5,21.8,29.1,30,NA
2010-07-29,2.7,17.2,23.6,29.9,30,30
2010-07-30,0,10.1,18.6,27.1,31,NA
2010-07-31,0,7,15.3,23.6,31,NA
2010-08-01,0,9.9,16.6,23.4,31,NA
2010-08-02,0,13.1,19.7,26.2,31,NA
2010-08-03,2.51,16.4,21.6,26.9,31,NA
2010-08-04,9.08,18.5,23,27.5,31,NA
2010-08-05,0,20,25.1,30.1,31,31
2010-08-06,7.21,17.2,22.2,27.2,32,NA
2010-08-07,0,8.2,17,25.8,32,NA
2010-08-08,0,9.7,16.2,22.6,32,NA
2010-08-09,0,16.1,22,27.9,32,NA
2010-08-10,5.82,18.2,24,29.8,32,NA
2010-08-11,0,15.7,22.4,29.1,32,NA
2010-08-12,0,14.4,21.1,27.7,32,32
2010-08-13,0.05,14.3,19.2,24.2,33,NA
2010-08-14,0,11.8,18.4,25.1,33,NA
2010-08-15,0,13.6,20,26.3,33,NA
2010-08-16,2.94,16.3,20.2,24.2,33,NA
2010-08-17,1.17,15,20,25,33,NA
2010-08-18,0,13.4,20.8,28.1,33,NA
2010-08-19,0,13.8,20.4,27,33,33
2010-08-20,0,14.5,21.7,29,34,NA
2010-08-21,0,7.4,15.2,23,34,NA
2010-08-22,0.8,10.2,16.7,23.2,34,NA
2010-08-23,10.33,13.8,16.2,18.6,34,NA
2010-08-24,3.93,13.5,15.4,17.3,34,NA
2010-08-25,0.48,13.9,18.1,22.2,34,NA
2010-08-26,7.16,14.2,16.3,18.5,34,34
2010-08-27,0,10.2,17.6,24.9,35,NA
2010-08-28,0,8.4,14.9,21.4,35,NA
2010-08-29,0,9.9,17.7,25.5,35,NA
2010-08-30,0,11.3,21,30.7,35,NA
2010-08-31,0,15.8,22.9,30,35,NA
2010-09-01,0,17.1,24.6,32.2,35,NA
2010-09-02,0,17.8,25.1,32.5,35,35
2010-09-03,0,18.2,25.5,32.8,36,NA
2010-09-04,4.44,17.9,24,30.2,36,NA
2010-09-05,0,12,17.9,23.8,36,NA
2010-09-06,0,7.8,13.1,18.4,36,NA
2010-09-07,0,10.4,16.7,23.1,36,NA
2010-09-08,3.71,14.6,21.2,27.8,36,NA
2010-09-09,0,12.3,17.8,23.3,36,36
2010-09-10,0.24,10.7,13.6,16.5,37,NA
2010-09-11,0,7.5,12.1,16.7,37,NA
2010-09-12,0,8.6,15.7,22.7,37,NA
2010-09-13,1.87,9.8,12.8,15.8,37,NA
2010-09-14,5.12,9.3,13.6,17.9,37,NA
2010-09-15,1.04,7.6,12.9,18.3,37,NA
2010-09-16,0,4.2,10,15.8,37,37
2010-09-17,15.48,6.5,11.7,16.9,38,NA
2010-09-18,0,8.3,12.4,16.4,38,NA
2010-09-19,0,8.4,13.9,19.5,38,NA
2010-09-20,0,5.9,13.1,20.2,38,NA
2010-09-21,0,2.6,10,17.3,38,NA
2010-09-22,0,5.2,12.4,19.5,38,NA
2010-09-23,1.03,9.2,16.8,24.3,38,38
2010-09-24,0,10.2,15.8,21.3,39,NA
2010-09-25,0,15.5,22,28.5,39,NA
2010-09-26,0,8.2,16.3,24.4,39,NA
2010-09-27,0.05,9.1,13.9,18.7,39,NA
2010-09-28,14.28,10.8,13.5,16.2,39,NA
2010-09-29,5.39,14.1,18.1,22.1,39,NA
2010-09-30,0.37,13.6,18.3,23,39,39
2010-10-01,38.73,14.5,18.7,23,40,NA
2010-10-02,39.03,8.7,14.8,20.9,40,NA
2010-10-03,0,1.3,7.6,13.9,40,NA
2010-10-04,0,2.4,8.2,14,40,NA
2010-10-05,0,7.4,10.9,14.4,40,NA
2010-10-06,0.62,10.5,13.6,16.8,40,NA
2010-10-07,14.76,8.4,10.2,12,40,40
2011-05-20,4.01,11.3,14.7,18,41,NA
2011-05-21,8.87,12.5,16,19.5,41,NA
2011-05-22,8.6,9.9,14.7,19.5,41,NA
2011-05-23,3.11,9.2,12.9,16.7,41,NA
2011-05-24,1.36,9.4,13.1,16.8,41,NA
2011-05-25,0,10.5,17.6,24.7,41,NA
2011-05-26,0,11.6,18.3,24.9,41,41
2011-05-27,0.59,14,21,28,42,NA
2011-05-28,0,16.2,23.1,30.1,42,NA
2011-05-29,0.01,16.3,20,23.8,42,NA
2011-05-30,0,19.4,23.9,28.3,42,NA
2011-05-31,0,13.3,21.1,28.8,42,NA
2011-06-01,0,14.6,21.7,28.9,42,NA
2011-06-02,0.36,14.8,22.5,30.2,42,42
2011-06-04,0,4.8,11.5,18.3,43,NA
2011-06-05,0,4.5,13.1,21.7,43,NA
2011-06-06,0.95,8.3,15,21.6,43,NA
2011-06-07,0,10.1,18.1,26.2,43,NA
2011-06-08,0,12.8,21.1,29.4,43,NA
2011-06-09,4.45,16.6,24.1,31.7,43,NA
2011-06-10,16.05,16.8,23.2,29.7,43,43
2011-06-11,1.22,13.9,19,24,44,NA
2011-06-12,14.53,9.7,12,14.2,44,NA
2011-06-13,0.63,10.1,11.3,12.6,44,NA
2011-06-14,3.74,11.4,14.7,17.9,44,NA
2011-06-15,1.3,9.4,12.4,15.3,44,NA
2011-06-16,9.36,11.1,18.5,25.8,44,44
2011-06-17,0,12.9,20.6,28.4,45,NA
2011-06-18,1.41,14.1,18.5,22.9,45,NA
2011-06-19,1.05,10.1,18.2,26.2,45,NA
2011-06-20,0,8.5,15.7,22.9,45,NA
2011-06-21,0,10.4,17.7,25.1,45,NA
2011-06-22,0,13.8,20.4,26.9,45,NA
2011-06-23,32.06,15.4,18.8,22.3,45,45
2011-06-24,8.61,12.1,14.4,16.7,46,NA
2011-06-25,9.34,11,12,13,46,NA
2011-06-26,0.99,11.8,15.7,19.6,46,NA
2011-06-27,0,13.9,18.3,22.7,46,NA
2011-06-28,0,14.5,21,27.4,46,NA
2011-06-29,3.37,16.4,21.9,27.4,46,NA
2011-06-30,0,13.6,19,24.3,46,46
2011-07-01,0,12.7,18.2,23.7,47,NA
2011-07-02,0,13.3,19,24.6,47,NA
2011-07-03,0,15.4,20.7,26,47,NA
2011-07-04,1.4,17.1,20,22.9,47,NA
2011-07-05,0,14.6,22.1,29.5,47,NA
2011-07-06,0,14.7,22,29.3,47,NA
2011-07-07,8.43,15.3,22.6,30,47,47
2011-07-08,0,13.4,19.6,25.7,48,NA
2011-07-09,4.9,15.8,19.7,23.6,48,NA
2011-07-10,0,11.5,17.8,24,48,NA
2011-07-11,0,14.7,21.1,27.4,48,NA
2011-07-12,0,18.6,24.6,30.7,48,NA
2011-07-13,1.04,18.5,24.3,30.1,48,NA
2011-07-14,12.47,11.9,19.4,26.9,48,48
2011-07-15,0,12,18.6,25.1,49,NA
2011-07-16,0,12.6,19.7,26.8,49,NA
2011-07-17,0,14.9,21.8,28.6,49,NA
2011-07-18,5,18.9,24.8,30.7,49,NA
2011-07-19,2.08,17.3,21.3,25.4,49,NA
2011-07-20,0,14.2,21.1,27.9,49,NA
2011-07-21,0,16.7,23.6,30.5,49,49
2011-07-22,0,22.3,27.7,33.1,50,NA
2011-07-23,1.37,18.3,26.2,34.2,50,NA
2011-07-24,0,18.8,25.3,31.8,50,NA
2011-07-25,0,15,21.1,27.3,50,NA
2011-07-26,6.74,14.7,18.6,22.6,50,NA
2011-07-27,9.86,13.5,19.6,25.7,50,NA
2011-07-28,0,12.6,18.8,25.1,50,50
2011-07-29,0,15.1,21.3,27.6,51,NA
2011-07-30,15.34,18,20.6,23.2,51,NA
2011-07-31,0,13.1,19.7,26.4,51,NA
2011-08-01,0.06,15.7,21.9,28,51,NA
2011-08-02,1.39,15.2,22.1,28.9,51,NA
2011-08-03,0.55,12.3,19.9,27.5,51,NA
2011-08-04,0,14.6,20,25.3,51,51
2011-08-05,0.88,16.4,21.4,26.3,52,NA
2011-08-06,0,17.3,22.1,26.8,52,NA
2011-08-07,12.17,19,23.3,27.6,52,NA
2011-08-08,4.19,19.2,23.5,27.7,52,NA
2011-08-09,2.98,14.4,20.8,27.1,52,NA
2011-08-10,12.46,15.8,20.5,25.2,52,NA
2011-08-11,1.05,14.5,19.8,25.1,52,52
2011-08-12,0,12.1,17.8,23.5,53,NA
2011-08-13,0,12,18.2,24.4,53,NA
2011-08-14,0.05,14.3,20.1,25.9,53,NA
2011-08-15,8.15,16.4,19.5,22.6,53,NA
2011-08-16,55.56,13.9,16,18.1,53,NA
2011-08-17,4.25,12.7,16.7,20.8,53,NA
2011-08-18,0,12.3,19.2,26.1,53,53
2011-08-19,0,14.9,21.3,27.7,54,NA
2011-08-20,0,14.6,21.3,27.9,54,NA
2011-08-21,0,14.6,21.2,27.8,54,NA
2011-08-22,16.45,15.4,21.2,27,54,NA
2011-08-23,4.03,9.6,15.8,22,54,NA
2011-08-24,0,10.8,16.6,22.4,54,NA
2011-08-25,0,13.2,18.9,24.6,54,54
2011-08-26,4.26,15.9,20.2,24.5,55,NA
2011-08-27,0,14.8,20.6,26.4,55,NA
2011-08-28,31.83,16.4,21.2,25.9,55,NA
2011-08-29,89.93,13.7,17.4,21.1,55,NA
2011-08-30,0,10.1,16,21.9,55,NA
2011-08-31,0,11,17.5,24,55,NA
2011-09-01,0,13.2,19.5,25.8,55,55
2011-09-02,0,14.1,19.1,24,56,NA
2011-09-03,0,14.1,19.2,24.2,56,NA
2011-09-04,0,16.7,22.5,28.4,56,NA
2011-09-05,15.75,19,23.7,28.3,56,NA
2011-09-06,39.64,13.6,18.2,22.9,56,NA
2011-09-07,6.54,13.9,16.3,18.7,56,NA
2011-09-08,22.23,13.3,14,14.7,56,56
2011-09-09,0.46,13.9,17.2,20.4,57,NA
2011-09-10,0,11.8,17.9,24,57,NA
2011-09-11,0,8.7,15.2,21.6,57,NA
2011-09-12,0,10.7,16.1,21.5,57,NA
2011-09-13,0,13,19.4,25.7,57,NA
2011-09-14,0,13.6,19.9,26.2,57,NA
2011-09-15,1.02,14.3,19.2,24.1,57,57
2011-09-16,4.69,5.4,10.7,16,58,NA
2011-09-17,0,2.3,8.5,14.6,58,NA
2011-09-18,0,3,9.5,16.1,58,NA
2011-09-19,0,3.2,10.4,17.6,58,NA
2011-09-20,1.05,4.5,11.2,17.8,58,NA
2011-09-21,4.37,9.3,12.8,16.3,58,NA
2011-09-22,12.1,10.2,16.3,22.5,58,58
2011-09-23,3.8,16.1,18.7,21.3,59,NA
2011-09-24,7.81,17.9,20,22.1,59,NA
2011-09-25,0.73,17.8,20.8,23.9,59,NA
2011-09-26,0,14.3,19.7,25.2,59,NA
2011-09-27,0,12.2,19,25.9,59,NA
2011-09-28,1.01,12.6,18.7,24.8,59,NA
2011-09-29,12.71,14.8,18.2,21.6,59,59
2011-09-30,31.52,11.1,14.3,17.5,60,NA
2011-10-01,22.1,9.3,14.3,19.4,60,NA
2011-10-02,15.14,7.7,12.1,16.5,60,NA
2011-10-03,3.61,10.9,12.6,14.3,60,NA
2011-10-04,9.21,10,12.6,15.3,60,NA
2011-10-05,4.19,10,12.1,14.2,60,NA
2011-10-06,0.22,1.9,8.5,15,60,60
2012-05-18,0,2.4,10.2,17.9,61,NA
2012-05-19,0,4.1,13.6,23,61,NA
2012-05-20,0,9.3,18.2,27.2,61,NA
2012-05-21,0,8.8,18.9,28.9,61,NA
2012-05-22,0.64,12.6,18.6,24.6,61,NA
2012-05-23,1.79,14,17.4,20.7,61,NA
2012-05-24,0.39,14.4,20.1,25.8,61,61
2012-05-25,0,15.2,19.2,23.2,62,NA
2012-05-26,2.71,15.2,18.8,22.4,62,NA
2012-05-27,0,11.1,19.7,28.3,62,NA
2012-05-28,0,12.9,19.8,26.7,62,NA
2012-05-29,0.78,13.9,21,28,62,NA
2012-05-30,24.76,14.8,18.1,21.3,62,NA
2012-05-31,0,12.2,18.6,25,62,62
2012-06-01,0,7.8,15.7,23.5,63,NA
2012-06-02,5.94,8.8,15.1,21.4,63,NA
2012-06-03,40.22,9.8,11.3,12.7,63,NA
2012-06-04,2.21,8.7,13.3,17.9,63,NA
2012-06-05,3.49,7.7,9.3,10.9,63,NA
2012-06-06,1.5,8.3,12.3,16.3,63,NA
2012-06-07,3.66,8.7,13.6,18.4,63,63
2012-06-08,1.82,8.3,14.2,20,64,NA
2012-06-09,1.4,8.5,16.4,24.2,64,NA
2012-06-10,0,8.2,16.2,24.2,64,NA
2012-06-11,0,10.2,18.4,26.6,64,NA
2012-06-12,0,12.9,18.3,23.7,64,NA
2012-06-13,14.62,15.2,19.4,23.7,64,NA
2012-06-14,2.19,10,16.8,23.6,64,64
2012-06-15,0,8.4,16.3,24.2,65,NA
2012-06-16,0,8.6,16.6,24.5,65,NA
2012-06-17,0,8.4,16.3,24.3,65,NA
2012-06-18,0,9.3,16.4,23.6,65,NA
2012-06-19,0,9.7,15.3,20.8,65,NA
2012-06-20,0,13.5,19.5,25.5,65,NA
2012-06-21,0,19.8,26.4,32.9,65,65
2012-06-22,0,17.8,25.2,32.7,66,NA
2012-06-23,0,16.1,23.6,31,66,NA
2012-06-24,0.19,12.1,20.7,29.4,66,NA
2012-06-25,0.67,14.8,21.5,28.2,66,NA
2012-06-26,2.43,11.6,15.6,19.6,66,NA
2012-06-27,0.89,12.6,14.9,17.2,66,NA
2012-06-28,0,13.8,16.7,19.6,66,66
2012-06-29,0.28,13.1,20.1,27,67,NA
2012-06-30,1.2,13.9,22.2,30.6,67,NA
2012-07-01,0,14.8,22.3,29.8,67,NA
2012-07-02,0,15.4,22.7,29.9,67,NA
2012-07-03,6.31,12.4,19.5,26.6,67,NA
2012-07-04,9.36,15.5,21.1,26.7,67,NA
2012-07-05,0.54,16.4,22.8,29.3,67,67
2012-07-06,0,13.4,20.1,26.8,68,NA
2012-07-07,0,16.9,23,29.1,68,NA
2012-07-08,0.36,15.4,20.7,25.9,68,NA
2012-07-09,0,9.5,18.1,26.8,68,NA
2012-07-10,0,7.9,16.9,26,68,NA
2012-07-11,0,9.5,18.4,27.3,68,NA
2012-07-12,0,13.8,21.4,29.1,68,68
2012-07-13,0,16.2,23.7,31.2,69,NA
2012-07-14,0,18.4,25.2,32,69,NA
2012-07-15,0,16.8,24.3,31.8,69,NA
2012-07-16,2.78,18,24,30,69,NA
2012-07-17,0.08,18,23.9,29.8,69,NA
2012-07-18,8.47,19.6,26.5,33.3,69,NA
2012-07-19,0,11.2,19.9,28.6,69,69
2012-07-20,0,11.1,18.5,25.9,70,NA
2012-07-21,0,10.6,17.6,24.7,70,NA
2012-07-22,0,14,20.7,27.3,70,NA
2012-07-23,3.57,16.3,22.9,29.5,70,NA
2012-07-24,8.33,18.3,24.1,29.9,70,NA
2012-07-25,0.03,12.8,20.3,27.8,70,NA
2012-07-26,0,14.6,19.9,25.3,70,70
2012-07-27,10.16,16.4,19,21.6,71,NA
2012-07-28,1.39,15.7,19.3,23,71,NA
2012-07-29,6.61,16.4,20.8,25.3,71,NA
2012-07-30,1.31,13.4,19.1,24.8,71,NA
2012-07-31,0.17,14,20.8,27.6,71,NA
2012-08-01,0,15.3,21.5,27.6,71,NA
2012-08-02,0.68,14.9,21.4,27.8,71,71
2012-08-03,0,17.2,23.4,29.7,72,NA
2012-08-04,0,17.4,24.1,30.9,72,NA
2012-08-05,0.17,16.7,24.1,31.5,72,NA
2012-08-06,13.52,17.4,24.1,30.8,72,NA
2012-08-07,0,11.6,18.2,24.8,72,NA
2012-08-08,0,12.5,20.2,27.9,72,NA
2012-08-09,0,14.7,22.2,29.7,72,72
2012-08-10,5.96,17.6,22.8,28,73,NA
2012-08-11,36.01,17.3,21.5,25.8,73,NA
2012-08-12,8.6,17.8,21.8,25.8,73,NA
2012-08-13,0.06,15.3,21.7,28,73,NA
2012-08-14,0,15,21,27,73,NA
2012-08-15,1.11,15.6,21.1,26.7,73,NA
2012-08-16,0.22,16.8,21.5,26.1,73,73
2012-08-17,0,13.3,19.8,26.3,74,NA
2012-08-18,3.86,14.1,21.2,28.3,74,NA
2012-08-19,0,8.8,16.7,24.6,74,NA
2012-08-20,0,8.8,16.4,24,74,NA
2012-08-21,0,11.3,18.6,25.9,74,NA
2012-08-22,0,9.7,17.4,25,74,NA
2012-08-23,0,10.9,18.8,26.7,74,74
2012-08-24,0,11.8,19.8,27.8,75,NA
2012-08-25,0,13.5,21,28.5,75,NA
2012-08-26,0,14.2,20.8,27.3,75,NA
2012-08-27,0,13.5,20.8,28.1,75,NA
2012-08-28,7.07,14.5,21.1,27.8,75,NA
2012-08-29,0.77,9.5,17.9,26.3,75,NA
2012-08-30,0,9.4,15.9,22.5,75,75
2012-08-31,0,10.6,18.1,25.5,76,NA
2012-09-01,0,15.4,21.9,28.3,76,NA
2012-09-02,0,14.5,20.5,26.4,76,NA
2012-09-03,0,11.1,17.3,23.6,76,NA
2012-09-04,4.56,13.7,19.5,25.4,76,NA
2012-09-05,4.1,14.3,17.6,20.8,76,NA
2012-09-06,0.37,15.4,19.6,23.8,76,76
2012-09-07,0,15.3,20.3,25.4,77,NA
2012-09-08,0,16.3,22,27.6,77,NA
2012-09-09,22.12,12.3,19.6,26.9,77,NA
2012-09-10,0,8.4,14.9,21.4,77,NA
2012-09-11,0,5.4,12.6,19.8,77,NA
2012-09-12,0,5.3,13.2,21,77,NA
2012-09-13,0,6.7,15.8,25,77,77
2012-09-14,0,9.8,18.5,27.2,78,NA
2012-09-15,0.24,11.4,19.3,27.1,78,NA
2012-09-16,0,5.3,13,20.6,78,NA
2012-09-17,0,3.2,10.7,18.2,78,NA
2012-09-18,0,4.4,14.1,23.8,78,NA
2012-09-19,48.22,10.3,15.2,20.1,78,NA
2012-09-20,0,2.8,10.3,18,78,78
2012-09-21,0,4.3,10.8,17.4,79,NA
2012-09-22,0,6.8,13.2,19.5,79,NA
2012-09-23,11.8,8.8,14.9,21.1,79,NA
2012-09-24,0,2.7,9.9,17.2,79,NA
2012-09-25,0,1.4,9.4,17.3,79,NA
2012-09-26,0.66,2.7,11.2,19.7,79,NA
2012-09-27,1.66,9.9,13.6,17.3,79,79
2012-09-29,26.7,6.4,8.6,10.9,80,NA
2012-09-30,2.63,9.3,11,12.8,80,NA
2012-10-01,6.03,9,11.2,13.3,80,NA
2012-10-02,0.76,9,11.7,14.3,80,NA
2012-10-03,1.21,10,13.7,17.4,80,NA
2012-10-04,3.96,13.5,15.2,16.9,80,NA
2012-10-05,4.07,11.6,14.1,16.6,80,80
2013-05-17,0,5.5,14.8,24.1,81,NA
2013-05-18,0,2.4,10.4,18.4,81,NA
2013-05-19,0,4.2,13.1,22,81,NA
2013-05-20,5.79,7.8,13.7,19.7,81,NA
2013-05-21,0,12.9,18.2,23.5,81,NA
2013-05-22,33.26,9.5,17.8,26.1,81,NA
2013-05-23,9.39,10.4,14.5,18.7,81,81
2013-05-24,6.44,11.8,17.5,23.1,82,NA
2013-05-25,14.23,5.8,12,18.2,82,NA
2013-05-26,14.55,1.2,4.2,7.3,82,NA
2013-05-27,0,0.9,6.5,12.1,82,NA
2013-05-28,0,2.2,10.8,19.3,82,NA
2013-05-29,2.52,6.8,14.6,22.4,82,NA
2013-05-30,3.47,9.7,14.2,18.6,82,82
2013-05-31,0,14.2,21.7,29.2,83,NA
2013-06-01,0,15.8,24,32.1,83,NA
2013-06-02,0,18.6,25.4,32.2,83,NA
2013-06-03,21.55,15.7,23.4,31.2,83,NA
2013-06-04,0,6.1,15.1,24.2,83,NA
2013-06-05,0,6,12.6,19.2,83,NA
2013-06-06,0,8,15.2,22.4,83,83
2013-06-07,2.2,9.8,15.7,21.5,84,NA
2013-06-08,33.02,9.1,11.1,13.1,84,NA
2013-06-09,0.47,10.9,15.7,20.5,84,NA
2013-06-10,0,9.4,16.4,23.4,84,NA
2013-06-11,18.26,9.7,15.3,20.9,84,NA
2013-06-12,15.07,11.2,12.7,14.2,84,NA
2013-06-13,0,8,12.7,17.5,84,84
2013-06-14,6.83,8.9,13.2,17.6,85,NA
2013-06-15,0,7.7,15.6,23.6,85,NA
2013-06-16,0,9.1,16.1,23.2,85,NA
2013-06-17,0.66,11,16.7,22.4,85,NA
2013-06-18,4.13,11.3,18.5,25.7,85,NA
2013-06-19,2.89,7.2,11.4,15.6,85,NA
2013-06-20,0,5.8,13.7,21.5,85,85
2013-06-21,0,8.8,16.7,24.6,86,NA
2013-06-22,0,11.1,19.4,27.6,86,NA
2013-06-23,0.59,14.9,21.7,28.5,86,NA
2013-06-24,7.11,18,24.2,30.4,86,NA
2013-06-25,0.58,18.1,24.6,31.2,86,NA
2013-06-26,5.6,17.1,23.9,30.7,86,NA
2013-06-27,20.7,16,19.9,23.8,86,86
2013-06-28,22.39,13.2,18.6,24,87,NA
2013-06-29,21.41,13.3,18,22.7,87,NA
2013-06-30,2.31,16.6,22,27.3,87,NA
2013-07-01,35.39,18,22.9,27.7,87,NA
2013-07-02,3.72,18.8,21.7,24.6,87,NA
2013-07-03,25.48,15.8,21.1,26.4,87,87
2013-07-05,8.67,20.3,26,31.7,88,NA
2013-07-06,0,20.2,26.2,32.1,88,NA
2013-07-07,0,17.7,23.5,29.3,88,NA
2013-07-08,1.35,18.5,24.4,30.3,88,NA
2013-07-09,5.35,17.7,22.8,27.9,88,NA
2013-07-10,0,17.8,21.3,24.7,88,NA
2013-07-11,18.19,17.5,21.7,25.8,88,88
2013-07-12,0.08,14.3,20.4,26.5,89,NA
2013-07-13,0,13.4,19.9,26.4,89,NA
2013-07-14,0.02,16.7,21,25.4,89,NA
2013-07-15,0,17.9,23.4,29,89,NA
2013-07-16,0,17.9,25,32,89,NA
2013-07-17,0,17.6,24.2,30.8,89,NA
2013-07-18,0,19.3,26.1,32.9,89,89
2013-07-19,28.73,19.4,26,32.5,90,NA
2013-07-20,7.15,19.7,26.3,32.9,90,NA
2013-07-21,0.73,15.4,21.9,28.5,90,NA
2013-07-22,0,14.9,20.7,26.5,90,NA
2013-07-23,45.27,16,20,24,90,NA
2013-07-24,14.69,16,20.1,24.1,90,NA
2013-07-25,0,8,16.2,24.4,90,90
2013-07-26,0.81,10.6,15.9,21.2,91,NA
2013-07-27,2.22,12,17.2,22.4,91,NA
2013-07-28,0,13.2,20.4,27.5,91,NA
2013-07-29,2.37,15.7,21,26.3,91,NA
2013-07-30,0.31,12.2,19.6,27.1,91,NA
2013-07-31,0,12.4,18.7,25,91,NA
2013-08-01,0,12.2,19.2,26.3,91,91
2013-08-02,6.67,14,19.9,25.8,92,NA
2013-08-03,0.76,12.4,19,25.6,92,NA
2013-08-04,0.01,12.3,18.8,25.3,92,NA
2013-08-05,0.96,10.2,16.5,22.8,92,NA
2013-08-06,0,7.3,14.8,22.4,92,NA
2013-08-07,0,9.5,17,24.6,92,NA
2013-08-08,0.13,12.7,19,25.3,92,92
2013-08-09,3.28,17.8,22.5,27.2,93,NA
2013-08-10,8.99,14.6,19.9,25.2,93,NA
2013-08-11,0,9.6,17.5,25.4,93,NA
2013-08-12,0,9.9,17.1,24.3,93,NA
2013-08-13,0,12.7,19.1,25.5,93,NA
2013-08-14,16.8,11.3,15.8,20.3,93,NA
2013-08-15,0,8.1,14.4,20.6,93,93
2013-08-16,0,8.9,15.5,22.2,94,NA
2013-08-17,0,9.7,16.8,24,94,NA
2013-08-18,0,10.8,18.1,25.5,94,NA
2013-08-19,0,11.7,17.9,24.1,94,NA
2013-08-20,0,12.7,19.5,26.3,94,NA
2013-08-21,0,13.8,20.7,27.6,94,NA
2013-08-22,0,14.5,21.6,28.8,94,94
2013-08-23,0.97,14.1,21.7,29.4,95,NA
2013-08-24,0,6.4,15.1,23.8,95,NA
2013-08-25,0,6.8,15.6,24.4,95,NA
2013-08-26,4.57,9.8,17.7,25.6,95,NA
2013-08-27,0,14,19.5,24.9,95,NA
2013-08-28,0,16,21.9,27.9,95,NA
2013-08-29,23.63,15.6,21.9,28.1,95,95
2013-08-30,0,14.6,17.4,20.1,96,NA
2013-08-31,0.53,15.4,21.6,27.8,96,NA
2013-09-01,0.35,18.2,21.9,25.7,96,NA
2013-09-02,18.78,18.3,21.7,25.1,96,NA
2013-09-03,7.94,15.4,20.1,24.7,96,NA
2013-09-04,0,12.7,18.1,23.5,96,NA
2013-09-05,0.46,13,18.4,23.9,96,96
2013-09-06,0,3,10.8,18.5,97,NA
2013-09-07,0,5.3,12.1,18.9,97,NA
2013-09-08,0.04,10,15.6,21.2,97,NA
2013-09-09,0,2.9,9.9,17,97,NA
2013-09-10,0,5.8,12.7,19.7,97,NA
2013-09-11,4.88,12.7,17.4,22.2,97,97
2013-09-12,5.87,17.5,25,32.4,98,NA
2013-09-13,22.08,16.7,21.1,25.5,98,NA
2013-09-14,3.91,10.3,14.9,19.4,98,NA
2013-09-15,0,5.7,11,16.3,98,NA
2013-09-16,1.34,6.9,13.3,19.6,98,NA
2013-09-17,0,0.6,8.2,15.9,98,NA
2013-09-18,0,1.8,9.2,16.6,98,98
2013-09-19,0,4.2,12.6,21.1,99,NA
2013-09-20,0,5.9,14.8,23.8,99,NA
2013-09-21,0,7.2,15.9,24.6,99,NA
2013-09-22,15.57,10.9,16.5,22,99,NA
2013-09-23,0,5.1,12.1,19.2,99,NA
2013-09-24,0,5.7,9,12.3,99,NA
2013-09-25,0,5.7,11,16.4,99,99
2013-09-26,0,5.2,11.5,17.7,100,NA
2013-09-27,0,6.5,12.5,18.5,100,NA
2013-09-28,0,6.1,12.1,18,100,NA
2013-09-29,0,5.7,13.8,21.8,100,NA
2013-09-30,0,3.9,12.5,21.1,100,NA
2013-10-01,0,5,13,21,100,NA
2013-10-02,0,5.9,14.5,23.1,100,100
2014-05-23,28.98,9.7,12.9,16,101,NA
2014-05-24,2.01,9.3,11.3,13.4,101,NA
2014-05-25,6.31,7.8,13.5,19.3,101,NA
2014-05-26,0.26,9.9,16.9,23.9,101,NA
2014-05-27,0,11.1,17.4,23.7,101,NA
2014-05-28,8.05,6.2,14,21.8,101,NA
2014-05-29,1,3.2,6.9,10.6,101,101
2014-05-30,0,4.7,12.3,19.9,102,NA
2014-05-31,4.69,5.8,13.4,20.9,102,NA
2014-06-01,0.59,5.3,12.2,19.1,102,NA
2014-06-02,0,7.4,15.7,24.1,102,NA
2014-06-03,0,10.2,19.2,28.2,102,NA
2014-06-04,6.89,11.7,19.9,28.1,102,NA
2014-06-05,0,11,15.9,20.8,102,102
2014-06-06,4.59,11.7,15.7,19.7,103,NA
2014-06-07,0,9.8,15.7,21.6,103,NA
2014-06-08,0,9.2,17.6,26.1,103,NA
2014-06-09,0,12.2,20.3,28.4,103,NA
2014-06-10,0.51,14.4,20.7,27.1,103,NA
2014-06-11,0,9.7,17.3,24.9,103,NA
2014-06-12,3.72,10.7,15.2,19.6,103,103
2014-06-13,7.77,11.7,14.1,16.5,104,NA
2014-06-14,15.42,12.4,13.9,15.4,104,NA
2014-06-15,0,10.9,16.4,21.9,104,NA
2014-06-16,0,7.8,15,22.1,104,NA
2014-06-17,0,10.6,18.5,26.4,104,NA
2014-06-18,12,15.8,22.5,29.2,104,NA
2014-06-19,0,14.6,20.1,25.5,104,104
2014-06-20,0,8.5,16.4,24.4,105,NA
2014-06-21,0,5.5,13,20.4,105,NA
2014-06-22,0,5.9,13.3,20.7,105,NA
2014-06-23,0,7.8,15.9,24.1,105,NA
2014-06-24,0,12.6,19.6,26.5,105,NA
2014-06-25,0,16.6,20.7,24.9,105,NA
2014-06-26,56.11,17.5,22.1,26.8,105,105
2014-06-27,0.26,11.9,17.6,23.3,106,NA
2014-06-28,0,9.9,18,26.1,106,NA
2014-06-29,0,11.7,19.9,28,106,NA
2014-06-30,0,14.6,21.6,28.5,106,NA
2014-07-01,0,17.1,23,28.8,106,NA
2014-07-02,0,19.5,25,30.4,106,106
2014-07-03,24.38,17.5,24.6,31.8,107,NA
2014-07-04,20.35,17.7,23.7,29.7,107,NA
2014-07-05,10.89,13.2,16.9,20.5,107,NA
2014-07-06,0,13.1,18.9,24.7,107,NA
2014-07-07,0,14.6,20.6,26.5,107,NA
2014-07-08,9.06,16.7,22,27.3,107,NA
2014-07-09,0.73,17.6,23,28.5,107,107
2014-07-11,0,10.1,17.4,24.8,108,NA
2014-07-12,0,10.3,17.6,24.9,108,NA
2014-07-13,0,14.9,21.4,28,108,NA
2014-07-14,2.8,17.9,22.5,27,108,NA
2014-07-15,0,18.6,23.7,28.7,108,NA
2014-07-16,22.06,18.2,22.8,27.3,108,NA
2014-07-17,2.57,12.1,18.3,24.5,108,108
2014-07-18,0,10.5,17.4,24.3,109,NA
2014-07-19,0,10.6,17.9,25.2,109,NA
2014-07-20,0,12.1,18.1,24,109,NA
2014-07-21,0.21,12.4,18.6,24.7,109,NA
2014-07-22,0,13.4,20.3,27.1,109,NA
2014-07-23,0,17.5,23.6,29.7,109,109
2014-07-24,35.71,16.2,23.5,30.7,110,NA
2014-07-25,0,9.2,16.3,23.5,110,NA
2014-07-26,0,11.4,18.1,24.8,110,NA
2014-07-27,0,13,19.3,25.5,110,NA
2014-07-28,20.61,15,19.7,24.5,110,NA
2014-07-29,26.7,13.6,19.3,24.9,110,NA
2014-07-30,0,10.6,16.2,21.8,110,110
2014-07-31,0,10.5,16.7,22.8,111,NA
2014-08-01,0.56,11.9,17.3,22.7,111,NA
2014-08-02,0,13.5,20.1,26.6,111,NA
2014-08-03,0,12.4,18.3,24.3,111,NA
2014-08-04,0,13.9,19.5,25,111,NA
2014-08-05,0.01,14.3,20.3,26.3,111,NA
2014-08-06,5.84,15.6,21.6,27.5,112,111
2014-08-07,0.14,10.6,18,25.4,112,NA
2014-08-08,12.81,10.6,16.2,21.7,112,NA
2014-08-09,0,10.8,17.7,24.7,112,NA
2014-08-10,0,10.6,18.7,26.8,112,NA
2014-08-11,0,11.9,19.7,27.5,112,NA
2014-08-12,0,11.9,20.1,28.2,112,112
2014-08-14,62.41,12.2,15.1,17.9,113,NA
2014-08-15,0,8.7,14.6,20.5,113,NA
2014-08-16,0,9.9,14.2,18.6,113,NA
2014-08-17,0.65,11.2,16.5,21.7,113,NA
2014-08-18,0,11,15.9,20.9,113,NA
2014-08-19,0,6.9,13.7,20.6,113,NA
2014-08-20,0,7.9,15.7,23.6,113,113
2014-08-21,2,10.8,18.3,25.9,114,NA
2014-08-22,30.78,11.8,15,18.2,114,NA
2014-08-23,1.37,12.5,15.1,17.6,114,NA
2014-08-24,0,10.6,16.5,22.4,114,NA
2014-08-25,0,11.6,18.8,25.9,114,NA
2014-08-26,0,12.3,20.3,28.4,114,NA
2014-08-27,0,14,21.1,28.3,114,114
2014-08-29,0,8.9,15.5,22.2,115,NA
2014-08-30,0,9.7,16.4,23,115,NA
2014-08-31,0.09,13.1,18.4,23.7,115,NA
2014-09-01,23.93,16.4,21.2,25.9,115,NA
2014-09-02,0,15.6,21.9,28.2,115,NA
2014-09-03,7.63,15.8,21.9,27.9,115,NA
2014-09-04,0,11,18,25,115,115
2014-09-05,0,11.7,19.7,27.6,116,NA
2014-09-06,0,14.3,21.6,28.8,116,NA
2014-09-07,2.71,13.6,20.9,28.3,116,NA
2014-09-08,0,7,14.6,22.1,116,NA
2014-09-09,0,6.1,14,22,116,NA
2014-09-10,0,6.8,13.2,19.6,116,116
2014-09-11,0,10.4,15.3,20.2,117,NA
2014-09-12,0.35,10.2,15.5,20.8,117,NA
2014-09-13,0,3.8,10,16.2,117,NA
2014-09-14,6.09,5.1,8.5,11.9,117,NA
2014-09-15,0,1.8,8.1,14.4,117,NA
2014-09-16,3.37,4.4,10.6,16.7,117,NA
2014-09-17,2.04,4.8,10.5,16.2,117,117
2014-09-19,0,-0.7,8.9,18.5,118,NA
2014-09-20,0,0.1,6.8,13.5,118,NA
2014-09-21,0,5.3,11.6,17.9,118,NA
2014-09-22,0.32,12.7,18.1,23.5,118,NA
2014-09-23,0,3.8,10.5,17.2,118,NA
2014-09-24,0,4.1,11.2,18.4,118,NA
2014-09-25,0,4.8,11.9,18.9,118,118
2014-09-27,0,6.4,14.6,22.9,119,NA
2014-09-28,0,8.4,17.1,25.8,119,NA
2014-09-29,0,10.8,19.1,27.4,119,NA
2014-09-30,0.02,11.3,17.1,22.9,119,NA
2014-10-01,0,12,14.1,16.3,119,NA
2014-10-02,4.41,11.2,12.5,13.9,119,NA
2014-10-03,0,5.3,12,18.8,119,119
2014-10-04,0.27,5.8,12.1,18.4,120,NA
2014-10-05,24.17,7.4,10.5,13.6,120,NA
2014-10-06,0,0.5,7.2,13.9,120,NA
2014-10-07,0,1,8.9,16.8,120,NA
2014-10-08,13.71,11.1,15.2,19.3,120,NA
2014-10-09,0.73,5,11.7,18.5,120,NA
2014-10-10,0,1.4,8.5,15.7,120,120
