year,week,site,max,mean,median,min,obs,sd,watertemp_weekly_range,watertemp_weekly_cv
2006,28,coffin,NA,NaN,NA,NA,0,NA,NA,NA
2006,29,coffin,NA,NaN,NA,NA,0,NA,NA,NA
2006,30,coffin,NA,NaN,NA,NA,0,NA,NA,NA
2006,31,coffin,NA,NaN,NA,NA,0,NA,NA,NA
2006,32,coffin,NA,NaN,NA,NA,0,NA,NA,NA
2006,33,coffin,NA,NaN,NA,NA,0,NA,NA,NA
2006,34,coffin,NA,NaN,NA,NA,0,NA,NA,NA
2006,35,coffin,NA,NaN,NA,NA,0,NA,NA,NA
2006,36,coffin,NA,NaN,NA,NA,0,NA,NA,NA
2006,37,coffin,NA,NaN,NA,NA,0,NA,NA,NA
2006,38,coffin,NA,NaN,NA,NA,0,NA,NA,NA
2007,26,coffin,20.97,20.609791666666666,20.64,19.83,48,0.30418002496655216,1.1400000000000006,0.014759005325537521
2007,27,coffin,20.64,19.89517857142857,19.83,19.18,168,0.30287242272654374,1.4600000000000009,0.015223408105594905
2007,28,coffin,23.48,21.301904761904762,21.13,20.16,168,0.747531628618864,3.3200000000000003,0.035092243485930485
2007,29,coffin,22.63,21.675773809523808,21.63,20.81,168,0.3831784766120012,1.8200000000000003,0.01767772998459884
2007,30,coffin,25.21,22.76779761904762,22.47,21.3,168,1.0259287748241892,3.91,0.04506051889559549
2007,31,coffin,25.73,24.83416666666667,24.87,24,168,0.4224244490671205,1.7300000000000004,0.0170098097003639
2007,32,coffin,24.69,23.848035714285714,24,22.97,168,0.4063025316434126,1.7200000000000024,0.017037148740934868
2007,33,coffin,23.83,22.680892857142858,22.81,21.13,168,0.6598201808723334,2.6999999999999993,0.029091455306819513
2007,34,coffin,22.13,21.037142857142857,20.97,20.32,168,0.3914997156752782,1.8099999999999987,0.018609928084523615
2007,35,coffin,24.52,22.339880952380952,22.47,20.97,168,0.6290321318251944,3.5500000000000007,0.028157362752559926
2007,36,coffin,21.63,20.864940476190476,20.97,20.16,168,0.32707009452883495,1.4699999999999989,0.015675582439454504
2007,37,coffin,20.81,19.796666666666667,19.83,18.21,168,0.6451102738827381,2.599999999999998,0.03258681295922233
2007,38,coffin,20.32,18.997283950617284,19.02,18.05,81,0.5634825027134359,2.2699999999999996,0.029661213896585808
2008,25,coffin,20.97,20.054802631578948,19.99,19.18,152,0.39468315802022363,1.7899999999999991,0.01968023147725935
2008,26,coffin,21.3,20.327559523809523,20.32,19.02,168,0.422365022231437,2.280000000000001,0.020777950335687072
2008,27,coffin,24,22.05761904761905,21.97,20.16,168,1.0407109719130307,3.84,0.04718147365163456
2008,28,coffin,24.52,23.593273809523808,23.66,22.81,168,0.3729868068877865,1.7100000000000009,0.015809031417133145
2008,29,coffin,24.69,23.67982142857143,23.744999999999997,22.63,168,0.43476123699193986,2.0600000000000023,0.01835998798822734
2008,30,coffin,24.52,22.850535714285712,22.63,20.64,168,0.6529447427158024,3.879999999999999,0.028574592336913746
2008,31,coffin,24.34,23.24267857142857,23.31,22.13,168,0.5054143651462141,2.210000000000001,0.021745099799620457
2008,32,coffin,24,22.41202380952381,22.3,21.3,168,0.5825789859571094,2.6999999999999993,0.025994037437598438
2008,33,coffin,22.63,21.600714285714286,21.63,20.81,168,0.37484299536198085,1.8200000000000003,0.01735326852639705
2008,34,coffin,23.48,21.56190476190476,21.47,19.99,168,0.8980077433090744,3.490000000000002,0.04164788562166644
2008,35,coffin,22.97,21.128273809523808,20.97,19.99,168,0.5962045594216979,2.9800000000000004,0.028218327952232045
2008,36,coffin,23.66,21.64315476190476,21.63,19.99,168,0.7269904659498492,3.6700000000000017,0.03358985665201927
2008,37,coffin,21.13,20.135892857142856,20.16,19.02,168,0.4969419421229097,2.1099999999999994,0.024679409333797097
2008,38,coffin,20.48,19.507083333333334,19.590000000000003,18.86,24,0.5213150525910134,1.620000000000001,0.026724397680723502
2009,21,coffin,16.93,14.056862745098039,14.24,12.08,153,0.9829450047448947,4.85,0.0699263429236848
2009,22,coffin,15.19,13.896964285714287,14.09,10.38,168,0.8008519108724096,4.809999999999999,0.05762783111529359
2009,23,coffin,17.41,16.329047619047618,16.45,14.87,168,0.6440666440906757,2.540000000000001,0.039443001154542565
2009,24,coffin,19.02,17.413809523809523,17.41,15.82,168,0.7490751259652748,3.1999999999999993,0.04301615479031631
2009,25,coffin,19.51,18.224583333333335,18.21,16.93,168,0.7040914255470964,2.580000000000002,0.03863415764679191
2009,26,coffin,21.47,19.839345238095238,20.16,18.05,168,0.9862862903660446,3.419999999999998,0.04971365125862074
2009,27,coffin,20.32,19.338690476190475,19.51,16.13,168,0.5936778290446535,4.190000000000001,0.030698967428822613
2009,28,coffin,21.3,19.97172619047619,19.83,19.18,168,0.47814761960747887,2.120000000000001,0.023941226464214725
2009,29,coffin,22.3,20.931785714285713,20.81,19.67,168,0.5915344113360574,2.629999999999999,0.028260102573682555
2009,30,coffin,23.48,21.505238095238095,21.47,20.16,168,0.5785537951387097,3.3200000000000003,0.026902924421321285
2009,31,coffin,23.48,22.54005952380952,22.63,21.13,168,0.32499193361488515,2.3500000000000014,0.014418415056605755
2009,32,coffin,23.83,22.39035714285714,22.3,21.47,168,0.5013107285262307,2.3599999999999994,0.02238958160996357
2009,33,coffin,24.69,23.539166666666667,23.48,22.47,168,0.5929146687266372,2.2200000000000024,0.025188430717313862
2009,34,coffin,25.38,24.586190476190477,24.69,23.31,168,0.45284173852271514,2.0700000000000003,0.01841854023547291
2009,35,coffin,23.31,21.66940476190476,21.3,20.16,168,0.8954607434004018,3.1499999999999986,0.041323735157443704
2009,36,coffin,21.8,20.861964285714286,20.81,19.99,168,0.37844981462527594,1.8100000000000023,0.01814066065123255
2009,37,coffin,20.81,19.5925,19.51,18.86,168,0.44508594339294527,1.9499999999999993,0.022717159290184776
2009,38,coffin,19.34,18.113584905660378,17.89,16.77,106,0.6836752064836543,2.5700000000000003,0.037743782362485864
2010,21,coffin,18.53,17.922,18.130000000000003,17.09,10,0.48177449773381226,1.4400000000000013,0.026881737402846346
2010,22,coffin,21.97,18.43261904761905,18.69,13.32,168,1.279438143010714,8.649999999999999,0.06941163052875982
2010,23,coffin,21.63,18.753035714285716,18.37,13.78,168,1.3266439395819158,7.85,0.07074288983363387
2010,24,coffin,18.69,17.62559523809524,17.57,16.77,168,0.3737505370287575,1.9200000000000017,0.021204988085789488
2010,25,coffin,21.8,19.513571428571428,19.67,17.24,168,1.2277262396064952,4.560000000000002,0.06291653191731371
2010,26,coffin,22.3,21.266190476190477,21.13,19.83,168,0.5447515607162278,2.4700000000000024,0.025615850724469386
2010,27,coffin,27.32,22.323571428571427,21.63,19.99,168,2.120896964726757,7.330000000000002,0.09500706334167791
2010,28,coffin,26.96,25.399940476190476,25.38,23.83,168,0.6359344080060453,3.1300000000000026,0.025036846389548065
2010,29,coffin,26.43,25.2,25.125,24.34,168,0.4659366974042972,2.09,0.018489551484297508
2010,30,coffin,24.87,23.74732142857143,23.83,22.63,168,0.5299208767221493,2.240000000000002,0.022314974693717606
2010,31,coffin,24.52,23.387083333333333,23.31,22.3,168,0.4347266388191575,2.219999999999999,0.018588322135900837
2010,32,coffin,24.87,23.552857142857142,23.31,22.3,168,0.6777332268488997,2.5700000000000003,0.028774989918980396
2010,33,coffin,25.04,23.681011904761906,23.66,22.81,168,0.5970643150152368,2.2300000000000004,0.025212787249820852
2010,34,coffin,23.48,22.03029761904762,21.97,20.81,168,0.8123061173337119,2.6700000000000017,0.03687222621229519
2010,35,coffin,22.97,21.338630952380953,21.13,19.99,168,0.7055926507106008,2.9800000000000004,0.03306644424776797
2010,36,coffin,24.17,21.381964285714286,21.049999999999997,19.99,168,1.0289074834479992,4.180000000000003,0.0481203443097804
2010,37,coffin,20.48,19.250059523809526,19.34,17.57,168,0.6065387192855752,2.91,0.03150840746935743
2010,38,coffin,18.86,17.998,17.97,17.09,130,0.45860658521220604,1.7699999999999996,0.02548097484232726
2011,22,coffin,15.35,13.89,14.09,11,41,0.9914433922317503,4.35,0.07137821398356733
2011,23,coffin,20.32,17.340714285714284,17.09,14.72,168,1.3078334103607285,5.6,0.07541981194155044
2011,24,coffin,20,18.330119047619046,18.22,17.09,168,0.5856251975200051,2.91,0.031948794003936035
2011,25,coffin,21.64,19.39315476190476,19.19,17.73,168,0.931979504208442,3.91,0.04805713746167747
2011,26,coffin,21.97,19.46184523809524,19.19,18.05,168,0.9846265226363675,3.919999999999998,0.0505926601815242
2011,27,coffin,23.32,21.91077380952381,21.8,19.84,168,0.6683799315977748,3.4800000000000004,0.03050462468410196
2011,28,coffin,23.66,22.85309523809524,22.98,20.98,168,0.43156580583684756,2.6799999999999997,0.01888434810867299
2011,29,coffin,25.39,24.01440476190476,24,22.81,168,0.5432412178908299,2.580000000000002,0.02262147337303985
2011,30,coffin,25.56,24.47125,24.35,23.32,168,0.5629692320965909,2.2399999999999984,0.02300533205686636
2011,31,coffin,25.39,24.120773809523808,24,22.98,168,0.5285716795173535,2.41,0.02191354571339055
2011,32,coffin,25.56,24.19238095238095,24.18,22.81,168,0.5982381698775906,2.75,0.02472837093029959
2011,33,coffin,24.35,22.436130952380953,22.31,20.65,168,0.7585117208408713,3.700000000000003,0.0338075991110391
2011,34,coffin,23.66,22.34642857142857,22.31,21.31,168,0.5358962337155597,2.3500000000000014,0.02398129222316713
2011,35,coffin,23.32,21.469940476190477,21.31,20,168,0.8038518773673897,3.3200000000000003,0.037440806054345493
2011,36,coffin,22.98,21.12,21.14,19.03,168,0.756468314853468,3.9499999999999993,0.035817628544198295
2011,37,coffin,21.64,20.426369047619048,20.48,18.54,168,0.6021681639864797,3.1000000000000014,0.029479941470883685
2011,38,coffin,20,18.82368,18.7,17.73,125,0.49903218591654547,2.2699999999999996,0.02651087278983416
2012,21,coffin,19.67,18.22915254237288,18.86,16.13,59,1.0773327346540709,3.5400000000000027,0.05909944152092959
2012,22,coffin,21.3,19.053571428571427,19.02,17.24,168,0.8776685812879382,4.060000000000002,0.04606320576581494
2012,23,coffin,18.69,17.12952380952381,17.08,15.98,168,0.6043820118072506,2.710000000000001,0.035283059735217004
2012,24,coffin,22.81,19.52845238095238,19.34,16.93,168,1.2134100945678206,5.879999999999999,0.0621354970121111
2012,25,coffin,23.14,21.287857142857142,21.13,19.83,168,0.8917070642602694,3.3100000000000023,0.04188806126780449
2012,26,coffin,22.81,20.900238095238095,20.48,19.18,168,1.170632641478339,3.629999999999999,0.056010493093141156
2012,27,coffin,23.14,21.92982142857143,21.97,20.48,168,0.6765051731941345,2.66,0.030848640304601146
2012,28,coffin,25.04,22.980595238095237,22.81,21.63,168,0.6580989700253649,3.41,0.0286371594472203
2012,29,coffin,25.56,24.46309523809524,24.52,22.97,168,0.48745453020677204,2.59,0.019926118320779042
2012,30,coffin,25.21,23.691369047619048,23.66,22.63,168,0.5582950152617825,2.580000000000002,0.023565333609029675
2012,31,coffin,25.73,23.732321428571428,23.66,22.81,168,0.6147468913108795,2.9200000000000017,0.025903361083369766
2012,32,coffin,25.91,24.731964285714287,24.69,23.48,168,0.5328763424300637,2.4299999999999997,0.021546058221419334
2012,33,coffin,25.73,24.575059523809525,24.52,23.66,168,0.394604322437045,2.0700000000000003,0.016057105459082732
2012,34,coffin,25.38,23.911488095238095,23.83,22.97,168,0.484144581613109,2.41,0.020247363095294978
2012,35,coffin,25.04,23.234642857142855,23.225,21.97,168,0.7517149198911766,3.0700000000000003,0.03235319451704343
2012,36,coffin,23.31,22.344345238095237,22.3,21.63,168,0.3806449614585424,1.6799999999999997,0.017035404591295635
2012,37,coffin,22.3,20.920535714285712,20.81,19.83,168,0.603373012927184,2.4700000000000024,0.028841183666017078
2012,38,coffin,20.32,19.256964285714286,19.34,18.21,168,0.5141888081759254,2.1099999999999994,0.026701446840059553
2012,39,coffin,19.02,18.052190476190475,17.89,17.41,105,0.43867146667826,1.6099999999999994,0.024300179374732153
2013,21,coffin,NA,NaN,NA,NA,0,NA,NA,NA
2013,22,coffin,18.06,15.241666666666667,15.04,12.4,108,1.5724636899066273,5.659999999999998,0.10316874947446433
2013,23,coffin,18.38,16.75839285714286,16.62,14.41,168,0.7397291382881347,3.969999999999999,0.04414081616262165
2013,24,coffin,17.26,16.489464285714288,16.46,15.67,168,0.35032450128685294,1.5900000000000016,0.02124535371293766
2013,25,coffin,20.01,18.009761904761906,17.9,16.62,168,1.0077983072029544,3.3900000000000006,0.05595844700959014
2013,26,coffin,22.98,21.372440476190476,21.48,19.03,168,0.8536918746216231,3.9499999999999993,0.039943584148598325
2013,27,coffin,25.39,23.407559523809525,23.14,21.81,168,0.9965548421045013,3.580000000000002,0.042574059935245843
2013,28,coffin,25.92,24.829047619047618,24.69,24.18,168,0.37540435380609577,1.740000000000002,0.015119563165125355
2013,29,coffin,26.09,25.51892857142857,25.57,23.66,168,0.37937394964573334,2.4299999999999997,0.014866374526024847
2013,30,coffin,25.22,23.824940476190477,23.66,22.64,168,0.6064572660933143,2.5799999999999983,0.025454723242619604
2013,31,coffin,24.18,23.107916666666668,23.14,21.98,168,0.4782714061327015,2.1999999999999993,0.02069729664650433
2013,32,coffin,22.98,22.122083333333332,22.14,21.31,168,0.33103874651860127,1.6700000000000017,0.014964175911036165
2013,33,coffin,21.98,21.269345238095237,21.14,20.49,168,0.40545552098614523,1.490000000000002,0.01906290562531936
2013,34,coffin,22.81,21.751666666666665,21.81,20.98,168,0.3565245860233509,1.8299999999999983,0.016390678998851473
2013,35,coffin,24.52,22.73047619047619,22.64,21.64,168,0.5262564770805515,2.879999999999999,0.023152021658967573
2013,36,coffin,23.14,21.393333333333334,21.395,19.36,168,1.0357887252877072,3.780000000000001,0.04841642530170024
2013,37,coffin,20.66,19.653988095238095,19.68,18.54,168,0.4447890435595301,2.120000000000001,0.02263098163101547
2013,38,coffin,18.87,18.383030303030303,18.38,17.58,33,0.3454298485988594,1.2900000000000027,0.018790691355272254
2013,39,coffin,NA,NaN,NA,NA,0,NA,NA,NA
2014,22,coffin,NA,NaN,NA,NA,0,NA,NA,NA
2014,23,coffin,20.66,17.964496124031008,17.9,15.04,129,1.1057336091654193,5.620000000000001,0.061551050557231354
2014,24,coffin,20.01,18.184345238095236,18.06,16.78,168,0.6999919930089127,3.2300000000000004,0.038494209378650966
2014,25,coffin,21.48,18.834940476190475,18.71,15.99,168,1.0036484325083255,5.49,0.05328652000663619
2014,26,coffin,23.66,20.981488095238095,20.98,18.87,168,1.0985214013930296,4.789999999999999,0.052356696360462016
2014,27,coffin,25.39,21.937916666666666,21.725,19.19,168,1.2987482938346917,6.199999999999999,0.05920107700144841
2014,28,coffin,24.35,22.795119047619046,22.81,21.48,168,0.7844575440630365,2.870000000000001,0.03441339974686262
2014,29,coffin,24.87,23.540357142857143,23.49,22.48,168,0.5476021686938932,2.3900000000000006,0.023262271059470832
2014,30,coffin,24.18,23.343630952380952,23.32,21.31,168,0.44778286225672354,2.870000000000001,0.01918222847037648
2014,31,coffin,24.18,23.014821428571427,22.98,22.14,168,0.4574584477243305,2.039999999999999,0.019876688991226545
2014,32,coffin,25.04,23.148809523809522,23.14,22.14,168,0.622948186082506,2.8999999999999986,0.02691059276468527
2014,33,coffin,23.32,21.480238095238096,21.31,20.33,168,0.6400925759962007,2.990000000000002,0.029799137847457163
2014,34,coffin,23.14,21.4425,21.48,18.71,168,0.6616326657830142,4.43,0.030856134582395438
2014,35,coffin,22.64,21.63154761904762,21.64,20.49,168,0.499816718617801,2.150000000000002,0.02310591583274829
2014,36,coffin,23.66,22.281666666666666,22.31,21.31,168,0.5532837916402542,2.3500000000000014,0.024831346771198484
2014,37,coffin,22.48,20.06642857142857,19.84,18.22,168,1.1407127122432694,4.260000000000002,0.056846822950221663
2014,38,coffin,18.54,18.204,18.22,17.9,10,0.19155503995805853,0.6400000000000006,0.01052268951648311
2014,39,coffin,NA,NaN,NA,NA,0,NA,NA,NA
2015,23,coffin,18.06,16.923939393939396,16.78,15.83,132,0.562279653297722,2.2299999999999986,0.03322392264646605
2015,24,coffin,20.33,18.53595238095238,18.71,15.83,168,1.0727809505107406,4.499999999999998,0.057875685503655835
2015,25,coffin,21.14,19.595357142857143,19.68,18.38,168,0.6029169542491978,2.7600000000000016,0.030768357517228093
2015,26,coffin,22.48,20.411607142857143,20.33,19.36,168,0.6386665847026443,3.120000000000001,0.03128938256712137
2015,27,coffin,22.31,20.65595238095238,20.49,19.52,168,0.7168905227933646,2.789999999999999,0.034706243971323054
2015,28,coffin,24.52,22.663452380952382,22.48,21.31,168,0.8552185616191976,3.210000000000001,0.03773558181885698
2015,29,coffin,24.35,22.977619047619047,22.98,22.31,168,0.44216159033813085,2.0400000000000027,0.019243142182042046
2015,30,coffin,24.87,23.387083333333333,23.14,22.31,168,0.6566101972234399,2.5600000000000023,0.028075762499532433
2015,31,coffin,25.22,23.91845238095238,23.83,23.32,168,0.42025225970921865,1.8999999999999986,0.01757021119158568
2015,32,coffin,24.35,23.321428571428573,23.32,22.64,168,0.4070579203946666,1.7100000000000009,0.017454244672359363
2015,33,coffin,25.92,23.615952380952383,23.49,22.31,168,0.8906172508654924,3.610000000000003,0.03771252738398245
2015,34,coffin,25.74,24.796607142857145,24.69,23.83,168,0.4517495336425692,1.9100000000000001,0.0182181994109101
2015,35,coffin,24.35,23.299761904761905,23.32,22.48,168,0.3983528246558822,1.870000000000001,0.017096862460833497
2015,36,coffin,24.69,23.64672619047619,23.66,22.81,168,0.45897111832190945,1.8800000000000026,0.01940949942181687
2015,37,coffin,24,22.563928571428573,22.64,21.14,168,0.8216589292796692,2.8599999999999994,0.03641471061560129
2015,38,coffin,22.48,21.29827380952381,21.31,19.84,168,0.6307822318206262,2.6400000000000006,0.02961658946926316
2015,39,coffin,20.01,19.916666666666668,20.01,19.68,9,0.12103718436910291,0.33000000000000185,0.006077180805143242
2016,22,coffin,NA,NaN,NA,NA,0,NA,NA,NA
2016,23,coffin,21.48,19.01214285714286,19.6,11.47,154,2.1175796901567443,10.01,0.11138037969040245
2016,24,coffin,17.9,15.380297619047619,15.36,13.18,168,0.8772824298882911,4.719999999999999,0.05703936631251055
2016,25,coffin,20.33,18.576071428571428,18.71,16.78,168,0.7185047978740344,3.549999999999997,0.038679050122994184
2016,26,coffin,23.32,21.58375,21.81,19.03,168,0.9203713696567445,4.289999999999999,0.04264186573958392
2016,27,coffin,23.83,21.973928571428573,21.98,18.71,168,0.9167581751768757,5.1199999999999974,0.04172026737034557
2016,28,coffin,23.66,22.103869047619046,21.98,20.98,168,0.6905017923682444,2.6799999999999997,0.031238955989138152
2016,29,coffin,24.18,23.15220238095238,23.14,22.31,168,0.4706059612592473,1.870000000000001,0.020326617464540692
2016,30,coffin,24.35,23.399285714285714,23.32,22.48,168,0.48025014867637283,1.870000000000001,0.020524137127107725
2016,31,coffin,25.22,24.11559523809524,24,22.98,168,0.5372370013930643,2.2399999999999984,0.02227757582132556
2016,32,coffin,24.87,23.87,23.83,23.14,168,0.3567199206610242,1.7300000000000004,0.01494427820113214
2016,33,coffin,24.87,24.065595238095238,24.18,22.98,168,0.43225311721543225,1.8900000000000006,0.01796145546947396
2016,34,coffin,25.04,23.516488095238095,23.49,22.14,168,0.706792654280485,2.8999999999999986,0.0300551958021149
2016,35,coffin,24.87,23.097619047619048,22.98,22.31,168,0.5678104158762242,2.5600000000000023,0.024583071298630466
2016,36,coffin,23.83,22.63345238095238,22.64,21.81,168,0.44183475396878463,2.0199999999999996,0.01952131502221107
2016,37,coffin,23.14,22.046904761904763,22.14,20.66,168,0.6142908402250306,2.4800000000000004,0.02786290623827044
2016,38,coffin,22.14,21.084642857142857,21.14,20.33,168,0.3721597314288277,1.8100000000000023,0.01765074864916438
2016,39,coffin,21.48,19.869097744360904,19.68,18.71,133,0.765662179885486,2.7699999999999996,0.03853532705594498
2006,28,fichter,NA,NaN,NA,NA,0,NA,NA,NA
2006,29,fichter,NA,NaN,NA,NA,0,NA,NA,NA
2006,30,fichter,NA,NaN,NA,NA,0,NA,NA,NA
2006,31,fichter,NA,NaN,NA,NA,0,NA,NA,NA
2006,32,fichter,NA,NaN,NA,NA,0,NA,NA,NA
2006,33,fichter,NA,NaN,NA,NA,0,NA,NA,NA
2006,34,fichter,NA,NaN,NA,NA,0,NA,NA,NA
2006,35,fichter,NA,NaN,NA,NA,0,NA,NA,NA
2006,36,fichter,NA,NaN,NA,NA,0,NA,NA,NA
2006,37,fichter,NA,NaN,NA,NA,0,NA,NA,NA
2006,38,fichter,NA,NaN,NA,NA,0,NA,NA,NA
2007,26,fichter,21.63,21.00625,20.96,20.31,48,0.29930149177497173,1.3200000000000003,0.014248211450162295
2007,27,fichter,21.29,20.377857142857142,20.31,19.5,168,0.4351930438985163,1.7899999999999991,0.02135617306803333
2007,28,fichter,22.63,21.268392857142857,21.13,20.31,168,0.5491237771062228,2.3200000000000003,0.025818771582536527
2007,29,fichter,22.96,21.848154761904762,21.79,20.96,168,0.49277369656373976,2,0.02255447665644322
2007,30,fichter,24.86,22.674583333333334,22.79,21.29,168,0.8386793540336114,3.5700000000000003,0.036987641259131315
2007,31,fichter,26.95,24.962916666666665,24.86,23.3,168,0.8771827209584695,3.6499999999999986,0.03513943232962773
2007,32,fichter,25.55,23.94125,23.98,22.79,168,0.6214260088145152,2.7600000000000016,0.025956289200209478
2007,33,fichter,24.51,23.022559523809523,23.13,21.46,168,0.760069329507024,3.0500000000000007,0.033014110734341844
2007,34,fichter,23.3,21.392916666666665,21.29,20.31,168,0.6819647155487543,2.990000000000002,0.03187806161145649
2007,35,fichter,23.81,22.544166666666666,22.46,21.29,168,0.5861632241528818,2.5199999999999996,0.02600066051763051
2007,36,fichter,22.29,21.405,21.46,20.47,168,0.4767316371840823,1.8200000000000003,0.0222719755750564
2007,37,fichter,20.63,19.430119047619048,19.34,18.04,168,0.643901829925279,2.59,0.03313936617409363
2007,38,fichter,19.5,18.426172839506172,18.37,17.88,81,0.4629675147924384,1.620000000000001,0.02512553848403205
2008,25,fichter,20.79,19.886308724832215,19.98,18.69,149,0.5544517001766411,2.099999999999998,0.027881076767368708
2008,26,fichter,21.79,20.22815476190476,20.14,19.34,168,0.4933954698594091,2.4499999999999993,0.024391521405037395
2008,27,fichter,24.86,22.24238095238095,22.29,20.47,168,0.8931685091531162,4.390000000000001,0.04015615554221979
2008,28,fichter,25.2,23.413630952380952,23.3,22.29,168,0.7349189743886417,2.91,0.031388509363769024
2008,29,fichter,25.37,23.79845238095238,23.98,22.13,168,0.7235400233459921,3.240000000000002,0.030402818291037
2008,30,fichter,24.33,22.662857142857142,22.79,20.96,168,0.8267664035605575,3.3699999999999974,0.03648111967299485
2008,31,fichter,24.68,23.353928571428572,23.47,22.46,168,0.4981198611428908,2.219999999999999,0.021329167793734522
2008,32,fichter,23.64,21.898154761904763,21.63,21.13,168,0.6227153595496939,2.5100000000000016,0.028436887323173177
2008,33,fichter,22.96,21.708214285714284,21.63,20.63,168,0.533443588011988,2.330000000000002,0.024573351865382863
2008,34,fichter,23.3,21.640416666666667,21.79,20.47,168,0.6850502443801837,2.830000000000002,0.03165605611630323
2008,35,fichter,22.46,21.14125,21.13,20.31,168,0.43473880588385194,2.150000000000002,0.020563533655003935
2008,36,fichter,23.13,21.52077380952381,21.46,20.47,168,0.5740965274089416,2.66,0.026676388706565964
2008,37,fichter,21.13,20.149761904761906,20.14,19.5,168,0.42191174884035115,1.629999999999999,0.020938795745305685
2008,38,fichter,20.31,19.742083333333333,19.5,19.34,24,0.35652890811102583,0.9699999999999989,0.0180593355873971
2009,21,fichter,16.61,14.704313725490197,14.55,13.47,153,0.5112172839948862,3.139999999999999,0.03476648373658416
2009,22,fichter,15.66,14.03577380952381,13.93,13.01,168,0.6055892335477848,2.6500000000000004,0.043146123738248714
2009,23,fichter,18.21,16.62440476190476,16.61,15.02,168,0.6662970353966658,3.1900000000000013,0.04007945216321382
2009,24,fichter,19.5,16.881845238095238,16.77,15.34,168,0.9267686699074902,4.16,0.054897356114612536
2009,25,fichter,18.69,17.664761904761903,17.88,16.29,168,0.6737694059782465,2.400000000000002,0.03814200324979291
2009,26,fichter,21.29,20.03529761904762,20.225,18.53,168,0.7582298370169822,2.759999999999998,0.037844700459858945
2009,27,fichter,20.14,19.198452380952382,19.34,18.04,168,0.5110854810854374,2.1000000000000014,0.02662118127774234
2009,28,fichter,20.79,19.83809523809524,19.82,19.02,168,0.4283332861791675,1.7699999999999996,0.02159145225579097
2009,29,fichter,22.46,21.034642857142856,20.96,19.98,168,0.5319469300182678,2.4800000000000004,0.025289087798209584
2009,30,fichter,23.64,21.407261904761903,21.13,20.31,168,0.8296797610195469,3.330000000000002,0.03875693046176028
2009,31,fichter,23.98,22.39422619047619,22.29,21.46,168,0.5751089425812277,2.5199999999999996,0.025681125915652754
2009,32,fichter,23.81,22.47547619047619,22.29,21.79,168,0.4849999191602001,2.0199999999999996,0.02157907200941598
2009,33,fichter,26.42,24.128273809523808,24.16,22.29,168,1.0827620464027687,4.130000000000003,0.044875238690941316
2009,34,fichter,25.37,24.351666666666667,24.33,23.64,168,0.4273741950502048,1.7300000000000004,0.01755010040586701
2009,35,fichter,23.64,21.65904761904762,21.29,20.31,168,0.9456564669093482,3.330000000000002,0.04366103641961198
2009,36,fichter,21.96,21.096785714285716,21.13,20.31,168,0.38942045289893784,1.6500000000000021,0.018458757564913848
2009,37,fichter,20.96,19.744464285714287,19.66,19.18,168,0.4357095650363408,1.7800000000000011,0.02206742906423598
2009,38,fichter,19.34,18.284716981132075,18.21,17.41,106,0.62583005078919,1.9299999999999997,0.034226947643487264
2010,21,fichter,19.98,19.724,19.82,19.18,10,0.24088724886690613,0.8000000000000007,0.012212900469828945
2010,22,fichter,21.79,19.961666666666666,19.98,18.86,168,0.49723506973146825,2.9299999999999997,0.02490949668855982
2010,23,fichter,21.63,18.856488095238095,18.21,16.93,168,1.4349629717858057,4.699999999999999,0.07609916356313362
2010,24,fichter,18.04,17.34708333333333,17.24,16.77,168,0.34414061004339197,1.2699999999999996,0.01983852866966447
2010,25,fichter,22.29,20.039464285714285,20.31,17.24,168,1.2822992349908695,5.050000000000001,0.06398869833586289
2010,26,fichter,22.46,21.68797619047619,21.71,20.63,168,0.42322621677707617,1.8300000000000018,0.019514325037064864
2010,27,fichter,25.89,22.393333333333334,21.63,20.14,168,1.664731251499941,5.75,0.07434048458618372
2010,28,fichter,25.89,24.199940476190477,24.16,22.63,168,0.6632829771771214,3.2600000000000016,0.02740845490218059
2010,29,fichter,25.89,24.99845238095238,24.945,24.33,168,0.39541532488760955,1.5600000000000023,0.01581759217978218
2010,30,fichter,25.2,24.015595238095237,23.98,22.96,168,0.5094445753038596,2.2399999999999984,0.021213073015810265
2010,31,fichter,24.68,23.53065476190476,23.47,22.79,168,0.4019177677995796,1.8900000000000006,0.0170806028079707
2010,32,fichter,24.68,23.70357142857143,23.64,22.63,168,0.5356402914396151,2.0500000000000007,0.022597450896955286
2010,33,fichter,24.51,23.450416666666666,23.3,22.79,168,0.5117345800697092,1.7200000000000024,0.021821982412666835
2010,34,fichter,23.64,21.985297619047618,21.63,20.79,168,0.9166346450844783,2.8500000000000014,0.041693074206569966
2010,35,fichter,24.16,21.649464285714284,21.46,20.31,168,0.976997268874131,3.8500000000000014,0.045128011297666006
2010,36,fichter,24.33,21.899226190476192,21.63,20.31,168,1.0284643496939447,4.02,0.04696350184926699
2010,37,fichter,20.31,19.151011904761905,19.18,17.88,168,0.5752142427019071,2.4299999999999997,0.03003571015267762
2010,38,fichter,18.37,17.78853846153846,17.88,17.08,130,0.2908424319363825,1.2900000000000027,0.016349990335924915
2011,22,fichter,16.46,15.405121951219511,15.35,14.87,41,0.4538288331035149,1.5900000000000016,0.029459606651642805
2011,23,fichter,21.63,17.89952380952381,18.05,14.87,168,1.91805471862023,6.76,0.10715674556658816
2011,24,fichter,20.47,17.56845238095238,17.09,16.14,168,1.1779155384334312,4.329999999999998,0.06704719988372572
2011,25,fichter,21.13,19.062380952380952,18.939999999999998,17.09,168,0.988011514209154,4.039999999999999,0.05183043590815177
2011,26,fichter,21.3,19.396428571428572,19.99,16.93,168,1.2866357215223534,4.370000000000001,0.06633364058667997
2011,27,fichter,24.16,22.20363095238095,22.63,20.15,168,0.9726692858495202,4.010000000000002,0.04380676691733693
2011,28,fichter,24.34,23.33029761904762,23.65,21.63,168,0.7138454734704824,2.710000000000001,0.030597358213196372
2011,29,fichter,26.25,24.767619047619046,24.51,23.47,168,0.6617480372352579,2.780000000000001,0.02671827420968318
2011,30,fichter,26.25,24.776011904761905,24.51,23.65,168,0.7255797928453988,2.6000000000000014,0.02928557653404839
2011,31,fichter,25.21,24.047142857142855,23.99,23.3,168,0.34634644463189374,1.9100000000000001,0.014402810624506959
2011,32,fichter,24.68,23.591011904761903,23.82,22.47,168,0.5658427447917629,2.210000000000001,0.023985522413201198
2011,33,fichter,24.16,22.543095238095237,22.63,21.3,168,0.7267876596727806,2.8599999999999994,0.0322399232224594
2011,34,fichter,23.99,22.325357142857143,22.13,21.46,168,0.6245879052030382,2.5299999999999976,0.02797661426898477
2011,35,fichter,22.8,21.385535714285712,21.3,20.31,168,0.6098510262071828,2.490000000000002,0.028516986170227073
2011,36,fichter,23.3,21.16279761904762,21.13,19.99,168,0.8904603704666161,3.3100000000000023,0.04207668506290281
2011,37,fichter,21.8,20.240535714285713,20.31,18.7,168,0.6522694227958694,3.1000000000000014,0.032225897179959495
2011,38,fichter,19.51,18.643779527559055,18.53,17.89,127,0.37671076255553354,1.620000000000001,0.020205707860827433
2012,21,fichter,16.77,15.52135593220339,15.66,14.24,59,0.5309895044976085,2.5299999999999994,0.03421025243006782
2012,22,fichter,19.66,17.596488095238094,17.96,15.82,168,1.1000022536073557,3.84,0.06251260181314446
2012,23,fichter,17.72,16.55684523809524,16.45,15.18,168,0.6065235578316254,2.539999999999999,0.0366327974387349
2012,24,fichter,21.13,18.702857142857145,18.450000000000003,17.41,168,0.9118239553649689,3.719999999999999,0.04875319040295433
2012,25,fichter,23.64,20.593988095238096,20.225,17.88,168,1.8659004793021043,5.760000000000002,0.09060413508413907
2012,26,fichter,23.47,21.758690476190477,21.63,20.14,168,1.0157918120450353,3.3299999999999983,0.04668441849276587
2012,27,fichter,24.16,22.733988095238097,22.63,21.63,168,0.6116661645566283,2.530000000000001,0.026905361346817497
2012,28,fichter,26.25,23.864345238095236,23.725,22.63,168,0.8193619833368324,3.620000000000001,0.03433414892225348
2012,29,fichter,25.89,24.87047619047619,24.86,23.98,168,0.42287695797406694,1.9100000000000001,0.01700317093791722
2012,30,fichter,25.72,23.673928571428572,23.3,22.63,168,0.8377993955612153,3.09,0.03538911562706719
2012,31,fichter,25.37,23.65452380952381,23.47,22.46,168,0.7452048784106003,2.91,0.03150369394079982
2012,32,fichter,25.55,24.33779761904762,24.42,23.13,168,0.5132395941004367,2.4200000000000017,0.021088169198134728
2012,33,fichter,25.55,24.460833333333333,24.33,23.81,168,0.38350013727431864,1.740000000000002,0.015678130505542273
2012,34,fichter,25.03,23.986488095238094,23.98,23.3,168,0.3714111943742808,1.7300000000000004,0.015484183966389602
2012,35,fichter,24.86,23.15458333333333,23.13,22.13,168,0.7381550509489976,2.7300000000000004,0.03187943571786713
2012,36,fichter,23.13,22.02267857142857,21.96,21.29,168,0.4033964680513084,1.8399999999999999,0.018317320790154037
2012,37,fichter,22.13,20.666071428571428,20.549999999999997,19.5,168,0.64353164405749,2.629999999999999,0.031139524813980333
2012,38,fichter,20.79,19.048333333333332,19.02,17.88,168,0.6652689939651005,2.91,0.03492531248394963
2012,39,fichter,18.69,17.854761904761904,17.88,17.24,105,0.33269614006135084,1.4500000000000028,0.018633468305876432
2013,21,fichter,13.79,12.552788461538462,12.41,11.79,104,0.5606938432736612,2,0.044666875809436124
2013,22,fichter,19.36,14.837738095238095,13.95,11.94,168,2.1675151208835026,7.42,0.14608123603281067
2013,23,fichter,17.91,16.353571428571428,16.32,14.89,168,0.6987304875762939,3.0199999999999996,0.042726476637117775
2013,24,fichter,17.43,15.945357142857143,15.68,15.05,168,0.6719146766986452,2.379999999999999,0.04213857806249483
2013,25,fichter,22.15,18.754285714285714,18.56,16.63,168,1.6470247431975258,5.52,0.08782124620949634
2013,26,fichter,22.65,20.95940476190476,21.32,18.23,168,1.144935059414546,4.419999999999998,0.05462631560489487
2013,27,fichter,25.92,23.58452380952381,24.095,19.52,168,1.5891400941863718,6.400000000000002,0.06738063091800274
2013,28,fichter,25.39,23.864642857142858,23.66,21.65,168,0.7414703735139885,3.740000000000002,0.03106982903337525
2013,29,fichter,27.33,25.987142857142857,26.09,24.7,168,0.5911382938565596,2.629999999999999,0.022747336908338835
2013,30,fichter,25.22,23.720059523809525,23.66,22.82,168,0.5825398621952652,2.3999999999999986,0.024558954483673543
2013,31,fichter,24.18,23.051488095238096,23.15,21.65,168,0.4951291368248056,2.530000000000001,0.021479270005440032
2013,32,fichter,22.82,22.003809523809522,21.98,21.32,168,0.368032167176211,1.5,0.01672583862253383
2013,33,fichter,22.15,21.454940476190476,21.48,20.66,168,0.42715182203805546,1.4899999999999984,0.019909252254140964
2013,34,fichter,23.66,22.341964285714287,22.32,21.32,168,0.4772303564193182,2.34,0.021360268520546552
2013,35,fichter,24.36,22.731547619047618,22.65,21.82,168,0.4192236738744748,2.539999999999999,0.01844237272798758
2013,36,fichter,22.82,21.188869047619047,21.15,19.36,168,0.9337968502833404,3.460000000000001,0.044070160053599906
2013,37,fichter,21.65,19.819166666666668,19.68,18.23,168,0.7708432404822694,3.419999999999998,0.038893827043632985
2013,38,fichter,18.56,18.060606060606062,18.07,17.75,33,0.2231862926170002,0.8099999999999987,0.012357630295907729
2013,39,fichter,NA,NaN,NA,NA,0,NA,NA,NA
2014,22,fichter,NA,NaN,NA,NA,0,NA,NA,NA
2014,23,fichter,20.82,17.585271317829456,16.79,15.53,129,1.684341060659637,5.290000000000001,0.09578135191760775
2014,24,fichter,19.85,17.56172619047619,17.27,16,168,1.1155885088089597,3.8500000000000014,0.06352385276419745
2014,25,fichter,20.82,19.226309523809523,19.04,18.39,168,0.5230169957781737,2.4299999999999997,0.027203192330305444
2014,26,fichter,24.01,21.032916666666665,20.66,18.88,168,1.3671419351546068,5.130000000000003,0.06500011181622173
2014,27,fichter,24.36,22.364166666666666,22.48,20.99,168,0.819670166369819,3.370000000000001,0.036651048911718255
2014,28,fichter,24.36,22.776071428571427,22.65,21.48,168,0.6819969231973423,2.879999999999999,0.02994357149503016
2014,29,fichter,24.88,23.29934523809524,23.15,22.65,168,0.48080912328187025,2.2300000000000004,0.020636164594691298
2014,30,fichter,25.39,23.728571428571428,23.66,22.48,168,0.5286954747745143,2.91,0.02228096522228537
2014,31,fichter,24.01,22.916428571428572,22.82,22.32,168,0.4297350328518984,1.6900000000000013,0.018752268989578835
2014,32,fichter,24.53,23.096488095238094,23.15,22.32,168,0.4935538239168419,2.210000000000001,0.02136921517599033
2014,33,fichter,23.15,21.119047619047617,20.99,20.17,168,0.662752596152495,2.979999999999997,0.031381746379261326
2014,34,fichter,23.32,20.968869047619048,20.82,19.85,168,0.7812184752692942,3.469999999999999,0.037256109211001975
2014,35,fichter,23.32,21.930297619047618,21.82,21.15,168,0.5309819460774212,2.1700000000000017,0.024212254448213025
2014,36,fichter,24.01,22.329642857142858,22.15,21.32,168,0.6584657297036672,2.6900000000000013,0.029488412954756942
2014,37,fichter,21.48,19.63261904761905,19.52,18.07,168,1.062889654141259,3.41,0.05413896391323098
2014,38,fichter,18.23,18.084545454545456,18.07,17.91,11,0.08629758239529506,0.3200000000000003,0.004771896678973738
2014,39,fichter,NA,NaN,NA,NA,0,NA,NA,NA
2015,23,fichter,18.23,16.006969696969698,15.84,14.89,132,0.7361587318398319,3.34,0.045989887266369676
2015,24,fichter,20.01,18.237559523809523,18.07,17.11,168,0.6417085138869372,2.900000000000002,0.03518609565326836
2015,25,fichter,21.65,19.763333333333332,19.765,18.39,168,0.7006486871709187,3.259999999999998,0.035451949089437614
2015,26,fichter,21.98,20.331785714285715,20.33,19.04,168,0.7096421645525749,2.9400000000000013,0.03490309088069718
2015,27,fichter,22.65,20.77059523809524,20.66,19.36,168,0.8081580316058513,3.289999999999999,0.038908756457957105
2015,28,fichter,24.36,22.284583333333334,22.15,21.15,168,0.8171828738424449,3.210000000000001,0.03667032322835046
2015,29,fichter,25.22,22.89327380952381,22.65,21.48,168,0.9418713040123515,3.7399999999999984,0.041141835451272354
2015,30,fichter,25.05,23.218333333333334,23.15,22.65,168,0.5037008743870547,2.400000000000002,0.021694101258504975
2015,31,fichter,25.74,24.334464285714287,24.18,23.49,168,0.5602156972625517,2.25,0.0230214929198762
2015,32,fichter,24.88,23.380416666666665,23.32,22.65,168,0.389537349053188,2.2300000000000004,0.016660838624341083
2015,33,fichter,26.79,24.044761904761906,23.83,22.65,168,0.9600342760728253,4.140000000000001,0.039926961218222624
2015,34,fichter,25.39,23.915416666666665,23.83,23.15,168,0.46122961687324243,2.240000000000002,0.019285870001842988
2015,35,fichter,24.36,23.171190476190475,23.15,22.48,168,0.3781958582720639,1.879999999999999,0.016321813877481977
2015,36,fichter,25.39,24.06797619047619,24.01,23.32,168,0.4682616080370552,2.0700000000000003,0.019455794884089526
2015,37,fichter,24.7,22.550238095238093,22.564999999999998,20.99,168,1.059018273426027,3.710000000000001,0.046962620481140666
2015,38,fichter,24.01,21.38422619047619,21.48,20.01,168,0.8766829816575177,4,0.0409967128970962
2015,39,fichter,20.01,19.93888888888889,20.01,19.85,9,0.08432740427115686,0.16000000000000014,0.004229293053443364
2016,22,fichter,19.2,17.340555555555554,17.11,15.84,54,0.8518446502597176,3.3599999999999994,0.049124415162512154
2016,23,fichter,20.17,18.10982142857143,18.23,14.89,168,1.071518857758499,5.280000000000001,0.0591678312226751
2016,24,fichter,17.43,16.549464285714286,16.549999999999997,15.37,168,0.5513470264969527,2.0600000000000005,0.033315098119090336
2016,25,fichter,21.65,19.142083333333332,19.2,17.27,168,0.9752578987436484,4.379999999999999,0.05094836762335945
2016,26,fichter,22.15,20.92059523809524,20.99,19.36,168,0.7016684157960164,2.789999999999999,0.03353960094396919
2016,27,fichter,23.66,22.022559523809523,21.82,20.66,168,0.8483269882954512,3,0.03852081713654986
2016,28,fichter,24.53,21.667142857142856,21.82,19.85,168,1.2311389706683702,4.68,0.05682054984293922
2016,29,fichter,24.36,23.097261904761904,23.15,21.32,168,0.64817265237171,3.039999999999999,0.028062748521636576
2016,30,fichter,25.39,23.87672619047619,23.83,22.82,168,0.5705722487524948,2.5700000000000003,0.02389658633268079
2016,31,fichter,25.22,24.23625,24.36,23.32,168,0.500411432519689,1.8999999999999986,0.020647230182874374
2016,32,fichter,25.57,24.1475,24.01,23.32,168,0.4837116352826181,2.25,0.020031540957971553
2016,33,fichter,25.74,24.184166666666666,24.18,22.98,168,0.6483423512244264,2.759999999999998,0.026808546275776564
2016,34,fichter,24.7,23.34767857142857,23.32,22.32,168,0.572724315507902,2.379999999999999,0.02453024671192648
2016,35,fichter,24.18,23.172261904761903,23.15,22.65,168,0.3888686220906099,1.5300000000000011,0.016781642797274673
2016,36,fichter,23.15,22.38922619047619,22.32,21.82,168,0.3158905234143713,1.3299999999999983,0.014109041586651312
2016,37,fichter,23.32,22.03107142857143,22.15,20.82,168,0.5561114303906373,2.5,0.025242141862852535
2016,38,fichter,22.65,21.23095238095238,21.15,20.66,168,0.4016347405102257,1.9899999999999984,0.018917415163653112
2016,39,fichter,21.82,19.844511278195487,19.68,18.72,133,0.8209062491829359,3.1000000000000014,0.04136691691092042
2006,28,midge,25.45,24.369629629629628,24.24,23.55,54,0.6127080715906338,1.8999999999999986,0.025142280818485536
2006,29,midge,28.09,26.171488095238097,26.32,23.72,168,0.9940389032501663,4.370000000000001,0.03798174943789428
2006,30,midge,26.67,25.03690476190476,24.93,23.04,168,1.097915254945962,3.6300000000000026,0.04385187647542239
2006,31,midge,27.38,26.19309523809524,26.14,24.93,168,0.5867222995111534,2.4499999999999993,0.022399884174735655
2006,32,midge,26.49,24.865714285714287,25.11,22.87,168,0.9135615449008581,3.6199999999999974,0.03673980704530625
2006,33,midge,23.55,22.73017857142857,22.71,21.87,168,0.41399683705911666,1.6799999999999997,0.018213532100425436
2006,34,midge,23.21,22.170119047619046,22.21,21.04,168,0.5773395394623796,2.1700000000000017,0.026041336910384467
2006,35,midge,21.37,20.203690476190477,20.23,18.77,168,0.504400467649507,2.6000000000000014,0.024965759015360574
2006,36,midge,21.04,19.246964285714284,18.93,18.29,168,0.7413951558784061,2.75,0.03852010867130321
2006,37,midge,20.39,18.760952380952382,18.61,18.13,168,0.6254160178022617,2.2600000000000016,0.03333604846400197
2006,38,midge,19.42,18.805833333333332,18.77,18.29,24,0.36270621321043,1.1300000000000026,0.019286899271171002
2007,26,midge,22.67,21.434166666666666,21.51,20.68,48,0.4237162505650542,1.990000000000002,0.019768263313170758
2007,27,midge,21.84,20.684166666666666,20.68,19.38,168,0.6815906164722882,2.460000000000001,0.03295228797255332
2007,28,midge,23.01,21.811488095238097,22.01,20.35,168,0.8758261385726785,2.66,0.04015435053071366
2007,29,midge,23.68,22.56440476190476,22.51,21.67,168,0.5090177253962846,2.009999999999998,0.022558437980852646
2007,30,midge,26.28,23.898511904761904,24.12,21.17,168,1.4690379922289003,5.109999999999999,0.06146985210138489
2007,31,midge,27.17,25.501309523809525,25.42,23.68,168,0.9532481876269913,3.490000000000002,0.03738036224127952
2007,32,midge,25.76,24.351845238095237,24.21,23.34,168,0.5171439761546072,2.4200000000000017,0.02123633634734192
2007,33,midge,24.72,23.39702380952381,23.52,21.67,168,0.743075466645421,3.049999999999997,0.03175940122533664
2007,34,midge,23.52,21.683988095238096,21.51,20.51,168,0.9326551755628306,3.009999999999998,0.04301123812956003
2007,35,midge,24.38,22.55,22.34,21.01,168,0.8584584429100761,3.3699999999999974,0.03806911055033597
2007,36,midge,23.01,21.607202380952383,21.51,20.51,168,0.5985510704579793,2.5,0.027701460832598397
2007,37,midge,20.84,19.819345238095238,19.71,18.57,168,0.5933717113929352,2.2699999999999996,0.0299390168678429
2007,38,midge,19.38,18.65740740740741,18.57,18.25,81,0.2807301986684799,1.129999999999999,0.015046581367839122
2008,25,midge,22.17,20.93443396226415,20.68,20.35,106,0.505563486077295,1.8200000000000003,0.02414985219990233
2008,26,midge,22.84,20.96404761904762,20.84,20.03,168,0.5950929460893609,2.8099999999999987,0.02838635729622501
2008,27,midge,25.59,23.38732142857143,23.34,21.84,168,0.7775675823790551,3.75,0.033247397943961615
2008,28,midge,26.64,24.99160714285714,24.805,23.68,168,0.8802988947739803,2.960000000000001,0.03522378091741006
2008,29,midge,25.76,24.58125,24.55,23.34,168,0.5846521945761897,2.4200000000000017,0.023784477785962457
2008,30,midge,24.55,23.610714285714288,23.68,22.51,168,0.5470449427382856,2.039999999999999,0.02316935168154893
2008,31,midge,25.24,24.15416666666667,24.03,23.34,168,0.40466799678841725,1.8999999999999986,0.01675354825413492
2008,32,midge,24.03,22.51107142857143,22.34,21.51,168,0.5388544466067684,2.5199999999999996,0.023937307840569744
2008,33,midge,23.52,22.26875,22.34,21.34,168,0.501366023202168,2.1799999999999997,0.022514331662179872
2008,34,midge,23.86,22.393333333333334,22.425,21.01,168,0.7706437674874592,2.849999999999998,0.03441398187648671
2008,35,midge,22.67,21.841904761904765,21.84,20.84,168,0.41250070205848793,1.8300000000000018,0.018885747674257096
2008,36,midge,23.17,22.05029761904762,22.01,20.84,168,0.5576494999412412,2.330000000000002,0.02528988540542551
2008,37,midge,21.67,20.497500000000002,20.51,19.71,168,0.45254139321707365,1.9600000000000009,0.02207788233770331
2008,38,midge,20.68,20.285416666666666,20.270000000000003,19.87,24,0.2857481281716872,0.8099999999999987,0.014086381998809681
2009,21,midge,17.12,15.340392156862745,15.38,13.97,153,0.7141565528953321,3.1500000000000004,0.04655399585569551
2009,22,midge,16.49,14.889047619047618,14.91,13.81,168,0.6522978619563764,2.679999999999998,0.04381058336611733
2009,23,midge,18.57,16.81565476190476,16.49,15.23,168,0.9101593200541214,3.34,0.054125713981477155
2009,24,midge,19.54,17.05,16.81,16.18,168,0.7062026307573651,3.3599999999999994,0.04141950913532933
2009,25,midge,19.38,17.87982142857143,17.77,16.81,168,0.5833246373949573,2.5700000000000003,0.032624746266359334
2009,26,midge,22.51,20.23761904761905,20.19,17.77,168,0.9854882604533165,4.740000000000002,0.04869585983086577
2009,27,midge,20.68,19.818690476190476,19.71,19.06,168,0.4630755807011302,1.620000000000001,0.0233655993193624
2009,28,midge,22.34,20.933988095238096,21.01,19.06,168,0.8336214479128419,3.280000000000001,0.03982143508061265
2009,29,midge,23.01,21.90416666666667,22.01,20.35,168,0.709788208832188,2.66,0.03240425530145047
2009,30,midge,24.72,22.452261904761905,22.34,21.01,168,1.009333510088695,3.7099999999999973,0.044954647080552065
2009,31,midge,24.55,23.52184523809524,23.34,22.34,168,0.6469825307278462,2.210000000000001,0.0275056027356227
2009,32,midge,24.38,23.04047619047619,23.01,22.01,168,0.5976078155664623,2.3699999999999974,0.025937303145387426
2009,33,midge,26.81,24.412857142857142,24.38,22.51,168,1.2841438084525412,4.299999999999997,0.05260112738701965
2009,34,midge,26.28,25.182559523809523,25.24,24.38,168,0.3557702229326121,1.9000000000000021,0.014127643482634863
2009,35,midge,24.38,22.196369047619047,21.84,20.84,168,0.974903910877066,3.539999999999999,0.04392177426792431
2009,36,midge,22.67,21.168511904761907,21.17,20.19,168,0.5929795261392272,2.4800000000000004,0.028012338741951675
2009,37,midge,20.35,19.708928571428572,19.71,19.06,168,0.2746626362097399,1.2900000000000027,0.013935949649130593
2009,38,midge,19.22,18.22433962264151,18.25,17.28,106,0.5867456963023926,1.9399999999999977,0.03219571783953329
2010,21,midge,19.71,18.676,19.38,15.86,10,1.4282561239342038,3.8500000000000014,0.07647548318345491
2010,22,midge,21.67,19.32011904761905,19.54,15.23,168,1.295191932275454,6.440000000000001,0.0670385068064614
2010,23,midge,22.01,19.854464285714286,20.03,17.77,168,1.3166750716201152,4.240000000000002,0.06631632325468943
2010,24,midge,19.22,18.08267857142857,18.09,17.61,168,0.34563050641286935,1.6099999999999994,0.01911389980458873
2010,25,midge,22.51,20.680238095238096,21.01,17.77,168,1.2508210249209817,4.740000000000002,0.060483879303546324
2010,26,midge,23.52,22.456130952380953,22.51,21.34,168,0.4817295755363097,2.1799999999999997,0.021452029138850092
2010,27,midge,26.46,22.924583333333334,22.51,20.84,168,1.3393665739301084,5.620000000000001,0.058424903713849036
2010,28,midge,26.99,25.916130952380954,25.93,24.72,168,0.4440139793818575,2.2699999999999996,0.01713272633934832
2010,29,midge,27.17,26.16154761904762,26.11,25.24,168,0.46317569265856984,1.9300000000000033,0.017704445448072127
2010,30,midge,25.93,24.565059523809524,24.38,23.34,168,0.6224896863477763,2.59,0.025340450966317922
2010,31,midge,25.07,23.982142857142858,24.03,22.67,168,0.5783593798703391,2.3999999999999986,0.024116251133833946
2010,32,midge,25.59,24.26904761904762,24.21,23.17,168,0.5148294736516209,2.419999999999998,0.021213418908435276
2010,33,midge,24.89,24.075892857142858,24.03,23.34,168,0.3677725969433374,1.5500000000000007,0.015275553813333502
2010,34,midge,24.55,22.511488095238096,22.090000000000003,21.01,168,1.0680659334426787,3.539999999999999,0.04744537228832105
2010,35,midge,24.72,22.249880952380952,22.01,21.01,168,0.9725169444794706,3.7099999999999973,0.043708860580460855
2010,36,midge,24.55,22.377559523809524,22.01,20.68,168,1.1039024391847745,3.870000000000001,0.04933077881036277
2010,37,midge,20.68,19.444285714285716,19.38,18.09,168,0.6472841201897255,2.59,0.033289169358078595
2010,38,midge,18.73,18.25123076923077,18.25,17.61,130,0.28068304114882164,1.120000000000001,0.015378855524747251
2011,22,midge,20.03,17.542439024390244,17.61,13.82,41,1.6613364808006308,6.210000000000001,0.09470384810748271
2011,23,midge,23.01,18.524166666666666,17.93,15.07,168,2.405724813075574,7.940000000000001,0.12986952969952265
2011,24,midge,20.2,18.3775,18.09,17.29,168,0.7656023811274522,2.91,0.04165976771200937
2011,25,midge,21.18,19.667142857142856,19.71,17.93,168,0.7431871347071227,3.25,0.037788261371031154
2011,26,midge,22.18,20.223869047619047,20.439999999999998,17.93,168,1.2138087359297784,4.25,0.06001862121791576
2011,27,midge,24.56,22.76125,22.68,20.68,168,0.8888694208405357,3.879999999999999,0.03905187196839082
2011,28,midge,25.42,23.899285714285714,23.69,22.34,168,0.7739219439733948,3.080000000000002,0.03238263909748506
2011,29,midge,26.82,25.048630952380954,24.9,23.18,168,0.7491039961981552,3.6400000000000006,0.02990598558548967
2011,30,midge,26.82,25.051607142857144,24.73,23.86,168,0.7898891988978582,2.960000000000001,0.031530480036410596
2011,31,midge,25.25,24.54047619047619,24.56,23.86,168,0.3353000435284655,1.3900000000000006,0.013663143328025177
2011,32,midge,25.59,24.486964285714286,24.56,23.35,168,0.594562949159514,2.2399999999999984,0.02428079455755087
2011,33,midge,24.38,23.13904761904762,23.35,21.68,168,0.7158046752069934,2.6999999999999993,0.03093492381327556
2011,34,midge,24.73,23.125654761904762,23.01,22.01,168,0.6611155876370708,2.719999999999999,0.0285879727274203
2011,35,midge,23.18,21.620416666666667,21.51,20.36,168,0.636564839909637,2.8200000000000003,0.02944276466655994
2011,36,midge,23.69,22.07940476190476,22.01,20.68,168,0.9445403801836889,3.0100000000000016,0.04277925018220485
2011,37,midge,22.34,21.004761904761907,21.01,19.07,168,0.8125548916554723,3.2699999999999996,0.03868431812460875
2011,38,midge,19.55,18.883953488372093,18.9,18.09,129,0.332951804424856,1.4600000000000009,0.017631467088174785
2012,21,midge,20.03,18.970338983050848,18.9,17.28,59,0.5542561529737788,2.75,0.029216987291001074
2012,22,midge,21.34,19.49125,19.54,16.65,168,0.956726697157497,4.690000000000001,0.04908493283691385
2012,23,midge,19.06,17.13529761904762,16.97,14.91,168,0.9785929809015322,4.149999999999999,0.05710977437670688
2012,24,midge,21.01,19.52077380952381,19.71,17.61,168,0.6918421101795819,3.400000000000002,0.03544132609343823
2012,25,midge,24.89,22.289880952380955,22.255000000000003,20.03,168,1.4919709217179071,4.859999999999999,0.06693489861634
2012,26,midge,23.34,21.63791666666667,21.84,20.03,168,0.9879343078397401,3.3099999999999987,0.0456575521136773
2012,27,midge,24.38,23.001488095238095,23.01,21.84,168,0.6661855308651443,2.539999999999999,0.028962714416858187
2012,28,midge,26.28,24.17238095238095,23.86,22.51,168,1.105497551350613,3.7699999999999996,0.04573391233277426
2012,29,midge,26.28,25.33922619047619,25.42,23.86,168,0.5504141032517742,2.4200000000000017,0.02172181972386547
2012,30,midge,26.46,24.468630952380952,24.38,23.17,168,0.9127932557041426,3.289999999999999,0.03730463128405319
2012,31,midge,25.93,24.413630952380952,24.295,23.01,168,0.8939721127850752,2.919999999999998,0.036617745001912144
2012,32,midge,26.46,25.236071428571428,25.24,24.38,168,0.44576924794372974,2.080000000000002,0.01766397155775383
2012,33,midge,26.11,25.127916666666668,25.07,24.38,168,0.3496411405222629,1.7300000000000004,0.013914450018296897
2012,34,midge,25.42,24.5125,24.55,23.86,168,0.3350641193441283,1.5600000000000023,0.013669112466869079
2012,35,midge,25.42,23.953511904761903,23.86,22.84,168,0.7179195990886661,2.580000000000002,0.029971371293824572
2012,36,midge,23.86,22.635833333333334,22.67,22.01,168,0.3902024910632119,1.8499999999999979,0.01723826489253228
2012,37,midge,22.84,21.52732142857143,21.590000000000003,20.51,168,0.5707506069610878,2.3299999999999983,0.0265128482823496
2012,38,midge,21.51,19.755535714285713,19.71,18.57,168,0.7486872814623202,2.9400000000000013,0.03789759449149871
2012,39,midge,19.54,18.578666666666667,18.41,17.93,105,0.3968483208274787,1.6099999999999994,0.021360430645945817
2013,21,midge,15.31,13.088557692307692,12.82,11.27,104,1.4865607784734516,4.040000000000001,0.11357712693944283
2013,22,midge,21.26,16.22404761904762,15.23,11.89,168,2.9773241287738106,9.370000000000001,0.1835130294661071
2013,23,midge,20.6,17.388630952380954,17.21,15.62,168,1.1047209123240282,4.980000000000002,0.0635312184926648
2013,24,midge,18.17,16.844940476190477,16.73,16.1,168,0.5097891979787528,2.0700000000000003,0.030263639025576588
2013,25,midge,22.59,19.366011904761905,19.14,17.21,168,1.5976746350175262,5.379999999999999,0.08249889770152802
2013,26,midge,23.61,22.232261904761906,22.26,20.93,168,0.634592332132323,2.6799999999999997,0.02854375928327834
2013,27,midge,26.92,24.867142857142856,25.43,22.09,168,1.5182491266611537,4.830000000000002,0.06105442572889112
2013,28,midge,26.22,25.09934523809524,24.99,24.3,168,0.4391174326053419,1.9199999999999982,0.017495174811925335
2013,29,midge,27.81,26.409940476190478,26.57,24.64,168,0.7507533119193385,3.169999999999998,0.02842692177198089
2013,30,midge,25.17,23.928690476190475,23.78,22.76,168,0.6501630928727834,2.41,0.027170859747620065
2013,31,midge,24.47,23.770833333333332,23.95,22.43,168,0.5138773784472713,2.039999999999999,0.021617979110840513
2013,32,midge,23.27,22.65511904761905,22.59,21.93,168,0.32286514508454556,1.3399999999999999,0.014251310902666708
2013,33,midge,22.93,21.80982142857143,21.76,21.09,168,0.4204509600862719,1.8399999999999999,0.019278056056684183
2013,34,midge,24.13,22.611964285714286,22.59,21.59,168,0.6393037557609257,2.539999999999999,0.028272809371312466
2013,35,midge,24.13,22.940416666666668,23.27,22.09,168,0.5546810640668484,2.039999999999999,0.024179206163801807
2013,36,midge,23.27,21.759107142857143,21.76,19.95,168,0.9673724089890225,3.3200000000000003,0.04445827683267701
2013,37,midge,21.93,20.477083333333333,20.11,18.98,168,0.8662067862853462,2.9499999999999993,0.04230127758845927
2013,38,midge,19.79,18.70875,18.82,17.53,168,0.48791157967488125,2.259999999999998,0.026079325431943946
2013,39,midge,17.37,16.996666666666666,17.05,16.73,33,0.19043809142780951,0.6400000000000006,0.011204437620777183
2014,22,midge,18.17,15.684651162790699,15.47,13.28,129,1.2288085225837342,4.890000000000002,0.07834465107511501
2014,23,midge,21.26,18.377916666666668,18.01,16.58,168,1.2000014242340185,4.680000000000003,0.06529583553997424
2014,24,midge,21.76,18.24732142857143,18.17,17.37,168,0.7482454312632517,4.390000000000001,0.0410057681173774
2014,25,midge,20.93,19.58154761904762,19.47,18.33,168,0.6893049420307893,2.6000000000000014,0.03520176011830033
2014,26,midge,25.34,21.91154761904762,21.26,19.63,168,1.69512544820258,5.710000000000001,0.07736219630278485
2014,27,midge,25.52,22.970178571428573,22.59,20.93,168,1.357253070014952,4.59,0.05908761509164624
2014,28,midge,25.52,23.710833333333333,23.61,22.26,168,0.8277886396515284,3.259999999999998,0.03491183241070657
2014,29,midge,25.69,24.14220238095238,24.13,23.27,168,0.5468258166608011,2.4200000000000017,0.022650204319893927
2014,30,midge,26.22,24.335535714285715,24.13,22.93,168,0.7972488314921852,3.289999999999999,0.03276068547873287
2014,31,midge,24.64,23.441190476190478,23.44,22.43,168,0.47859300965516594,2.210000000000001,0.020416753583452987
2014,32,midge,24.64,23.46904761904762,23.27,22.59,168,0.5747628910710753,2.0500000000000007,0.02449025202899986
2014,33,midge,23.61,21.851130952380952,21.76,20.93,168,0.5703737881406278,2.6799999999999997,0.026102712458390097
2014,34,midge,22.93,21.116607142857145,21.09,20.43,168,0.5148034103674134,2.5,0.024379077892801998
2014,35,midge,23.61,22.23565476190476,22.09,21.09,168,0.6300790178380037,2.5199999999999996,0.02833642744433533
2014,36,midge,24.47,23.15220238095238,23.27,21.93,168,0.6240541831182215,2.539999999999999,0.026954419836604356
2014,37,midge,21.93,20.116190476190475,19.79,18.66,168,1.0643936788713702,3.2699999999999996,0.0529122887423037
2014,38,midge,19.31,18.046726190476193,17.85,17.05,168,0.5398896505389345,2.259999999999998,0.02991621000067318
2014,39,midge,17.69,17.418484848484848,17.37,17.21,33,0.18540700519602174,0.4800000000000004,0.010644267099508912
2015,23,midge,18.86,17.118484848484847,17.09,15.98,132,0.6209970865052983,2.879999999999999,0.036276404833822815
2015,24,midge,20.16,18.865714285714287,18.69,17.89,168,0.5770631524801982,2.2699999999999996,0.030587930238992787
2015,25,midge,21.63,20.341369047619047,20.32,18.69,168,0.6648973858024947,2.9399999999999977,0.03268695357947506
2015,26,midge,21.97,20.65357142857143,20.64,19.51,168,0.6494366842452433,2.4599999999999973,0.03144428006029191
2015,27,midge,22.97,21.34404761904762,21.13,19.99,168,0.9056986836157368,2.9800000000000004,0.042433314420057947
2015,28,midge,24.52,23.25577380952381,23.31,22.13,168,0.7085791611199305,2.3900000000000006,0.03046895652337958
2015,29,midge,25.21,23.773035714285715,23.66,22.3,168,0.8354573195852611,2.91,0.03514306416841907
2015,30,midge,25.91,23.661488095238095,23.66,22.81,168,0.6974990737924035,3.1000000000000014,0.029478242069347113
2015,31,midge,25.91,25.134166666666665,25.125,24.34,168,0.39496595270024853,1.5700000000000003,0.015714304672931875
2015,32,midge,24.69,23.703869047619047,23.66,23.14,168,0.35247954133561515,1.5500000000000007,0.014870126924322517
2015,33,midge,26.61,24.465892857142858,24.17,22.97,168,0.916216073119919,3.6400000000000006,0.0374487078182568
2015,34,midge,26.26,24.911607142857143,24.87,24,168,0.5213838453578811,2.2600000000000016,0.02092935403035113
2015,35,midge,24.69,23.868928571428572,23.83,23.31,168,0.31488812900705526,1.3800000000000026,0.01319238641419291
2015,36,midge,25.56,24.116666666666667,24.17,22.97,168,0.5593748292520844,2.59,0.02319453334839327
2015,37,midge,25.04,22.944345238095238,22.63,21.47,168,1.0583761371845173,3.5700000000000003,0.0461279729799071
2015,38,midge,23.48,21.98922619047619,22.3,20.48,168,0.8535428084033146,3,0.038816409500257665
2015,39,midge,20.81,20.552222222222223,20.48,20.48,9,0.11893041849940805,0.3299999999999983,0.005786742533895618
2016,22,midge,21.13,20.471481481481483,20.48,19.99,54,0.23632730267621777,1.1400000000000006,0.011544220817140157
2016,23,midge,21.97,19.88577380952381,20.16,17.73,168,0.8724708508925995,4.239999999999998,0.04387412123106574
2016,24,midge,17.57,16.199166666666667,16.13,15.03,168,0.5947569489659731,2.540000000000001,0.03671528055759904
2016,25,midge,22.63,19.827738095238097,20.48,15.82,168,2.0488064883740327,6.809999999999999,0.10333031829112578
2016,26,midge,24,22.406607142857144,22.81,20.32,168,1.0857822756558122,3.6799999999999997,0.048458129726344654
2016,27,midge,24.87,22.91934523809524,22.81,21.8,168,0.7562348745503417,3.0700000000000003,0.032995483365439726
2016,28,midge,24.52,22.881369047619046,22.81,21.47,168,0.9422434215124662,3.0500000000000007,0.041179503706772855
2016,29,midge,25.21,24.243035714285714,24.34,23.14,168,0.47337716340843145,2.0700000000000003,0.01952631547415838
2016,30,midge,25.56,24.469761904761906,24.34,23.66,168,0.4783641691227948,1.8999999999999986,0.019549195900827435
2016,31,midge,25.56,24.272321428571427,24.17,23.14,168,0.5958217524861539,2.419999999999998,0.024547374021868396
2016,32,midge,26.08,25.048214285714288,24.87,24.17,168,0.5114056259816799,1.9099999999999966,0.02041684968630076
2016,33,midge,26.43,25.008928571428573,25.04,23.66,168,0.7416174552673556,2.7699999999999996,0.029654107458030637
2016,34,midge,24.69,23.842440476190475,23.83,22.81,168,0.4246386234288594,1.8800000000000026,0.017810199583088476
2016,35,midge,24.52,23.788809523809523,23.83,23.14,168,0.32984084262813834,1.379999999999999,0.013865378269476255
2016,36,midge,23.48,22.55690476190476,22.47,21.8,168,0.37424567226719063,1.6799999999999997,0.016591180226962505
2016,37,midge,24,22.523214285714285,22.47,21.47,168,0.6341152744979279,2.530000000000001,0.028153853462208805
2016,38,midge,22.47,21.6575,21.47,21.13,168,0.3661005882521397,1.3399999999999999,0.016904101962467492
2016,39,midge,22.3,20.189699248120302,19.83,18.86,133,0.93375986453726,3.4400000000000013,0.04624932016380555
2006,28,newbury,NA,NaN,NA,NA,0,NA,NA,NA
2006,29,newbury,NA,NaN,NA,NA,0,NA,NA,NA
2006,30,newbury,NA,NaN,NA,NA,0,NA,NA,NA
2006,31,newbury,NA,NaN,NA,NA,0,NA,NA,NA
2006,32,newbury,NA,NaN,NA,NA,0,NA,NA,NA
2006,33,newbury,NA,NaN,NA,NA,0,NA,NA,NA
2006,34,newbury,NA,NaN,NA,NA,0,NA,NA,NA
2006,35,newbury,NA,NaN,NA,NA,0,NA,NA,NA
2006,36,newbury,NA,NaN,NA,NA,0,NA,NA,NA
2006,37,newbury,NA,NaN,NA,NA,0,NA,NA,NA
2006,38,newbury,NA,NaN,NA,NA,0,NA,NA,NA
2007,26,newbury,22.66,21.812916666666666,21.83,20.67,48,0.511435020449171,1.9899999999999984,0.023446429850012614
2007,27,newbury,22.33,20.834642857142857,20.83,18.72,168,0.71607203068010294,3.6099999999999994,0.03436929711682617
2007,28,newbury,22.66,21.01970238095238,20.99,18.88,168,0.8704905531411978,3.780000000000001,0.04141307699627652
2007,29,newbury,23.51,21.989642857142858,21.99,20.67,168,0.6675443360163252,2.84,0.030357215910829946
2007,30,newbury,24.37,22.50642857142857,22.49,20.99,168,0.9491750504014183,3.3800000000000026,0.04217350822184092
2007,31,newbury,27.35,25.31136904761905,25.42,23.51,168,0.9719237825242334,3.84,0.038398704577999064
2007,32,newbury,25.24,24.031845238095237,24.02,21.99,168,0.6336583637995452,3.25,0.026367445259470594
2007,33,newbury,24.54,23.307261904761905,23.51,21.49,168,0.7943729515063904,3.0500000000000007,0.034082637194894704
2007,34,newbury,22.99,21.375595238095237,21.33,20.34,168,0.7716377344781687,2.6499999999999986,0.03609900570642209
2007,35,newbury,24.19,22.810714285714283,22.83,21.49,168,0.6523367223418096,2.700000000000003,0.02859782092621054
2007,36,newbury,22.66,21.376964285714283,21.33,19.86,168,0.6678096818495081,2.8000000000000007,0.031239687400132363
2007,37,newbury,20.34,19.31047619047619,19.37,17.75,168,0.6786308949976275,2.59,0.03514314656478146
2007,38,newbury,19.21,18.173086419753087,18.07,17.43,81,0.39057855155944177,1.7800000000000011,0.021492141870568866
2008,25,newbury,21.33,19.987032258064517,19.86,19.04,155,0.5339173706604043,2.289999999999999,0.026713189020094535
2008,26,newbury,21.99,20.00952380952381,20.18,16.47,168,1.0957909726390052,5.52,0.05476347078871754
2008,27,newbury,24.72,22.12160714285714,21.99,20.5,168,0.7712648685333101,4.219999999999999,0.03486477558129606
2008,28,newbury,24.72,22.745535714285715,23.16,18.88,168,1.1444878356288815,5.84,0.050317031438836
2008,29,newbury,25.59,24.175416666666667,24.19,22.33,168,0.817686860232697,3.2600000000000016,0.03382307206974152
2008,30,newbury,23.85,21.872083333333332,22.409999999999997,18.39,168,1.5079918256765799,5.460000000000001,0.06894596196871568
2008,31,newbury,24.54,23.39142857142857,23.33,22.66,168,0.463749733397972,1.879999999999999,0.01982562680948946
2008,32,newbury,23.33,21.441666666666666,21.33,19.21,168,0.9085631656346757,4.1199999999999974,0.04237371934557368
2008,33,newbury,23.33,21.856011904761903,22.16,19.69,168,0.8430370957245044,3.639999999999997,0.038572320485459964
2008,34,newbury,22.66,21.581369047619045,21.49,20.5,168,0.5001244463038217,2.16,0.023173898059956382
2008,35,newbury,22.33,21.22970238095238,21.16,20.34,168,0.4484563351600635,1.9899999999999984,0.021124004807642784
2008,36,newbury,22.83,21.335,21.33,20.34,168,0.5604596060911794,2.4899999999999984,0.026269491731482512
2008,37,newbury,21.33,19.975,20.02,18.56,168,0.6016713249221147,2.7699999999999996,0.030121217768316128
2008,38,newbury,20.18,19.64,19.69,19.21,24,0.29735062015127445,0.9699999999999989,0.015140051942529249
2009,21,newbury,16.31,14.800196078431373,14.89,11.94,153,0.8925963537758788,4.369999999999999,0.06030976542781603
2009,22,newbury,16.47,13.809583333333332,14.11,10.86,168,1.4425394915324634,5.609999999999999,0.10445930602775585
2009,23,newbury,18.56,16.533988095238094,16.63,13.95,168,1.1506848467864235,4.609999999999999,0.06959511765451366
2009,24,newbury,18.72,16.10904761904762,15.84,13.49,168,1.319185122316199,5.229999999999999,0.08189094436323917
2009,25,newbury,19.37,17.152916666666666,17.75,13.95,168,1.3434771911252728,5.420000000000002,0.07832354212599059
2009,26,newbury,21.66,19.433988095238096,20.02,16.63,168,1.4150970174230826,5.030000000000001,0.07281557498585807
2009,27,newbury,20.83,18.662142857142857,19.21,15.52,168,1.4163760549974826,5.309999999999999,0.07589568174671703
2009,28,newbury,20.99,19.49625,19.69,17.27,168,0.8920766914079158,3.719999999999999,0.045756321928982026
2009,29,newbury,22.66,21.012857142857143,20.99,19.37,168,0.7206568384958469,3.289999999999999,0.03429599476151287
2009,30,newbury,22.66,20.176785714285714,20.18,18.23,168,1.0387759502244724,4.43,0.05148371821627618
2009,31,newbury,23.51,21.363035714285715,21.33,19.21,168,1.0353493199329942,4.300000000000001,0.0484645222607873
2009,32,newbury,24.54,22.843273809523808,22.744999999999997,21.83,168,0.5671174059437104,2.710000000000001,0.024826450476081414
2009,33,newbury,26.29,24.18267857142857,24.54,21.83,168,1.3672930874845297,4.460000000000001,0.05654018364615587
2009,34,newbury,25.42,24.093392857142856,24.02,22.66,168,0.6144408200842454,2.7600000000000016,0.0255024613481154
2009,35,newbury,24.02,21.462738095238095,21.16,18.56,168,1.3474063363316833,5.460000000000001,0.06277886494969764
2009,36,newbury,22.66,21.504583333333333,21.49,20.34,168,0.6004268483334173,2.3200000000000003,0.027920878029881257
2009,37,newbury,20.83,19.755178571428573,19.69,19.04,168,0.35807866063581206,1.7899999999999991,0.018125812396031307
2009,38,newbury,19.21,18.197169811320755,18.07,16.95,106,0.6630948430575281,2.2600000000000016,0.03643944909746383
2010,21,newbury,21.16,20.976,20.99,20.83,10,0.12139924949429437,0.33000000000000185,0.005787530963686803
2010,22,newbury,21.66,20.10440476190476,20.34,15.99,168,1.1320564205808763,5.67,0.05630887529313856
2010,23,newbury,22.33,19.002440476190475,18.39,13.49,168,1.8107167658185908,8.839999999999998,0.09528864295548606
2010,24,newbury,18.72,17.376964285714287,17.189999999999998,16.79,168,0.5220959130556637,1.9299999999999997,0.03004528895100982
2010,25,newbury,22.83,20.259047619047617,20.67,17.43,168,1.4539581483385429,5.399999999999999,0.07176833658120864
2010,26,newbury,23.51,21.982678571428572,22.16,17.59,168,0.9512434177315432,5.920000000000002,0.04327240716551702
2010,27,newbury,26.82,22.83095238095238,22.49,20.67,168,1.4166559418571218,6.149999999999999,0.06204979618103986
2010,28,newbury,25.93,23.583511904761906,23.68,21.49,168,0.9577932095148505,4.440000000000001,0.04061283210841283
2010,29,newbury,26.82,25.28202380952381,25.24,23.85,168,0.6477464939216545,2.969999999999999,0.025620832366973982
2010,30,newbury,25.59,24.313630952380954,24.19,23.16,168,0.5856675658757687,2.4299999999999997,0.024088033869676558
2010,31,newbury,25.42,23.612916666666667,23.51,22.49,168,0.648924817034819,2.9300000000000033,0.02748177305647625
2010,32,newbury,25.93,24.29357142857143,24.19,22.83,168,0.7253000912810632,3.1000000000000014,0.02985563869905291
2010,33,newbury,25.24,23.44690476190476,23.33,22.49,168,0.6205251324299355,2.75,0.026465119329444734
2010,34,newbury,24.72,22.23970238095238,21.83,20.67,168,1.1393865486741923,4.049999999999997,0.051232095158343566
2010,35,newbury,25.07,22.31357142857143,22.16,20.5,168,1.1532693884312366,4.57,0.051684661602603515
2010,36,newbury,24.54,22.152797619047618,21.99,20.5,168,1.031997032439705,4.039999999999999,0.04658540425396944
2010,37,newbury,20.34,19.15422619047619,19.21,17.59,168,0.6433803849893107,2.75,0.03358947412395132
2010,38,newbury,18.39,17.764769230769232,17.75,17.11,130,0.32823279549454465,1.2800000000000011,0.018476614654021704
2011,22,newbury,16.8,15.841219512195122,15.69,15.37,41,0.4450291851213317,1.4300000000000015,0.028093113966303714
2011,23,newbury,22,18.93934523809524,18.89,15.37,168,2.087201415379077,6.630000000000001,0.11020451811506185
2011,24,newbury,19.86,16.22952380952381,16.16,13.8,168,1.6326092445951346,6.059999999999999,0.10059501829850898
2011,25,newbury,21.83,18.341488095238095,19.37,13.96,168,2.3665499889410384,7.8699999999999974,0.129027152903447
2011,26,newbury,21,18.78875,19.86,13.96,168,2.118709127809543,7.039999999999999,0.1127647729524073
2011,27,newbury,24.9,22.516666666666666,22.585,20.34,168,1.3587717536962247,4.559999999999999,0.060345155604569566
2011,28,newbury,24.9,23.771488095238094,23.94,22,168,0.7308412344942425,2.8999999999999986,0.03074444610140518
2011,29,newbury,27.36,25.25922619047619,25.07,24.03,168,0.705617321796265,3.3299999999999983,0.027935033182541154
2011,30,newbury,27,25.087916666666665,24.72,23.34,168,1.0206853715736848,3.66,0.04068434159500496
2011,31,newbury,25.42,24.21779761904762,24.2,23.34,168,0.49374340058682226,2.080000000000002,0.020387626007679845
2011,32,newbury,24.72,23.595059523809525,23.51,22.5,168,0.5725674889214648,2.219999999999999,0.02426641426115891
2011,33,newbury,23.68,22.17886904761905,22.5,19.21,168,1.1488038171479489,4.469999999999999,0.05179722260325422
2011,34,newbury,24.03,22.256309523809524,22,21,168,0.8235395780139902,3.030000000000001,0.03700252178524826
2011,35,newbury,23.34,21.03202380952381,20.84,18.4,168,1.0132863233471607,4.940000000000001,0.04817826056702732
2011,36,newbury,22.33,20.049464285714286,19.86,17.27,168,1.4613418732702967,5.059999999999999,0.07288682891699691
2011,37,newbury,21.5,20.23827380952381,20.34,18.4,168,0.7129931822064121,3.1000000000000014,0.035229940503665326
2011,38,newbury,19.86,18.581746031746032,18.56,17.92,126,0.40358806595850605,1.9399999999999977,0.02171959864638097
2012,21,newbury,16.95,13.997796610169491,13.33,12.41,59,1.4744117094467972,4.539999999999999,0.10533169973162972
2012,22,newbury,19.04,16.31809523809524,17.27,11.16,168,2.4152008513893906,7.879999999999999,0.14800752270099568
2012,23,newbury,18.88,16.55035714285714,16.31,13.33,168,1.0226652350903722,5.549999999999999,0.061791127905160496
2012,24,newbury,21.16,18.32970238095238,18.15,15.36,168,1.350271396802968,5.800000000000001,0.07366575674497178
2012,25,newbury,24.72,20.608333333333334,21.409999999999997,15.68,168,2.88633465566815,9.04,0.14005667556820783
2012,26,newbury,24.19,22.27077380952381,22.16,20.34,168,1.0724793576025624,3.8500000000000014,0.048156358049127615
2012,27,newbury,24.54,23.492797619047618,23.51,22.16,168,0.5995286827428888,2.379999999999999,0.025519680221345785
2012,28,newbury,26.11,24.3775,24.19,22.99,168,0.7601258562667563,3.120000000000001,0.031181452415824276
2012,29,newbury,26.11,25.165178571428573,25.24,23.85,168,0.4901313195830995,2.259999999999998,0.01947656831410578
2012,30,newbury,25.07,23.571369047619047,23.33,22.33,168,0.6141679787338983,2.740000000000002,0.026055677016178048
2012,31,newbury,25.42,23.593809523809522,23.33,22.33,168,0.9497890150356592,3.0900000000000034,0.04025585669313751
2012,32,newbury,25.76,24.17214285714286,24.02,22.83,168,0.6994027759043328,2.9300000000000033,0.02893424799107786
2012,33,newbury,25.42,24.52577380952381,24.54,23.51,168,0.42710345550599443,1.9100000000000001,0.01741447421080522
2012,34,newbury,25.42,24.249880952380952,24.19,23.51,168,0.4334059347836323,1.9100000000000001,0.017872497421109145
2012,35,newbury,24.54,23.27184523809524,23.16,22.16,168,0.5487194017832401,2.379999999999999,0.02357868042560736
2012,36,newbury,23.16,22.020119047619048,21.83,21.33,168,0.469210048459254,1.8300000000000018,0.02130824304103787
2012,37,newbury,21.83,20.5275,20.34,19.37,168,0.6210149602371288,2.4599999999999973,0.030252829630355804
2012,38,newbury,21.16,18.881607142857142,19.04,17.75,168,0.7121186491643063,3.41,0.037714938340600884
2012,39,newbury,18.56,17.725809523809524,17.75,17.11,105,0.3226267817355534,1.4499999999999993,0.018200961784125978
2013,21,newbury,13.33,12.180961538461538,12.09,11.32,104,0.5326878523309041,2.01,0.043731182521916316
2013,22,newbury,19.53,14.700059523809523,14.26,12.09,168,2.2009155680654957,7.440000000000001,0.14972154122918327
2013,23,newbury,18.72,16.357440476190476,16.47,12.25,168,1.6630067989043724,6.469999999999999,0.10166668809371539
2013,24,newbury,18.56,15.938690476190477,15.754999999999999,13.18,168,1.1399257038106276,5.379999999999999,0.07151940779033703
2013,25,newbury,23.33,19.643630952380953,19.775,16.95,168,1.762452165434114,6.379999999999999,0.08972130303743524
2013,26,newbury,23.68,20.22755952380952,21.16,15.52,168,2.5077989722181586,8.16,0.12397931491766323
2013,27,newbury,26.64,23.730416666666667,24.72,17.27,168,2.5690920491655858,9.370000000000001,0.10826156511504935
2013,28,newbury,26.11,23.145,23.33,19.37,168,1.537857207421795,6.739999999999998,0.06644446780824347
2013,29,newbury,28.62,26.793511904761907,26.99,24.19,168,0.9409952304924423,4.43,0.03512026470577016
2013,30,newbury,24.72,23.545357142857142,23.51,22.16,168,0.6272932947778299,2.5599999999999987,0.026641910376293838
2013,31,newbury,24.72,23.293214285714285,23.33,21.99,168,0.5696299055139,2.7300000000000004,0.024454757446818052
2013,32,newbury,23.33,22.069940476190474,21.99,21.49,168,0.4591106959832659,1.8399999999999999,0.020802534400967885
2013,33,newbury,22.83,21.832916666666666,21.83,20.83,168,0.5014032454730007,2,0.022965472416175917
2013,34,newbury,24.54,23.103630952380954,23.16,21.66,168,0.5931378303082689,2.879999999999999,0.025672926975452006
2013,35,newbury,24.37,22.671011904761905,22.66,21.49,168,0.5920558315242402,2.8800000000000026,0.026115103904995197
2013,36,newbury,22.66,21.228511904761906,21.33,19.37,168,0.8945782399557554,3.289999999999999,0.0421404121009107
2013,37,newbury,22.49,19.98297619047619,19.86,18.23,168,0.8765491398885131,4.259999999999998,0.04386479428956499
2013,38,newbury,18.72,18.15969696969697,18.07,17.75,33,0.32623309198030487,0.9699999999999989,0.01796467708270072
2013,39,newbury,NA,NaN,NA,NA,0,NA,NA,NA
2014,22,newbury,NA,NaN,NA,NA,0,NA,NA,NA
2014,23,newbury,21.16,17.66031007751938,17.27,13.95,129,2.112022482266885,7.210000000000001,0.1195914722332863
2014,24,newbury,21.66,16.69107142857143,16.71,13.18,168,2.0057002706550477,8.48,0.12016605879606576
2014,25,newbury,20.83,19.318630952380953,19.37,17.43,168,0.5252463643166226,3.3999999999999986,0.027188591448913613
2014,26,newbury,22.99,20.168095238095237,20.18,16.95,168,1.4279380688951262,6.039999999999999,0.07080183091350707
2014,27,newbury,23.85,21.55857142857143,21.66,18.72,168,1.31713638107996,5.130000000000003,0.06109571709999151
2014,28,newbury,23.68,22.036369047619047,22.33,19.37,168,0.8413557818254196,4.309999999999999,0.038180327258420334
2014,29,newbury,25.07,23.221607142857142,23.16,21.66,168,0.5717452327795657,3.41,0.024621260245350066
2014,30,newbury,25.24,22.924880952380953,23.68,19.69,168,1.5337777665750039,5.549999999999997,0.06690450300531255
2014,31,newbury,24.19,22.63547619047619,22.49,21.83,168,0.5539383323768259,2.360000000000003,0.024472130725921897
2014,32,newbury,24.54,23.236488095238094,23.16,22.33,168,0.49911435321174574,2.210000000000001,0.021479767130301863
2014,33,newbury,22.49,20.48970238095238,20.67,18.23,168,0.9217689486660067,4.259999999999998,0.044986936927053696
2014,34,newbury,23.33,20.613333333333333,20.5,17.75,168,1.263963761829256,5.579999999999998,0.061317776285377885
2014,35,newbury,23.68,22.181964285714283,22.16,20.99,168,0.7232910967880776,2.6900000000000013,0.03260717073888242
2014,36,newbury,22.99,22.138869047619046,22.16,20.99,168,0.4785662539246731,2,0.021616562837754403
2014,37,newbury,21.33,19.434940476190476,19.04,17.75,168,0.9976133177564548,3.5799999999999983,0.0513309170655099
2014,38,newbury,19.04,17.701607142857142,17.509999999999998,16.47,168,0.6123463564911248,2.5700000000000003,0.03459269836627323
2014,39,newbury,17.27,16.93060606060606,16.95,16.47,33,0.24902233074991753,0.8000000000000007,0.014708412082739309
2015,23,newbury,17.91,15.107954545454545,15.04,13.49,132,0.9418689708358885,4.42,0.06234258701283053
2015,24,newbury,20.67,18.145654761904762,18.07,14.57,168,1.1364914176413292,6.100000000000001,0.06263160148000253
2015,25,newbury,21.33,19.65779761904762,19.69,17.75,168,0.8563824664579327,3.5799999999999983,0.043564517401895125
2015,26,newbury,21.99,19.21113095238095,19.86,14.89,168,2.1307428705391875,7.099999999999998,0.11091189143526772
2015,27,newbury,22.66,20.49922619047619,20.67,16.95,168,1.1171617142727803,5.710000000000001,0.05449775049517755
2015,28,newbury,23.68,22.117083333333333,21.99,21.16,168,0.7487389431504284,2.5199999999999996,0.03385342144196658
2015,29,newbury,24.54,22.921011904761905,22.575,21.49,168,1.0095375356001248,3.0500000000000007,0.04404419577088525
2015,30,newbury,25.93,23.49440476190476,23.51,22.33,168,0.8468445851243513,3.6000000000000014,0.036044521821530714
2015,31,newbury,25.76,24.50761904761905,24.54,23.51,168,0.5378079684167022,2.25,0.02194452130872954
2015,32,newbury,24.54,23.64934523809524,23.68,22.66,168,0.4719765292562819,1.879999999999999,0.019957276808492977
2015,33,newbury,26.11,24.34547619047619,24.19,22.99,168,0.8764905590070635,3.120000000000001,0.0360021940893455
2015,34,newbury,24.19,23.611130952380954,23.68,22.66,168,0.3633220402129178,1.5300000000000011,0.015387744066375622
2015,35,newbury,24.72,23.646130952380954,23.595,22.83,168,0.49128930413105765,1.8900000000000006,0.020776731090613756
2015,36,newbury,25.24,24.22357142857143,24.19,23.16,168,0.4565337848000026,2.0799999999999983,0.018846675278506874
2015,37,newbury,24.19,22.378095238095238,22.49,19.21,168,1.195666803356122,4.98,0.05343023124330459
2015,38,newbury,23.33,21.32297619047619,21.16,20.02,168,0.8541372083495697,3.3099999999999987,0.040057129019872295
2015,39,newbury,20.5,20.393333333333334,20.34,20.18,9,0.1131370849898477,0.3200000000000003,0.005547748528433199
2016,22,newbury,18.07,15.44574074074074,16.075,11.63,54,2.1584424868993546,6.4399999999999995,0.13974353986184032
2016,23,newbury,19.53,17.23113095238095,18.07,11.63,168,2.0592567188783906,7.9,0.11950792577511275
2016,24,newbury,19.37,16.91315476190476,16.95,15.68,168,0.7490745906599676,3.6900000000000013,0.04428946587464483
2016,25,newbury,21.16,19.379166666666666,19.69,16.63,168,1.1425134686068712,4.530000000000001,0.05895575843165966
2016,26,newbury,22.83,20.654880952380953,20.67,17.43,168,1.1140281272829378,5.399999999999999,0.05393534486358394
2016,27,newbury,25.24,22.351011904761904,22.16,20.83,168,1.0550112181944376,4.41,0.047201944264978285
2016,28,newbury,23.16,21.152738095238096,21.16,19.21,168,1.1733215569081352,3.9499999999999993,0.055469015482788646
2016,29,newbury,24.37,23.449940476190477,23.51,21.49,168,0.5759277826316059,2.8800000000000026,0.02455988249592211
2016,30,newbury,26.11,24.483392857142857,24.37,23.16,168,0.628860608639446,2.9499999999999993,0.025685190459866367
2016,31,newbury,26.29,24.45440476190476,24.37,23.16,168,0.748021504046582,3.129999999999999,0.03058841592463763
2016,32,newbury,25.76,24.43470238095238,24.37,23.51,168,0.5553958782266782,2.25,0.022729799183460766
2016,33,newbury,26.46,24.45922619047619,24.37,22.99,168,0.807447369133574,3.4700000000000024,0.03301197522953419
2016,34,newbury,25.07,23.335714285714285,23.244999999999997,21.99,168,0.6551368385001461,3.080000000000002,0.028074428340991876
2016,35,newbury,24.89,23.287857142857142,23.16,22.49,168,0.48906625300557616,2.400000000000002,0.02100091262177734
2016,36,newbury,23.33,22.403392857142855,22.33,21.66,168,0.36058307796725386,1.6699999999999982,0.016095020975909435
2016,37,newbury,23.68,22.117797619047618,22.16,20.99,168,0.5514590615097763,2.6900000000000013,0.024932819759362727
2016,38,newbury,22.83,21.313988095238095,21.16,20.67,168,0.480240882523187,2.1599999999999966,0.02253172331603586
2016,39,newbury,21.33,19.603684210526314,19.37,18.39,133,0.7780808496630924,2.9399999999999977,0.03969054190565349
