site,date,year,month,dayofmonth,dayofyr,coloniesperL,filbundperL,totalperL,totalperL_diff,week
Coffin,2007-06-21T00:00:00Z,2007,6,21,172,0,0,0,"NA",24
Coffin,2007-06-28T00:00:00Z,2007,6,28,179,0.0424416242,0,0.0424416242,4.24416242E-2,25
Coffin,2007-07-05T00:00:00Z,2007,7,5,186,0,0,0,-4.24416242E-2,26
Coffin,2007-07-12T00:00:00Z,2007,7,12,193,0.007073604,0,0.007073604,7.0736039999999998E-3,27
Coffin,2007-07-19T00:00:00Z,2007,7,19,200,0.0282944161,0,0.0282944161,2.12208121E-2,28
Coffin,2007-07-26T00:00:00Z,2007,7,26,207,0.205134517,0,0.205134517,0.17684010089999999,29
Coffin,2007-08-02T00:00:00Z,2007,8,2,214,0.9266421283,0.63662436300000003,1.5632664913,1.3581319743,30
Coffin,2007-08-09T00:00:00Z,2007,8,9,221,0.1697664968,2.12208121E-2,0.1909873089,-1.3722791824,31
Coffin,2007-08-16T00:00:00Z,2007,8,16,228,1.3934999945,5.2556877966000002,6.6491877911,6.4582004822000005,32
Coffin,2007-08-23T00:00:00Z,2007,8,23,235,0.7285812154,"NA",0.7285812154,-5.9206065756999999,33
Coffin,2007-08-30T00:00:00Z,2007,8,30,242,0.1414720807,0,0.1414720807,-0.58710913469999992,34
Coffin,2007-09-06T00:00:00Z,2007,9,6,249,0.0424416242,0,0.0424416242,-9.9030456500000003E-2,35
Coffin,2007-09-13T00:00:00Z,2007,9,13,256,4.7463883062,0,4.7463883062,4.7039466819999998,36
Coffin,2007-09-20T00:00:00Z,2007,9,20,263,0.0778096444,0,0.0778096444,-4.6685786617999998,37
Coffin,2008-06-12T00:00:00Z,2008,6,12,164,0.0565888323,0,0.0565888323,-2.12208121E-2,23
Coffin,2008-06-19T00:00:00Z,2008,6,19,171,0.0353680202,0,0.0353680202,-2.12208121E-2,24
Coffin,2008-06-26T00:00:00Z,2008,6,26,178,0.0636624363,0,0.0636624363,2.8294416099999997E-2,25
Coffin,2008-07-03T00:00:00Z,2008,7,3,185,0.0212208121,0,0.0212208121,-4.24416242E-2,26
Coffin,2008-07-10T00:00:00Z,2008,7,10,192,0.0990304565,0,0.0990304565,7.7809644400000003E-2,27
Coffin,2008-07-17T00:00:00Z,2008,7,17,199,0.1414720807,0,0.1414720807,4.24416242E-2,28
Coffin,2008-07-24T00:00:00Z,2008,7,24,206,1.0044517727,7.0736039999999998E-3,1.0115253767,0.87005329600000003,29
Coffin,2008-07-31T00:00:00Z,2008,7,31,213,0.6224771549,0,0.6224771549,-0.38904822179999998,30
Coffin,2008-08-07T00:00:00Z,2008,8,7,220,1.1954390816,7.0736039999999998E-3,1.2025126856,0.58003553069999991,31
Coffin,2008-08-14T00:00:00Z,2008,8,14,227,0.2475761412,1.4147208099999999E-2,0.2617233492,-0.94078933639999995,32
Coffin,2008-08-21T00:00:00Z,2008,8,21,234,0.0282944161,7.0736039999999998E-3,0.0353680202,-0.22635532899999999,33
Coffin,2008-08-26T00:00:00Z,2008,8,26,239,0.007073604,0,0.007073604,-2.8294416200000002E-2,34
Coffin,2008-09-04T00:00:00Z,2008,9,4,248,0.4527106581,0,0.4527106581,0.44563705409999999,35
Coffin,2008-09-10T00:00:00Z,2008,9,10,254,0.0141472081,0,0.0141472081,-0.43856345000000002,36
Coffin,2008-09-17T00:00:00Z,2008,9,17,261,0.0565888323,0,0.0565888323,4.24416242E-2,37
Coffin,2008-09-24T00:00:00Z,2008,9,24,268,0.0565888323,0,0.0565888323,0,38
Coffin,2009-05-15T00:00:00Z,2009,5,15,135,0,0,0,-5.6588832300000003E-2,19
Coffin,2009-05-29T00:00:00Z,2009,5,29,149,0.0141472081,0,0.0141472081,1.4147208099999999E-2,21
Coffin,2009-06-04T00:00:00Z,2009,6,4,155,0.007073604,0,0.007073604,-7.0736040999999994E-3,22
Coffin,2009-06-17T00:00:00Z,2009,6,17,168,0.0282944161,0,0.0282944161,2.12208121E-2,24
Coffin,2009-06-25T00:00:00Z,2009,6,25,176,0,0,0,-2.8294416100000001E-2,25
Coffin,2009-07-02T00:00:00Z,2009,7,2,183,0.0636624363,1.4147208099999999E-2,0.0778096444,7.7809644400000003E-2,26
Coffin,2009-07-09T00:00:00Z,2009,7,9,190,0.1131776645,2.12208121E-2,0.1343984766,5.6588832200000008E-2,27
Coffin,2009-07-16T00:00:00Z,2009,7,16,197,0.0424416242,0,0.0424416242,-9.1956852399999997E-2,28
Coffin,2009-07-23T00:00:00Z,2009,7,23,204,0.0282944161,0,0.0282944161,-1.4147208099999999E-2,29
Coffin,2009-07-30T00:00:00Z,2009,7,30,211,0.0565888323,0,0.0565888323,2.8294416200000002E-2,30
Coffin,2009-08-06T00:00:00Z,2009,8,6,218,0.0424416242,7.0736039999999998E-3,0.0495152282,-7.0736041000000055E-3,31
Coffin,2009-08-13T00:00:00Z,2009,8,13,225,0.1909873089,0,0.1909873089,0.1414720807,32
Coffin,2009-08-20T00:00:00Z,2009,8,20,232,0.1839137049,7.0736039999999998E-3,0.1909873089,0,33
Coffin,2009-08-27T00:00:00Z,2009,8,27,239,0.1909873089,0,0.1909873089,0,34
Coffin,2009-09-01T00:00:00Z,2009,9,1,244,0.0353680202,0,0.0353680202,-0.15561928870000002,35
Coffin,2009-09-08T00:00:00Z,2009,9,8,251,0.3536802017,7.0736039999999998E-3,0.3607538057,0.32538578549999997,36
Coffin,2009-09-15T00:00:00Z,2009,9,15,258,0.2334289331,0,0.2334289331,-0.12732487259999997,37
Coffin,2009-09-21T00:00:00Z,2009,9,21,264,0.0212208121,0,0.0212208121,-0.21220812100000003,38
Coffin,2009-10-05T00:00:00Z,2009,10,5,278,0.1414720807,0,0.1414720807,0.1202512686,40
Coffin,2010-04-15T00:00:00Z,2010,4,15,105,0.0424416242,0,0.0424416242,-9.9030456500000003E-2,15
Coffin,2010-04-30T00:00:00Z,2010,4,30,120,0.0141472081,0,0.0141472081,-2.8294416100000001E-2,17
Coffin,2010-05-25T00:00:00Z,2010,5,25,145,0.0495152282,0,0.0495152282,3.5368020099999994E-2,21
Coffin,2010-06-04T00:00:00Z,2010,6,4,155,0.007073604,0,0.007073604,-4.24416242E-2,22
Coffin,2010-06-10T00:00:00Z,2010,6,10,161,0.0282944161,7.0736039999999998E-3,0.0353680202,2.8294416200000002E-2,23
Coffin,2010-06-15T00:00:00Z,2010,6,15,166,0,0,0,-3.5368020200000003E-2,24
Coffin,2010-06-24T00:00:00Z,2010,6,24,175,0.0495152282,7.0736039999999998E-3,0.0565888323,5.6588832300000003E-2,25
Coffin,2010-07-01T00:00:00Z,2010,7,1,182,0.1131776645,0,0.1131776645,5.6588832199999994E-2,26
Coffin,2010-07-08T00:00:00Z,2010,7,8,189,2.1079340019,0.38197461780000003,2.4899086196,2.3767309551000002,27
Coffin,2010-07-15T00:00:00Z,2010,7,15,196,1.3156903502,0.44563705409999999,1.7613274042,-0.72858121539999998,28
Coffin,2010-07-22T00:00:00Z,2010,7,22,203,0.1980609129,4.9515228199999997E-2,0.2475761412,-1.5137512630000001,29
Coffin,2010-07-29T00:00:00Z,2010,7,29,210,0.0495152282,0,0.0495152282,-0.19806091300000001,30
Coffin,2010-08-05T00:00:00Z,2010,8,5,217,0.1202512686,8.48832484E-2,0.205134517,0.15561928879999998,31
Coffin,2010-08-12T00:00:00Z,2010,8,12,224,0.2758705573,2.12208121E-2,0.2970913694,9.1956852400000039E-2,32
Coffin,2010-08-19T00:00:00Z,2010,8,19,231,0.0424416242,0,0.0424416242,-0.25464974520000005,33
Coffin,2010-08-26T00:00:00Z,2010,8,26,238,0.3678274097,7.0736039999999998E-3,0.3749010138,0.33245938959999999,34
Coffin,2010-09-02T00:00:00Z,2010,9,2,245,0.7002867993,0,0.7002867993,0.32538578550000002,35
Coffin,2010-09-09T00:00:00Z,2010,9,9,252,0,0,0,-0.70028679930000004,36
Coffin,2010-09-16T00:00:00Z,2010,9,16,259,0.0141472081,0,0.0141472081,1.4147208099999999E-2,37
Coffin,2010-09-22T00:00:00Z,2010,9,22,265,0.0424416242,0,0.0424416242,2.8294416100000001E-2,38
Coffin,2010-09-30T00:00:00Z,2010,9,30,273,0,0,0,-4.24416242E-2,39
Coffin,2010-10-07T00:00:00Z,2010,10,7,280,0.007073604,0,0.007073604,7.0736039999999998E-3,40
Coffin,2011-04-28T00:00:00Z,2011,4,28,118,0,0,0,-7.0736039999999998E-3,17
Coffin,2011-05-05T00:00:00Z,2011,5,5,125,0,0,0,0,18
Coffin,2011-05-12T00:00:00Z,2011,5,12,132,0,0,0,0,19
Coffin,2011-05-19T00:00:00Z,2011,5,19,139,0,0,0,0,20
Coffin,2011-05-26T00:00:00Z,2011,5,26,146,0,0,0,0,21
Coffin,2011-06-02T00:00:00Z,2011,6,2,153,0,0,0,0,22
Coffin,2011-06-10T00:00:00Z,2011,6,10,161,0,0,0,0,23
Coffin,2011-06-16T00:00:00Z,2011,6,16,167,0,0,0,0,24
Coffin,2011-06-23T00:00:00Z,2011,6,23,174,0.0141472081,0,0.0141472081,1.4147208099999999E-2,25
Coffin,2011-06-30T00:00:00Z,2011,6,30,181,0,0,0,-1.4147208099999999E-2,26
Coffin,2011-07-07T00:00:00Z,2011,7,7,188,0,0,0,0,27
Coffin,2011-07-14T00:00:00Z,2011,7,14,195,0.0282944161,0,0.0282944161,2.8294416100000001E-2,28
Coffin,2011-07-21T00:00:00Z,2011,7,21,202,0.0707360403,7.0736039999999998E-3,0.0778096444,4.9515228300000005E-2,29
Coffin,2011-07-28T00:00:00Z,2011,7,28,209,0.5517411146,0.1697664968,0.7215076114,0.64369796699999993,30
Coffin,2011-08-04T00:00:00Z,2011,8,4,216,0.7073604033,7.0736040299999997E-2,0.7780964436,5.6588832199999994E-2,31
Coffin,2011-08-11T00:00:00Z,2011,8,11,223,1.7825482163,0.89127410819999997,2.6738223245,1.8957258809000002,32
Coffin,2011-08-18T00:00:00Z,2011,8,18,230,0.5234466984,7.7809644400000003E-2,0.6012563428,-2.0725659817000004,33
Coffin,2011-08-25T00:00:00Z,2011,8,25,237,0.9903045646,0.1131776645,1.1034822292,0.50222588639999999,34
Coffin,2011-09-01T00:00:00Z,2011,9,1,244,2.2140380624,0,2.2140380624,1.1105558331999998,35
Coffin,2011-09-08T00:00:00Z,2011,9,8,251,1.5632664913,0,1.5632664913,-0.65077157109999972,36
Coffin,2011-09-15T00:00:00Z,2011,9,15,258,0.0282944161,0,0.0282944161,-1.5349720752,37
Coffin,2011-09-22T00:00:00Z,2011,9,22,265,0.0141472081,0,0.0141472081,-1.4147208000000001E-2,38
Coffin,2011-09-29T00:00:00Z,2011,9,29,272,0.0424416242,0,0.0424416242,2.8294416100000001E-2,39
Coffin,2011-10-06T00:00:00Z,2011,10,6,279,0,0,0,-4.24416242E-2,40
Coffin,2012-03-29T00:00:00Z,2012,3,29,89,0,0,0,0,13
Coffin,2012-04-13T00:00:00Z,2012,4,13,104,0,0,0,0,15
Coffin,2012-04-19T00:00:00Z,2012,4,19,110,0,0,0,0,16
Coffin,2012-05-03T00:00:00Z,2012,5,3,124,0,0,0,0,18
Coffin,2012-05-10T00:00:00Z,2012,5,10,131,0,0,0,0,19
Coffin,2012-05-17T00:00:00Z,2012,5,17,138,0,0,0,0,20
Coffin,2012-05-24T00:00:00Z,2012,5,24,145,0,0,0,0,21
Coffin,2012-05-31T00:00:00Z,2012,5,31,152,0,0,0,0,22
Coffin,2012-06-07T00:00:00Z,2012,6,7,159,0,0,0,0,23
Coffin,2012-06-14T00:00:00Z,2012,6,14,166,0.007073604,0,0.007073604,7.0736039999999998E-3,24
Coffin,2012-06-21T00:00:00Z,2012,6,21,173,0.0141472081,0,0.0141472081,7.0736040999999994E-3,25
Coffin,2012-06-28T00:00:00Z,2012,6,28,180,0,0,0,-1.4147208099999999E-2,26
Coffin,2012-07-05T00:00:00Z,2012,7,5,187,0.0141472081,0,0.0141472081,1.4147208099999999E-2,27
Coffin,2012-07-12T00:00:00Z,2012,7,12,194,0.0424416242,0,0.0424416242,2.8294416100000001E-2,28
Coffin,2012-07-19T00:00:00Z,2012,7,19,201,0.1768401008,9.9030456500000003E-2,0.2758705573,0.23342893309999999,29
Coffin,2012-07-26T00:00:00Z,2012,7,26,208,0.1414720807,7.0736039999999998E-3,0.1485456847,-0.12732487259999997,30
Coffin,2012-08-02T00:00:00Z,2012,8,2,215,0.1343984766,2.12208121E-2,0.1556192887,7.0736039999999833E-3,31
Coffin,2012-08-09T00:00:00Z,2012,8,9,222,0.0778096444,0,0.0778096444,-7.7809644299999994E-2,32
Coffin,2012-08-16T00:00:00Z,2012,8,16,229,0.0565888323,7.0736039999999998E-3,0.0636624363,-1.4147208100000003E-2,33
Coffin,2012-08-23T00:00:00Z,2012,8,23,236,0.0424416242,7.0736039999999998E-3,0.0495152282,-1.4147208100000003E-2,34
Coffin,2012-08-30T00:00:00Z,2012,8,30,243,0.0353680202,0,0.0353680202,-1.4147207999999994E-2,35
Coffin,2012-09-06T00:00:00Z,2012,9,6,250,0.0848832484,0,0.0848832484,4.9515228199999997E-2,36
Coffin,2012-09-13T00:00:00Z,2012,9,13,257,0.0282944161,0,0.0282944161,-5.6588832300000003E-2,37
Coffin,2012-09-20T00:00:00Z,2012,9,20,264,0.0353680202,0,0.0353680202,7.073604100000002E-3,38
Coffin,2012-09-27T00:00:00Z,2012,9,27,271,0,0,0,-3.5368020200000003E-2,39
Coffin,2012-10-05T00:00:00Z,2012,10,5,279,0.0141472081,0,0.0141472081,1.4147208099999999E-2,40
Coffin,2013-04-24T00:00:00Z,2013,4,24,114,0,0,0,-1.4147208099999999E-2,16
Coffin,2013-05-02T00:00:00Z,2013,5,2,122,0,0,0,0,17
Coffin,2013-05-14T00:00:00Z,2013,5,14,134,0,0,0,0,19
Coffin,2013-05-23T00:00:00Z,2013,5,23,143,0,0,0,0,20
Coffin,2013-05-30T00:00:00Z,2013,5,30,150,0,7.0736039999999998E-3,0.007073604,7.0736039999999998E-3,21
Coffin,2013-06-06T00:00:00Z,2013,6,6,157,0,0,0,-7.0736039999999998E-3,22
Coffin,2013-06-13T00:00:00Z,2013,6,13,164,0,0,0,0,23
Coffin,2013-06-20T00:00:00Z,2013,6,20,171,0,0,0,0,24
Coffin,2013-06-27T00:00:00Z,2013,6,27,178,0,0,0,0,25
Coffin,2013-07-03T00:00:00Z,2013,7,3,184,0.007073604,0,0.007073604,7.0736039999999998E-3,26
Coffin,2013-07-11T00:00:00Z,2013,7,11,192,0,0,0,-7.0736039999999998E-3,27
Coffin,2013-07-18T00:00:00Z,2013,7,18,199,0.007073604,0,0.007073604,7.0736039999999998E-3,28
Coffin,2013-07-25T00:00:00Z,2013,7,25,206,0.2263553291,4.24416242E-2,0.2687969533,0.26172334929999996,29
Coffin,2013-08-01T00:00:00Z,2013,8,1,213,0.0778096444,0,0.0778096444,-0.19098730889999999,30
Coffin,2013-08-08T00:00:00Z,2013,8,8,220,0.0353680202,0,0.0353680202,-4.24416242E-2,31
Coffin,2013-08-15T00:00:00Z,2013,8,15,227,0.0424416242,0,0.0424416242,7.0736039999999972E-3,32
Coffin,2013-08-22T00:00:00Z,2013,8,22,234,0.0282944161,0,0.0282944161,-1.4147208099999999E-2,33
Coffin,2013-08-29T00:00:00Z,2013,8,29,241,1.2944695381,5.6588832300000003E-2,1.3510583703,1.3227639542,34
Coffin,2013-09-05T00:00:00Z,2013,9,5,248,0.2970913694,1.4147208099999999E-2,0.3112385775,-1.0398197928000001,35
Coffin,2013-09-11T00:00:00Z,2013,9,11,254,0.0141472081,0,0.0141472081,-0.29709136940000003,36
Coffin,2013-09-18T00:00:00Z,2013,9,18,261,0.0778096444,0,0.0778096444,6.36624363E-2,37
Coffin,2013-09-25T00:00:00Z,2013,9,25,268,0.0636624363,0,0.0636624363,-1.4147208100000003E-2,38
Coffin,2013-10-02T00:00:00Z,2013,10,2,275,0.0353680202,1.4147208099999999E-2,0.0495152282,-1.4147208100000003E-2,39
Coffin,2013-10-09T00:00:00Z,2013,10,9,282,0.0282944161,0,0.0282944161,-2.1220812099999996E-2,40
Coffin,2014-05-29T00:00:00Z,2014,5,29,149,0,0,0,-2.8294416100000001E-2,21
Coffin,2014-06-05T00:00:00Z,2014,6,5,156,0,1.4147208099999999E-2,0.0141472081,1.4147208099999999E-2,22
Coffin,2014-06-12T00:00:00Z,2014,6,12,163,0.0141472081,7.0736039999999998E-3,0.0212208121,7.0736040000000007E-3,23
Coffin,2014-06-19T00:00:00Z,2014,6,19,170,0,0,0,-2.12208121E-2,24
Coffin,2014-06-26T00:00:00Z,2014,6,26,177,0.1202512686,9.1956852399999997E-2,0.212208121,0.212208121,25
Coffin,2014-07-02T00:00:00Z,2014,7,2,183,0.0495152282,1.4147208099999999E-2,0.0636624363,-0.14854568470000001,26
Coffin,2014-07-09T00:00:00Z,2014,7,9,190,0.0495152282,4.9515228199999997E-2,0.0990304565,3.5368020200000003E-2,27
Coffin,2014-07-17T00:00:00Z,2014,7,17,198,0.1839137049,7.7809644400000003E-2,0.2617233492,0.16269289270000001,28
Coffin,2014-07-23T00:00:00Z,2014,7,23,204,0.2758705573,2.8294416100000001E-2,0.3041649734,4.2441624199999972E-2,29
Coffin,2014-07-30T00:00:00Z,2014,7,30,211,0.3607538057,8.48832484E-2,0.4456370541,0.1414720807,30
Coffin,2014-08-06T00:00:00Z,2014,8,6,218,0.1626928928,2.8294416100000001E-2,0.1909873089,-0.25464974519999994,31
Coffin,2014-08-12T00:00:00Z,2014,8,12,224,0.0919568524,2.12208121E-2,0.1131776645,-7.7809644400000016E-2,32
Coffin,2014-08-20T00:00:00Z,2014,8,20,232,3.5155812044,2.8294416100000001E-2,3.5438756206,3.4306979561000004,33
Coffin,2014-08-27T00:00:00Z,2014,8,27,239,0.9054213162,0.13439847660000001,1.0398197929,-2.5040558277000002,34
Coffin,2014-09-04T00:00:00Z,2014,9,4,247,0.7498020275,2.12208121E-2,0.7710228396,-0.26879695329999997,35
Coffin,2014-09-10T00:00:00Z,2014,9,10,253,0.9549365445,1.4147208099999999E-2,0.9690837525,0.19806091290000005,36
Coffin,2014-09-17T00:00:00Z,2014,9,17,260,0.0212208121,0,0.0212208121,-0.94786294039999996,37
Coffin,2014-09-25T00:00:00Z,2014,9,25,268,0.0141472081,0,0.0141472081,-7.0736040000000007E-3,38
Coffin,2014-10-03T00:00:00Z,2014,10,3,276,0.0495152282,0,0.0495152282,3.5368020099999994E-2,39
Coffin,2014-10-10T00:00:00Z,2014,10,10,283,0.007073604,0,0.007073604,-4.24416242E-2,40
Coffin,2015-05-14T00:00:00Z,2015,5,14,134,0,0,0,-7.0736039999999998E-3,19
Coffin,2015-05-21T00:00:00Z,2015,5,21,141,0,0,0,0,20
Coffin,2015-05-28T00:00:00Z,2015,5,28,148,0,0,0,0,21
Coffin,2015-06-05T00:00:00Z,2015,6,5,156,0,0,0,0,22
Coffin,2015-06-11T00:00:00Z,2015,6,11,162,0,0,0,0,23
Coffin,2015-06-19T00:00:00Z,2015,6,19,170,0,1.4147208099999999E-2,0.0141472081,1.4147208099999999E-2,24
Coffin,2015-07-02T00:00:00Z,2015,7,2,183,0.007073604,7.0736039999999998E-3,0.0141472081,0,26
Coffin,2015-07-09T00:00:00Z,2015,7,9,190,0.0353680202,1.4147208099999999E-2,0.0495152282,3.5368020099999994E-2,27
Coffin,2015-07-16T00:00:00Z,2015,7,16,197,0.0919568524,2.8294416100000001E-2,0.1202512686,7.0736040400000005E-2,28
Coffin,2015-07-23T00:00:00Z,2015,7,23,204,0.1343984766,4.9515228199999997E-2,0.1839137049,6.36624363E-2,29
Coffin,2015-07-30T00:00:00Z,2015,7,30,211,0.0778096444,2.8294416100000001E-2,0.1061040605,-7.7809644400000003E-2,30
Coffin,2015-08-06T00:00:00Z,2015,8,6,218,0.0424416242,1.4147208099999999E-2,0.0565888323,-4.9515228199999997E-2,31
Coffin,2015-08-13T00:00:00Z,2015,8,13,225,0.1556192887,2.12208121E-2,0.1768401008,0.12025126850000001,32
Coffin,2015-08-20T00:00:00Z,2015,8,20,232,0.4597842622,4.9515228199999997E-2,0.5092994904,0.33245938959999999,33
Coffin,2015-08-25T00:00:00Z,2015,8,25,237,0.4385634501,2.12208121E-2,0.4597842622,-4.9515228199999983E-2,34
Coffin,2015-09-03T00:00:00Z,2015,9,3,246,3.3316674996,0.38197461780000003,3.7136421174,3.2538578552000001,35
Coffin,2015-09-10T00:00:00Z,2015,9,10,253,0.5941827388,3.5368020200000003E-2,0.6295507589,-3.0840913585000003,36
Coffin,2015-09-17T00:00:00Z,2015,9,17,260,0.7002867993,0,0.7002867993,7.0736040400000033E-2,37
Coffin,2015-09-24T00:00:00Z,2015,9,24,267,0.1697664968,7.0736039999999998E-3,0.1768401008,-0.52344669850000003,38
Coffin,2015-10-02T00:00:00Z,2015,10,2,275,0.0636624363,0,0.0636624363,-0.11317766450000001,39
Coffin,2015-10-10T00:00:00Z,2015,10,10,283,0.1273248726,3.5368020200000003E-2,0.1626928928,9.9030456499999989E-2,40
Coffin,2015-10-12T00:00:00Z,2015,10,12,285,0.0141472081,0,0.0141472081,-0.14854568469999999,41
Coffin,2016-05-26T00:00:00Z,2016,5,26,147,0.007073604,0,0.007073604,-7.0736040999999994E-3,21
Coffin,2016-06-03T00:00:00Z,2016,6,3,155,0.0848832484,4.24416242E-2,0.1273248726,0.1202512686,22
Coffin,2016-06-16T00:00:00Z,2016,6,16,168,0.1839137049,0.1839137049,0.3678274097,0.2405025371,24
Coffin,2016-06-23T00:00:00Z,2016,6,23,175,0.0565888323,4.24416242E-2,0.0990304565,-0.26879695319999997,25
Coffin,2016-06-30T00:00:00Z,2016,6,30,182,0.0282944161,3.5368020200000003E-2,0.0636624363,-3.5368020200000003E-2,26
Coffin,2016-07-07T00:00:00Z,2016,7,7,189,0.0282944161,1.4147208099999999E-2,0.0424416242,-2.12208121E-2,27
Coffin,2016-07-14T00:00:00Z,2016,7,14,196,0.1343984766,0.1414720807,0.2758705573,0.23342893309999999,28
Coffin,2016-07-21T00:00:00Z,2016,7,21,203,0.0495152282,2.8294416100000001E-2,0.0778096444,-0.1980609129,29
Coffin,2016-07-27T00:00:00Z,2016,7,27,209,0.5234466984,0.14854568470000001,0.6719923831,0.59418273869999993,30
Coffin,2016-08-15T00:00:00Z,2016,8,15,228,0.47746827225,0.3430697956,0.82053806785,0.14854568475000007,33
Coffin,2016-08-22T00:00:00Z,2016,8,22,235,1.2944695381,0.3961218259,1.6905913639,0.87005329605000004,34
Coffin,2016-08-31T00:00:00Z,2016,8,31,244,0.5517411146,7.7809644400000003E-2,0.6295507589,-1.0610406050000001,35
Coffin,2016-09-07T00:00:00Z,2016,9,7,251,0.4880786783,2.8294416100000001E-2,0.5163730944,-0.1131776645,36
Coffin,2016-09-14T00:00:00Z,2016,9,14,258,0.3183121815,1.4147208099999999E-2,0.3324593896,-0.18391370480000002,37
Coffin,2016-09-21T00:00:00Z,2016,9,21,265,0.6083299468,5.6588832300000003E-2,0.6649187791,0.33245938949999998,38
Coffin,2016-09-28T00:00:00Z,2016,9,28,272,0.0282944161,2.12208121E-2,0.0495152282,-0.61540355089999998,39
Coffin,2016-10-05T00:00:00Z,2016,10,5,279,0.0495152282,0,0.0495152282,0,40
Fichter,2007-06-21T00:00:00Z,2007,6,21,172,0,0,0,"NA",24
Fichter,2007-06-28T00:00:00Z,2007,6,28,179,0.0848832484,0,0.0848832484,8.48832484E-2,25
Fichter,2007-07-05T00:00:00Z,2007,7,5,186,0.6083299468,9.9030456500000003E-2,0.7073604033,0.62247715490000011,26
Fichter,2007-07-12T00:00:00Z,2007,7,12,193,0.007073604,7.0736039999999998E-3,0.0141472081,-0.69321319520000002,27
Fichter,2007-07-19T00:00:00Z,2007,7,19,200,0.1131776645,2.12208121E-2,0.1343984766,0.12025126850000001,28
Fichter,2007-07-26T00:00:00Z,2007,7,26,207,1.0327461888,1.9098730889,2.9426192778,2.8082208012000001,29
Fichter,2007-08-02T00:00:00Z,2007,8,2,214,0.9973781687,3.0770177543999999,4.0743959231,1.1317766453,30
Fichter,2007-08-09T00:00:00Z,2007,8,9,221,1.6764441558,9.8464568140999997,11.52290097,7.4485050469000003,31
Fichter,2007-08-16T00:00:00Z,2007,8,16,228,1.0256725848,6.8260278918999999,7.8517004767,-3.6712004933000006,32
Fichter,2007-08-23T00:00:00Z,2007,8,23,235,0.5941827388,"NA",0.5941827388,-7.2575177378999998,33
Fichter,2007-08-30T00:00:00Z,2007,8,30,242,8.8632258535,0,8.8632258535,8.2690431146999988,34
Fichter,2007-09-06T00:00:00Z,2007,9,6,249,1.71888578,0,1.71888578,-7.1443400734999996,35
Fichter,2007-09-13T00:00:00Z,2007,9,13,256,2.3201421229,0,2.3201421229,0.60125634290000018,36
Fichter,2007-09-20T00:00:00Z,2007,9,20,263,0.5446675105,0,0.5446675105,-1.7754746124,37
Fichter,2008-06-05T00:00:00Z,2008,6,5,157,0,0,0,-0.54466751049999995,22
Fichter,2008-06-12T00:00:00Z,2008,6,12,164,0.0495152282,0,0.0495152282,4.9515228199999997E-2,23
Fichter,2008-06-19T00:00:00Z,2008,6,19,171,0.0990304565,0,0.0990304565,4.9515228300000005E-2,24
Fichter,2008-06-26T00:00:00Z,2008,6,26,178,0.1768401008,0,0.1768401008,7.7809644300000008E-2,25
Fichter,2008-07-03T00:00:00Z,2008,7,3,185,3.0345761302,6.36624363E-2,3.0982385665,2.9213984657000003,26
Fichter,2008-07-10T00:00:00Z,2008,7,10,192,0.212208121,0,0.212208121,-2.8860304454999999,27
Fichter,2008-07-17T00:00:00Z,2008,7,17,199,1.0964086251,0,1.0964086251,0.88420050410000006,28
Fichter,2008-07-24T00:00:00Z,2008,7,24,206,0.4668578662,7.0736039999999998E-3,0.4739314702,-0.62247715490000011,29
Fichter,2008-07-31T00:00:00Z,2008,7,31,213,1.7684010083,0.1061040605,1.8745050688,1.4005735986000001,30
Fichter,2008-08-07T00:00:00Z,2008,8,7,220,0.8700532961,6.36624363E-2,0.9337157324,-0.94078933639999995,31
Fichter,2008-08-14T00:00:00Z,2008,8,14,227,0.4668578662,0,0.4668578662,-0.46685786620000003,32
Fichter,2008-08-21T00:00:00Z,2008,8,21,234,1.3298375582,9.9030456500000003E-2,1.4288680147,0.96201014849999988,33
Fichter,2008-08-26T00:00:00Z,2008,8,26,239,0.3607538057,0,0.3607538057,-1.068114209,34
Fichter,2008-09-04T00:00:00Z,2008,9,4,248,0.1414720807,0,0.1414720807,-0.21928172499999998,35
Fichter,2008-09-10T00:00:00Z,2008,9,10,254,0.212208121,0,0.212208121,7.0736040299999997E-2,36
Fichter,2008-09-17T00:00:00Z,2008,9,17,261,0.0565888323,1.4147208099999999E-2,0.0707360403,-0.1414720807,37
Fichter,2008-09-24T00:00:00Z,2008,9,24,268,0.0990304565,0,0.0990304565,2.8294416200000005E-2,38
Fichter,2009-05-15T00:00:00Z,2009,5,15,135,0,0,0,-9.9030456500000003E-2,19
Fichter,2009-05-29T00:00:00Z,2009,5,29,149,0.007073604,0,0.007073604,7.0736039999999998E-3,21
Fichter,2009-06-04T00:00:00Z,2009,6,4,155,0.0212208121,0,0.0212208121,1.4147208099999999E-2,22
Fichter,2009-06-17T00:00:00Z,2009,6,17,168,0.007073604,0,0.007073604,-1.4147208099999999E-2,24
Fichter,2009-06-25T00:00:00Z,2009,6,25,176,0.0848832484,0,0.0848832484,7.7809644400000003E-2,25
Fichter,2009-07-02T00:00:00Z,2009,7,2,183,0.0636624363,0,0.0636624363,-2.12208121E-2,26
Fichter,2009-07-09T00:00:00Z,2009,7,9,190,0.1061040605,4.24416242E-2,0.1485456847,8.4883248400000014E-2,27
Fichter,2009-07-16T00:00:00Z,2009,7,16,197,0.0424416242,0,0.0424416242,-0.10610406050000001,28
Fichter,2009-07-23T00:00:00Z,2009,7,23,204,0.007073604,0,0.007073604,-3.5368020200000003E-2,29
Fichter,2009-07-30T00:00:00Z,2009,7,30,211,0.2334289331,7.0736039999999998E-3,0.2405025371,0.23342893309999999,30
Fichter,2009-08-06T00:00:00Z,2009,8,6,218,0.212208121,0,0.212208121,-2.8294416099999997E-2,31
Fichter,2009-08-13T00:00:00Z,2009,8,13,225,0.205134517,0,0.205134517,-7.0736040000000111E-3,32
Fichter,2009-08-20T00:00:00Z,2009,8,20,232,0.2970913694,0,0.2970913694,9.1956852400000039E-2,33
Fichter,2009-08-27T00:00:00Z,2009,8,27,239,0.4880786783,0,0.4880786783,0.19098730889999999,34
Fichter,2009-09-01T00:00:00Z,2009,9,1,244,0.3819746178,0,0.3819746178,-0.10610406049999999,35
Fichter,2009-09-08T00:00:00Z,2009,9,8,251,0.6295507589,0,0.6295507589,0.24757614109999998,36
Fichter,2009-09-15T00:00:00Z,2009,9,15,258,0.9407893364,0,0.9407893364,0.31123857749999995,37
Fichter,2009-09-21T00:00:00Z,2009,9,21,264,4.0956167352,0,4.0956167352,3.1548273988000002,38
Fichter,2009-10-05T00:00:00Z,2009,10,5,278,0.2263553291,0,0.2263553291,-3.8692614061000001,40
Fichter,2010-04-15T00:00:00Z,2010,4,15,105,0.0778096444,0,0.0778096444,-0.14854568470000001,15
Fichter,2010-04-30T00:00:00Z,2010,4,30,120,0.0636624363,0,0.0636624363,-1.4147208100000003E-2,17
Fichter,2010-05-13T00:00:00Z,2010,5,13,133,0,0,0,-6.36624363E-2,19
Fichter,2010-05-25T00:00:00Z,2010,5,25,145,0.0495152282,0,0.0495152282,4.9515228199999997E-2,21
Fichter,2010-06-04T00:00:00Z,2010,6,4,155,0.0212208121,0,0.0212208121,-2.8294416099999997E-2,22
Fichter,2010-06-10T00:00:00Z,2010,6,10,161,0.00707360405,0,0.00707360405,-1.414720805E-2,23
Fichter,2010-06-15T00:00:00Z,2010,6,15,166,0.0424416242,7.0736039999999998E-3,0.0495152282,4.2441624149999996E-2,24
Fichter,2010-06-24T00:00:00Z,2010,6,24,175,0.0919568524,0,0.0919568524,4.24416242E-2,25
Fichter,2010-07-01T00:00:00Z,2010,7,1,182,0.3678274097,0.2263553291,0.5941827388,0.5022258864000001,26
Fichter,2010-07-08T00:00:00Z,2010,7,8,189,0.3466065976,0.1061040605,0.4527106581,-0.14147208070000006,27
Fichter,2010-07-15T00:00:00Z,2010,7,15,196,0.431489846,0.21928172500000001,0.650771571,0.19806091290000005,28
Fichter,2010-07-22T00:00:00Z,2010,7,22,203,0.6578451751,0.38197461780000003,1.0398197929,0.38904822189999988,29
Fichter,2010-07-29T00:00:00Z,2010,7,29,210,0.2758705573,0.14854568470000001,0.424416242,-0.61540355089999998,30
Fichter,2010-08-05T00:00:00Z,2010,8,5,217,5.7154720587,5.5032639376999999,11.218735996,10.794319754,31
Fichter,2010-08-12T00:00:00Z,2010,8,12,224,1.4783832429,1.3652055783999999,2.8435888213,-8.3751471747000004,32
Fichter,2010-08-19T00:00:00Z,2010,8,19,231,0.8842005041,0.60832994679999997,1.492530451,-1.3510583703000001,33
Fichter,2010-08-26T00:00:00Z,2010,8,26,238,0.4597842622,4.24416242E-2,0.5022258863,-0.99030456469999995,34
Fichter,2010-09-02T00:00:00Z,2010,9,2,245,2.4686878075,0,2.4686878075,1.9664619211999999,35
Fichter,2010-09-09T00:00:00Z,2010,9,9,252,0.3819746178,0,0.3819746178,-2.0867131896999997,36
Fichter,2010-09-16T00:00:00Z,2010,9,16,259,0.0424416242,0,0.0424416242,-0.3395329936,37
Fichter,2010-09-23T00:00:00Z,2010,9,23,266,0.0778096444,0,0.0778096444,3.5368020200000003E-2,38
Fichter,2010-09-30T00:00:00Z,2010,9,30,273,0,0,0,-7.7809644400000003E-2,39
Fichter,2010-10-07T00:00:00Z,2010,10,7,280,0.007073604,0,0.007073604,7.0736039999999998E-3,40
Fichter,2011-04-28T00:00:00Z,2011,4,28,118,0,0,0,-7.0736039999999998E-3,17
Fichter,2011-05-05T00:00:00Z,2011,5,5,125,0,0,0,0,18
Fichter,2011-05-12T00:00:00Z,2011,5,12,132,0,0,0,0,19
Fichter,2011-05-19T00:00:00Z,2011,5,19,139,0,0,0,0,20
Fichter,2011-05-26T00:00:00Z,2011,5,26,146,0,0,0,0,21
Fichter,2011-06-02T00:00:00Z,2011,6,2,153,0,0,0,0,22
Fichter,2011-06-10T00:00:00Z,2011,6,10,161,0,0,0,0,23
Fichter,2011-06-16T00:00:00Z,2011,6,16,167,0,0,0,0,24
Fichter,2011-06-23T00:00:00Z,2011,6,23,174,0.0282944161,0,0.0282944161,2.8294416100000001E-2,25
Fichter,2011-06-30T00:00:00Z,2011,6,30,181,0,0,0,-2.8294416100000001E-2,26
Fichter,2011-07-07T00:00:00Z,2011,7,7,188,0.0424416242,2.8294416100000001E-2,0.0707360403,7.0736040299999997E-2,27
Fichter,2011-07-14T00:00:00Z,2011,7,14,195,0.0141472081,0,0.0141472081,-5.6588832199999994E-2,28
Fichter,2011-07-21T00:00:00Z,2011,7,21,202,0.1273248726,7.0736039999999998E-3,0.1343984766,0.12025126850000001,29
Fichter,2011-07-28T00:00:00Z,2011,7,28,209,0.0990304565,0,0.0990304565,-3.5368020100000008E-2,30
Fichter,2011-08-04T00:00:00Z,2011,8,4,216,0.8700532961,9.9030456500000003E-2,0.9690837525,0.87005329600000003,31
Fichter,2011-08-11T00:00:00Z,2011,8,11,223,1.3722791824,0.212208121,1.5844873034,0.61540355089999998,32
Fichter,2011-08-18T00:00:00Z,2011,8,18,230,1.9593883172,0.3395329936,2.2989213108,0.71443400739999996,33
Fichter,2011-08-25T00:00:00Z,2011,8,25,237,1.0822614171,4.9515228199999997E-2,1.1317766453,-1.1671446655,34
Fichter,2011-09-01T00:00:00Z,2011,9,1,244,3.0416497342,0,3.0416497342,1.9098730889,35
Fichter,2011-09-08T00:00:00Z,2011,9,8,251,0.4810050742,0,0.4810050742,-2.5606446599999999,36
Fichter,2011-09-15T00:00:00Z,2011,9,15,258,0.0636624363,0,0.0636624363,-0.41734263789999998,37
Fichter,2011-09-22T00:00:00Z,2011,9,22,265,0,0,0,-6.36624363E-2,38
Fichter,2011-09-29T00:00:00Z,2011,9,29,272,0,0,0,0,39
Fichter,2011-10-06T00:00:00Z,2011,10,6,279,0.007073604,0,0.007073604,7.0736039999999998E-3,40
Fichter,2012-03-29T00:00:00Z,2012,3,29,89,0,0,0,-7.0736039999999998E-3,13
Fichter,2012-04-13T00:00:00Z,2012,4,13,104,0,0,0,0,15
Fichter,2012-04-19T00:00:00Z,2012,4,19,110,0,0,0,0,16
Fichter,2012-05-03T00:00:00Z,2012,5,3,124,0,0,0,0,18
Fichter,2012-05-10T00:00:00Z,2012,5,10,131,0,0,0,0,19
Fichter,2012-05-17T00:00:00Z,2012,5,17,138,0,0,0,0,20
Fichter,2012-05-24T00:00:00Z,2012,5,24,145,0,0,0,0,21
Fichter,2012-05-31T00:00:00Z,2012,5,31,152,0.007073604,0,0.007073604,7.0736039999999998E-3,22
Fichter,2012-06-07T00:00:00Z,2012,6,7,159,0,0,0,-7.0736039999999998E-3,23
Fichter,2012-06-14T00:00:00Z,2012,6,14,166,0.0212208121,0,0.0212208121,2.12208121E-2,24
Fichter,2012-06-21T00:00:00Z,2012,6,21,173,0.0495152282,0,0.0495152282,2.8294416099999997E-2,25
Fichter,2012-06-28T00:00:00Z,2012,6,28,180,0.0707360403,7.0736039999999998E-3,0.0778096444,2.8294416200000005E-2,26
Fichter,2012-07-05T00:00:00Z,2012,7,5,187,0.1061040605,0,0.1061040605,2.8294416099999997E-2,27
Fichter,2012-07-12T00:00:00Z,2012,7,12,194,0.6649187791,0.19098730890000001,0.855906088,0.74980202750000002,28
Fichter,2012-07-19T00:00:00Z,2012,7,19,201,0.8134644638,0.1980609129,1.0115253767,0.15561928870000008,29
Fichter,2012-07-26T00:00:00Z,2012,7,26,208,0.4527106581,0.1131776645,0.5658883226,-0.4456370541000001,30
Fichter,2012-08-02T00:00:00Z,2012,8,2,215,0.431489846,0.14854568470000001,0.5800355307,1.414720810000003E-2,31
Fichter,2012-08-09T00:00:00Z,2012,8,9,222,0.5871091347,0.24757614119999999,0.8346852759,0.25464974519999994,32
Fichter,2012-08-16T00:00:00Z,2012,8,16,229,0.1556192887,2.12208121E-2,0.1768401008,-0.65784517509999996,33
Fichter,2012-08-23T00:00:00Z,2012,8,23,236,0.2546497452,9.1956852399999997E-2,0.3466065976,0.1697664968,34
Fichter,2012-08-30T00:00:00Z,2012,8,30,243,0.2687969533,7.0736039999999998E-3,0.2758705573,-7.0736040300000025E-2,35
Fichter,2012-09-06T00:00:00Z,2012,9,6,250,0.8983477122,0,0.8983477122,0.6224771549,36
Fichter,2012-09-13T00:00:00Z,2012,9,13,257,0.1485456847,0,0.1485456847,-0.74980202749999991,37
Fichter,2012-09-20T00:00:00Z,2012,9,20,264,0.0990304565,0,0.0990304565,-4.9515228200000011E-2,38
Fichter,2012-09-27T00:00:00Z,2012,9,27,271,0.0636624363,0,0.0636624363,-3.5368020200000003E-2,39
Fichter,2012-10-05T00:00:00Z,2012,10,5,279,0.007073604,0,0.007073604,-5.6588832300000003E-2,40
Fichter,2013-05-14T00:00:00Z,2013,5,14,134,0,0,0,-7.0736039999999998E-3,19
Fichter,2013-05-23T00:00:00Z,2013,5,23,143,0,0,0,0,20
Fichter,2013-05-30T00:00:00Z,2013,5,30,150,0,0,0,0,21
Fichter,2013-06-06T00:00:00Z,2013,6,6,157,0,0,0,0,22
Fichter,2013-06-13T00:00:00Z,2013,6,13,164,0,0,0,0,23
Fichter,2013-06-20T00:00:00Z,2013,6,20,171,0.007073604,7.0736039999999998E-3,0.0141472081,1.4147208099999999E-2,24
Fichter,2013-06-27T00:00:00Z,2013,6,27,178,0,0,0,-1.4147208099999999E-2,25
Fichter,2013-07-03T00:00:00Z,2013,7,3,184,0.0212208121,0,0.0212208121,2.12208121E-2,26
Fichter,2013-07-11T00:00:00Z,2013,7,11,192,0,0,0,-2.12208121E-2,27
Fichter,2013-07-18T00:00:00Z,2013,7,18,199,0.0353680202,0,0.0353680202,3.5368020200000003E-2,28
Fichter,2013-07-25T00:00:00Z,2013,7,25,206,0.3536802017,0.13439847660000001,0.4880786783,0.4527106581,29
Fichter,2013-08-01T00:00:00Z,2013,8,1,213,0.3466065976,9.9030456500000003E-2,0.4456370541,-4.2441624200000028E-2,30
Fichter,2013-08-08T00:00:00Z,2013,8,8,220,0.4102690339,0.1414720807,0.5517411146,0.10610406049999999,31
Fichter,2013-08-15T00:00:00Z,2013,8,15,227,0.9407893364,5.6588832300000003E-2,0.9973781687,0.44563705409999999,32
Fichter,2013-08-22T00:00:00Z,2013,8,22,234,2.355510143,0.17684010080000001,2.5323502438,1.5349720750999998,33
Fichter,2013-08-29T00:00:00Z,2013,8,29,241,0.9973781687,0.19098730890000001,1.1883654776,-1.3439847661999997,34
Fichter,2013-09-05T00:00:00Z,2013,9,5,248,1.3581319744,7.0736040299999997E-2,1.4288680147,0.2405025370999998,35
Fichter,2013-09-11T00:00:00Z,2013,9,11,254,6.4723476903,0.1697664968,6.6421141871,5.2132461723999999,36
Fichter,2013-09-18T00:00:00Z,2013,9,18,261,0.9124949203,0,0.9124949203,-5.7296192667999994,37
Fichter,2013-09-25T00:00:00Z,2013,9,25,268,0.431489846,0,0.431489846,-0.4810050743,38
Fichter,2013-10-02T00:00:00Z,2013,10,2,275,0.2475761412,0,0.2475761412,-0.18391370480000002,39
Fichter,2013-10-09T00:00:00Z,2013,10,9,282,0.0565888323,0,0.0565888323,-0.19098730889999999,40
Fichter,2014-05-29T00:00:00Z,2014,5,29,149,0,0,0,-5.6588832300000003E-2,21
Fichter,2014-06-05T00:00:00Z,2014,6,5,156,0,7.0736039999999998E-3,0.007073604,7.0736039999999998E-3,22
Fichter,2014-06-12T00:00:00Z,2014,6,12,163,0.0141472081,1.4147208099999999E-2,0.0282944161,2.12208121E-2,23
Fichter,2014-06-19T00:00:00Z,2014,6,19,170,0.1131776645,9.1956852399999997E-2,0.205134517,0.17684010089999999,24
Fichter,2014-06-26T00:00:00Z,2014,6,26,177,0.0353680202,3.5368020200000003E-2,0.0707360403,-0.13439847669999999,25
Fichter,2014-07-02T00:00:00Z,2014,7,2,183,0.1273248726,5.6588832300000003E-2,0.1839137049,0.11317766460000001,26
Fichter,2014-07-09T00:00:00Z,2014,7,9,190,0.3607538057,0.16269289279999999,0.5234466984,0.33953299349999999,27
Fichter,2014-07-17T00:00:00Z,2014,7,17,198,0.0990304565,7.0736039999999998E-3,0.1061040605,-0.41734263790000004,28
Fichter,2014-07-23T00:00:00Z,2014,7,23,204,0.3819746178,5.6588832300000003E-2,0.4385634501,0.33245938959999999,29
Fichter,2014-07-30T00:00:00Z,2014,7,30,211,0.3678274097,7.0736039999999998E-3,0.3749010138,-6.3662436299999958E-2,30
Fichter,2014-08-06T00:00:00Z,2014,8,6,218,0.5305203025,2.8294416100000001E-2,0.5588147186,0.18391370479999997,31
Fichter,2014-08-12T00:00:00Z,2014,8,12,224,0.4456370541,2.8294416100000001E-2,0.4739314702,-8.48832484E-2,32
Fichter,2014-08-20T00:00:00Z,2014,8,20,232,3.1194593786000002,0.212208121,3.3316674996,2.8577360293999998,33
Fichter,2014-08-27T00:00:00Z,2014,8,27,239,1.1954390816,4.24416242E-2,1.2378807058,-2.0937867937999997,34
Fichter,2014-09-04T00:00:00Z,2014,9,4,247,0.8842005041,4.24416242E-2,0.9266421283,-0.31123857750000006,35
Fichter,2014-09-10T00:00:00Z,2014,9,10,253,0.2617233492,1.4147208099999999E-2,0.2758705573,-0.65077157100000005,36
Fichter,2014-09-17T00:00:00Z,2014,9,17,260,0.2405025371,0,0.2405025371,-3.5368020199999989E-2,37
Fichter,2014-09-25T00:00:00Z,2014,9,25,268,0.0282944161,0,0.0282944161,-0.212208121,38
Fichter,2014-10-03T00:00:00Z,2014,10,3,276,0.007073604,0,0.007073604,-2.12208121E-2,39
Fichter,2014-10-10T00:00:00Z,2014,10,10,283,0.007073604,0,0.007073604,0,40
Fichter,2015-05-14T00:00:00Z,2015,5,14,134,0,0,0,-7.0736039999999998E-3,19
Fichter,2015-05-21T00:00:00Z,2015,5,21,141,0,0,0,0,20
Fichter,2015-05-28T00:00:00Z,2015,5,28,148,0.007073604,0,0.007073604,7.0736039999999998E-3,21
Fichter,2015-06-05T00:00:00Z,2015,6,5,156,0,0,0,-7.0736039999999998E-3,22
Fichter,2015-06-19T00:00:00Z,2015,6,19,170,0.0353680202,1.4147208099999999E-2,0.0495152282,4.9515228199999997E-2,24
Fichter,2015-07-02T00:00:00Z,2015,7,2,183,0.0636624363,7.0736039999999998E-3,0.0707360403,2.12208121E-2,26
Fichter,2015-07-09T00:00:00Z,2015,7,9,190,0.0353680202,0,0.0353680202,-3.5368020099999994E-2,27
Fichter,2015-07-16T00:00:00Z,2015,7,16,197,0.0565888323,3.5368020200000003E-2,0.0919568524,5.6588832199999994E-2,28
Fichter,2015-07-23T00:00:00Z,2015,7,23,204,0.1909873089,8.48832484E-2,0.2758705573,0.18391370489999997,29
Fichter,2015-07-30T00:00:00Z,2015,7,30,211,1.1954390816,0.21928172500000001,1.4147208066,1.1388502493000001,30
Fichter,2015-08-06T00:00:00Z,2015,8,6,218,0.1343984766,5.6588832300000003E-2,0.1909873089,-1.2237334977000001,31
Fichter,2015-08-13T00:00:00Z,2015,8,13,225,0.6790659872,8.48832484E-2,0.7639492356,0.57296192670000001,32
Fichter,2015-08-25T00:00:00Z,2015,8,25,237,0.424416242,0.1839137049,0.6083299468,-0.15561928880000009,34
Fichter,2015-09-03T00:00:00Z,2015,9,3,246,4.3007512521,0.34660659760000001,4.6473578497,4.0390279029,35
Fichter,2015-09-10T00:00:00Z,2015,9,10,253,2.7233375527,0.14854568470000001,2.8718832374,-1.7754746122999996,36
Fichter,2015-09-17T00:00:00Z,2015,9,17,260,1.9523147131,5.6588832300000003E-2,2.0089035454,-0.86297969200000013,37
Fichter,2015-09-24T00:00:00Z,2015,9,24,267,0.5375939065,7.0736039999999998E-3,0.5446675105,-1.4642360348999999,38
Fichter,2015-10-02T00:00:00Z,2015,10,2,275,0.1697664968,0,0.1697664968,-0.37490101369999995,39
Fichter,2015-10-12T00:00:00Z,2015,10,12,285,0.1414720807,0,0.1414720807,-2.8294416099999997E-2,41
Fichter,2016-05-26T00:00:00Z,2016,5,26,147,0.0636624363,0,0.0636624363,-7.7809644400000003E-2,21
Fichter,2016-06-03T00:00:00Z,2016,6,3,155,0.0282944161,0,0.0282944161,-3.5368020200000003E-2,22
Fichter,2016-06-16T00:00:00Z,2016,6,16,168,0.0990304565,4.24416242E-2,0.1414720807,0.11317766460000001,24
Fichter,2016-06-23T00:00:00Z,2016,6,23,175,0.3041649734,0.2405025371,0.5446675105,0.40319542979999995,25
Fichter,2016-06-30T00:00:00Z,2016,6,30,182,0.0636624363,2.8294416100000001E-2,0.0919568524,-0.45271065809999994,26
Fichter,2016-07-07T00:00:00Z,2016,7,7,189,0.0707360403,4.24416242E-2,0.1131776645,2.12208121E-2,27
Fichter,2016-07-14T00:00:00Z,2016,7,14,196,0.8983477122,0.95493654449999998,1.8532842567,1.7401065922000001,28
Fichter,2016-07-21T00:00:00Z,2016,7,21,203,0.1909873089,7.0736040299999997E-2,0.2617233492,-1.5915609075000001,29
Fichter,2016-07-27T00:00:00Z,2016,7,27,209,1.8957258809,0.56588832259999999,2.4616142035,2.1998908543,30
Fichter,2016-08-04T00:00:00Z,2016,8,4,217,2.0018299414,0.77809644359999997,2.779926385,0.31831218150000007,31
Fichter,2016-08-15T00:00:00Z,2016,8,15,228,0.60479314485,0.212208121,0.81700126585,-1.9629251191499999,33
Fichter,2016-08-22T00:00:00Z,2016,8,22,235,1.6057081155,0.3961218259,2.0018299414,1.1848286755499999,34
Fichter,2016-08-31T00:00:00Z,2016,8,31,244,1.6127817195,6.36624363E-2,1.6764441558,-0.32538578559999998,35
Fichter,2016-09-07T00:00:00Z,2016,9,7,251,0.7073604033,0.16269289279999999,0.8700532961,-0.80639085970000002,36
Fichter,2016-09-14T00:00:00Z,2016,9,14,258,0.6295507589,4.24416242E-2,0.6719923831,-0.19806091300000006,37
Fichter,2016-09-21T00:00:00Z,2016,9,21,265,0.650771571,2.8294416100000001E-2,0.6790659872,7.0736041000000194E-3,38
Fichter,2016-09-28T00:00:00Z,2016,9,28,272,0.1485456847,0,0.1485456847,-0.53052030250000004,39
Fichter,2016-10-05T00:00:00Z,2016,10,5,279,0.1343984766,7.0736039999999998E-3,0.1414720807,-7.0736040000000111E-3,40
Midge,2005-07-21T00:00:00Z,2005,7,21,202,0.0778096444,"NA",0.0778096444,"NA",29
Midge,2005-07-28T00:00:00Z,2005,7,28,209,0.4527106581,"NA",0.4527106581,0.37490101370000001,30
Midge,2005-08-04T00:00:00Z,2005,8,4,216,0.1131776645,"NA",0.1131776645,-0.3395329936,31
Midge,2005-08-11T00:00:00Z,2005,8,11,223,1.1529974574,"NA",1.1529974574,1.0398197928999999,32
Midge,2005-08-18T00:00:00Z,2005,8,18,230,0.6578451751,"NA",0.6578451751,-0.49515228229999997,33
Midge,2005-08-25T00:00:00Z,2005,8,25,237,0.4880786783,"NA",0.4880786783,-0.16976649679999994,34
Midge,2005-09-03T00:00:00Z,2005,9,3,246,1.8179162365,"NA",1.8179162365,1.3298375581999999,35
Midge,2005-09-12T00:00:00Z,2005,9,12,255,3.2326370431,"NA",3.2326370431,1.4147208066000001,37
Midge,2005-09-20T00:00:00Z,2005,9,20,263,0.0141472081,"NA",0.0141472081,-3.2184898350000002,38
Midge,2005-09-25T00:00:00Z,2005,9,25,268,0.1839137049,"NA",0.1839137049,0.1697664968,39
Midge,2006-06-29T00:00:00Z,2006,6,29,180,0.33245939,"NA",0.33245939,0.14854568510000002,26
Midge,2006-07-06T00:00:00Z,2006,7,6,187,0.275870557,"NA",0.275870557,-5.6588833000000005E-2,27
Midge,2006-07-13T00:00:00Z,2006,7,13,194,2.284774103,"NA",2.284774103,2.008903546,28
Midge,2006-07-17T00:00:00Z,2006,7,17,198,3.246784251,"NA",3.246784251,0.96201014799999962,29
Midge,2006-07-23T00:00:00Z,2006,7,23,204,0.007073604,"NA",0.007073604,-3.2397106469999999,30
Midge,2006-07-31T00:00:00Z,2006,7,31,212,3.317520292,"NA",3.317520292,3.3104466880000003,31
Midge,2006-08-07T00:00:00Z,2006,8,7,219,1.846210653,"NA",1.846210653,-1.4713096390000002,32
Midge,2006-08-14T00:00:00Z,2006,8,14,226,1.068114209,"NA",1.068114209,-0.778096444,33
Midge,2006-08-21T00:00:00Z,2006,8,21,233,0.94786294,"NA",0.94786294,-0.12025126899999994,34
Midge,2006-08-28T00:00:00Z,2006,8,28,240,1.124703041,"NA",1.124703041,0.17684010100000003,35
Midge,2006-09-08T00:00:00Z,2006,9,8,251,2.857736029,"NA",2.857736029,1.7330329879999997,36
Midge,2006-09-12T00:00:00Z,2006,9,12,255,0.346606598,"NA",0.346606598,-2.5111294309999996,37
Midge,2006-09-18T00:00:00Z,2006,9,18,261,0.268796953,"NA",0.268796953,-7.7809644999999983E-2,38
Midge,2007-06-21T00:00:00Z,2007,6,21,172,0,0,0,-0.26879695300000001,24
Midge,2007-06-28T00:00:00Z,2007,6,28,179,0.0141472081,0,0.0141472081,1.4147208099999999E-2,25
Midge,2007-07-05T00:00:00Z,2007,7,5,186,0.2405025371,0,0.2405025371,0.22635532899999999,26
Midge,2007-07-12T00:00:00Z,2007,7,12,193,0.0565888323,1.4147208099999999E-2,0.0707360403,-0.1697664968,27
Midge,2007-07-19T00:00:00Z,2007,7,19,200,0.0919568524,0.19098730890000001,0.2829441613,0.212208121,28
Midge,2007-07-26T00:00:00Z,2007,7,26,207,0.5517411146,0.17684010080000001,0.7285812154,0.44563705409999999,29
Midge,2007-08-02T00:00:00Z,2007,8,2,214,1.6198553236,3.0770177543999999,4.696873078,3.9682918626000001,30
Midge,2007-08-09T00:00:00Z,2007,8,9,221,5.6588832265,10.560890820999999,16.219774048,11.522900970000002,31
Midge,2007-08-16T00:00:00Z,2007,8,16,228,0.8771269001,0.6790659872,1.5561928873,-14.663581160700002,32
Midge,2007-08-23T00:00:00Z,2007,8,23,235,0.5800355307,7.7809644400000003E-2,0.6578451751,-0.89834771219999998,33
Midge,2007-08-30T00:00:00Z,2007,8,30,242,22.154527832,0.43856345009999997,22.593091282,21.935246106899999,34
Midge,2007-09-06T00:00:00Z,2007,9,6,249,4.7888299304,0,4.7888299304,-17.804261351599997,35
Midge,2007-09-13T00:00:00Z,2007,9,13,256,3.4660659762,0,3.4660659762,-1.3227639542000005,36
Midge,2007-09-20T00:00:00Z,2007,9,20,263,2.4403933914,1.4147208099999999E-2,2.4545405995,-1.0115253766999999,37
Midge,2008-06-05T00:00:00Z,2008,6,5,157,0,0,0,-2.4545405995,22
Midge,2008-06-12T00:00:00Z,2008,6,12,164,0.0565888323,0,0.0565888323,5.6588832300000003E-2,23
Midge,2008-06-19T00:00:00Z,2008,6,19,171,0.5729619267,0,0.5729619267,0.51637309440000001,24
Midge,2008-06-26T00:00:00Z,2008,6,26,178,0.2475761412,0,0.2475761412,-0.32538578550000002,25
Midge,2008-07-03T00:00:00Z,2008,7,3,185,2.8294416132,0.1131776645,2.9426192778,2.6950431365999998,26
Midge,2008-07-10T00:00:00Z,2008,7,10,192,0.9549365445,0,0.9549365445,-1.9876827333,27
Midge,2008-07-17T00:00:00Z,2008,7,17,199,3.7277893254,0,3.7277893254,2.7728527809000001,28
Midge,2008-07-24T00:00:00Z,2008,7,24,206,0.5234466984,7.0736039999999998E-3,0.5305203025,-3.1972690228999996,29
Midge,2008-07-31T00:00:00Z,2008,7,31,213,10.872129399,0.1131776645,10.985307063,10.454786760500001,30
Midge,2008-08-07T00:00:00Z,2008,8,7,220,1.1812918735,1.4147208099999999E-2,1.1954390816,-9.7898679814000005,31
Midge,2008-08-14T00:00:00Z,2008,8,14,227,0.22281852705,3.5368020149999999E-2,0.25818654725,-0.93725253435,32
Midge,2008-08-21T00:00:00Z,2008,8,21,234,0.6224771549,1.4147208099999999E-2,0.636624363,0.37843781575000002,33
Midge,2008-08-26T00:00:00Z,2008,8,26,239,0.1061040605,0,0.1061040605,-0.53052030250000004,34
Midge,2008-09-04T00:00:00Z,2008,9,4,248,0.7498020275,0,0.7498020275,0.64369796700000004,35
Midge,2008-09-10T00:00:00Z,2008,9,10,254,0.0141472081,0,0.0141472081,-0.73565481939999999,36
Midge,2008-09-17T00:00:00Z,2008,9,17,261,0.1980609129,0,0.1980609129,0.18391370479999999,37
Midge,2008-09-24T00:00:00Z,2008,9,24,268,0.2263553291,0,0.2263553291,2.8294416200000005E-2,38
Midge,2009-05-15T00:00:00Z,2009,5,15,135,0,0,0,-0.2263553291,19
Midge,2009-05-29T00:00:00Z,2009,5,29,149,0.0141472081,0,0.0141472081,1.4147208099999999E-2,21
Midge,2009-06-04T00:00:00Z,2009,6,4,155,0.007073604,0,0.007073604,-7.0736040999999994E-3,22
Midge,2009-06-17T00:00:00Z,2009,6,17,168,0.0353680202,0,0.0353680202,2.8294416200000002E-2,24
Midge,2009-06-25T00:00:00Z,2009,6,25,176,0.0141472081,0,0.0141472081,-2.1220812100000003E-2,25
Midge,2009-07-02T00:00:00Z,2009,7,2,183,0,0,0,-1.4147208099999999E-2,26
Midge,2009-07-09T00:00:00Z,2009,7,9,190,0.0565888323,2.12208121E-2,0.0778096444,7.7809644400000003E-2,27
Midge,2009-07-16T00:00:00Z,2009,7,16,197,0.205134517,7.0736039999999998E-3,0.212208121,0.13439847659999998,28
Midge,2009-07-23T00:00:00Z,2009,7,23,204,0.5446675105,7.0736039999999998E-3,0.5517411146,0.3395329936,29
Midge,2009-07-30T00:00:00Z,2009,7,30,211,0.7993172557,7.0736039999999998E-3,0.8063908598,0.25464974520000005,30
Midge,2009-08-06T00:00:00Z,2009,8,6,218,0.3466065976,7.0736039999999998E-3,0.3536802017,-0.45271065810000005,31
Midge,2009-08-13T00:00:00Z,2009,8,13,225,0.0707360403,0,0.0707360403,-0.2829441614,32
Midge,2009-08-20T00:00:00Z,2009,8,20,232,3.2467842512,7.0736039999999998E-3,3.2538578552,3.1831218149000002,33
Midge,2009-08-27T00:00:00Z,2009,8,27,239,0.9832309606,0,0.9832309606,-2.2706268946000003,34
Midge,2009-09-01T00:00:00Z,2009,9,1,244,0.5588147186,0,0.5588147186,-0.42441624200000005,35
Midge,2009-09-08T00:00:00Z,2009,9,8,251,0.2617233492,0,0.2617233492,-0.29709136939999997,36
Midge,2009-09-15T00:00:00Z,2009,9,15,258,0.0990304565,0,0.0990304565,-0.16269289270000001,37
Midge,2009-09-21T00:00:00Z,2009,9,21,264,4.5624746013,0,4.5624746013,4.4634441447999995,38
Midge,2009-10-05T00:00:00Z,2009,10,5,278,0.7568756315,0,0.7568756315,-3.8055989698000001,40
Midge,2010-04-15T00:00:00Z,2010,4,15,105,0.0282944161,0,0.0282944161,-0.72858121539999998,15
Midge,2010-04-30T00:00:00Z,2010,4,30,120,0.0990304565,0,0.0990304565,7.0736040400000005E-2,17
Midge,2010-05-13T00:00:00Z,2010,5,13,133,0,0,0,-9.9030456500000003E-2,19
Midge,2010-05-25T00:00:00Z,2010,5,25,145,0.0424416242,7.0736039999999998E-3,0.0495152282,4.9515228199999997E-2,21
Midge,2010-06-04T00:00:00Z,2010,6,4,155,0.1485456847,0,0.1485456847,9.9030456500000016E-2,22
Midge,2010-06-10T00:00:00Z,2010,6,10,161,0.0141472081,0,0.0141472081,-0.13439847660000001,23
Midge,2010-06-15T00:00:00Z,2010,6,15,166,0.0212208121,0,0.0212208121,7.0736040000000007E-3,24
Midge,2010-06-24T00:00:00Z,2010,6,24,175,0.0707360403,0,0.0707360403,4.9515228199999997E-2,25
Midge,2010-07-01T00:00:00Z,2010,7,1,182,1.4854568469,0.43856345009999997,1.924020297,1.8532842567000001,26
Midge,2010-07-08T00:00:00Z,2010,7,8,189,0.0636624363,0,0.0636624363,-1.8603578607,27
Midge,2010-07-15T00:00:00Z,2010,7,15,196,0.0282944161,2.8294416100000001E-2,0.0565888323,-7.0736039999999972E-3,28
Midge,2010-07-22T00:00:00Z,2010,7,22,203,0.2900177654,0.1980609129,0.4880786783,0.43148984600000001,29
Midge,2010-07-29T00:00:00Z,2010,7,29,210,0.1061040605,0,0.1061040605,-0.38197461780000003,30
Midge,2010-08-05T00:00:00Z,2010,8,5,217,8.7429745849,7.0028679927999997,15.745842578,15.6397385175,31
Midge,2010-08-12T00:00:00Z,2010,8,12,224,1.9452411091,33.861342506,35.806583615,20.060741037,32
Midge,2010-08-19T00:00:00Z,2010,8,19,231,42.087943997000004,2.2564796866000001,44.344423683,8.5378400680000013,33
Midge,2010-08-26T00:00:00Z,2010,8,26,238,4.6615050578,6.36624363E-2,4.7251674941,-39.619256188900003,34
Midge,2010-09-02T00:00:00Z,2010,9,2,245,0.4951522823,0,0.4951522823,-4.2300152117999996,35
Midge,2010-09-09T00:00:00Z,2010,9,9,252,0.4031954299,0,0.4031954299,-9.1956852400000011E-2,36
Midge,2010-09-16T00:00:00Z,2010,9,16,259,0.1485456847,0,0.1485456847,-0.2546497452,37
Midge,2010-09-23T00:00:00Z,2010,9,23,266,0.0495152282,0,0.0495152282,-9.9030456500000016E-2,38
Midge,2010-09-30T00:00:00Z,2010,9,30,273,0.0141472081,0,0.0141472081,-3.5368020099999994E-2,39
Midge,2010-10-07T00:00:00Z,2010,10,7,280,0.0424416242,0,0.0424416242,2.8294416100000001E-2,40
Midge,2011-04-28T00:00:00Z,2011,4,28,118,0,0,0,-4.24416242E-2,17
Midge,2011-05-05T00:00:00Z,2011,5,5,125,0,0,0,0,18
Midge,2011-05-12T00:00:00Z,2011,5,12,132,0,0,0,0,19
Midge,2011-05-19T00:00:00Z,2011,5,19,139,0,0,0,0,20
Midge,2011-05-26T00:00:00Z,2011,5,26,146,0,0,0,0,21
Midge,2011-06-02T00:00:00Z,2011,6,2,153,0.007073604,0,0.007073604,7.0736039999999998E-3,22
Midge,2011-06-10T00:00:00Z,2011,6,10,161,0,0,0,-7.0736039999999998E-3,23
Midge,2011-06-16T00:00:00Z,2011,6,16,167,0,0,0,0,24
Midge,2011-06-23T00:00:00Z,2011,6,23,174,0.007073604,0,0.007073604,7.0736039999999998E-3,25
Midge,2011-06-30T00:00:00Z,2011,6,30,181,0,0,0,-7.0736039999999998E-3,26
Midge,2011-07-07T00:00:00Z,2011,7,7,188,0,0,0,0,27
Midge,2011-07-14T00:00:00Z,2011,7,14,195,0.1980609129,1.4147208099999999E-2,0.212208121,0.212208121,28
Midge,2011-07-21T00:00:00Z,2011,7,21,202,0.1485456847,7.0736039999999998E-3,0.1556192887,-5.6588832300000003E-2,29
Midge,2011-07-28T00:00:00Z,2011,7,28,209,0.2263553291,0,0.2263553291,7.0736040400000005E-2,30
Midge,2011-08-04T00:00:00Z,2011,8,4,216,0.8346852759,7.0736039999999998E-3,0.8417588799,0.61540355079999998,31
Midge,2011-08-11T00:00:00Z,2011,8,11,223,0.1556192887,1.4147208099999999E-2,0.1697664968,-0.67199238309999998,32
Midge,2011-08-18T00:00:00Z,2011,8,18,230,3.2326370431,0.87005329610000004,4.1026903392,3.9329238423999997,33
Midge,2011-08-25T00:00:00Z,2011,8,25,237,2.3342893309,4.9515228199999997E-2,2.3838045592,-1.7188857799999995,34
Midge,2011-09-01T00:00:00Z,2011,9,1,244,1.0539670009,0,1.0539670009,-1.3298375583000002,35
Midge,2011-09-08T00:00:00Z,2011,9,8,251,0.4597842622,0,0.4597842622,-0.59418273869999993,36
Midge,2011-09-15T00:00:00Z,2011,9,15,258,0.0565888323,0,0.0565888323,-0.40319542990000001,37
Midge,2011-09-22T00:00:00Z,2011,9,22,265,0.0141472081,0,0.0141472081,-4.24416242E-2,38
Midge,2011-09-29T00:00:00Z,2011,9,29,272,0,0,0,-1.4147208099999999E-2,39
Midge,2011-10-06T00:00:00Z,2011,10,6,279,0,0,0,0,40
Midge,2012-02-16T00:00:00Z,2012,2,16,47,0,0,0,0,7
Midge,2012-02-16T00:00:00Z,2012,2,16,47,0,0,0,0,7
Midge,2012-03-29T00:00:00Z,2012,3,29,89,0,0,0,0,13
Midge,2012-04-13T00:00:00Z,2012,4,13,104,0,0,0,0,15
Midge,2012-04-19T00:00:00Z,2012,4,19,110,0,0,0,0,16
Midge,2012-05-03T00:00:00Z,2012,5,3,124,0,0,0,0,18
Midge,2012-05-10T00:00:00Z,2012,5,10,131,0,0,0,0,19
Midge,2012-05-17T00:00:00Z,2012,5,17,138,0,0,0,0,20
Midge,2012-05-24T00:00:00Z,2012,5,24,145,0,0,0,0,21
Midge,2012-05-31T00:00:00Z,2012,5,31,152,0,0,0,0,22
Midge,2012-06-07T00:00:00Z,2012,6,7,159,0.0424416242,7.0736039999999998E-3,0.0495152282,4.9515228199999997E-2,23
Midge,2012-06-14T00:00:00Z,2012,6,14,166,0.1414720807,0,0.1414720807,9.1956852500000005E-2,24
Midge,2012-06-21T00:00:00Z,2012,6,21,173,0.5022258863,7.0736039999999998E-3,0.5092994904,0.3678274097,25
Midge,2012-06-28T00:00:00Z,2012,6,28,180,0.007073604,0,0.007073604,-0.50222588639999999,26
Midge,2012-07-05T00:00:00Z,2012,7,5,187,0.2829441613,2.12208121E-2,0.3041649734,0.29709136939999997,27
Midge,2012-07-12T00:00:00Z,2012,7,12,194,0.0848832484,2.8294416100000001E-2,0.1131776645,-0.19098730889999999,28
Midge,2012-07-19T00:00:00Z,2012,7,19,201,0.2263553291,5.6588832300000003E-2,0.2829441613,0.1697664968,29
Midge,2012-07-26T00:00:00Z,2012,7,26,208,0.4031954299,9.1956852399999997E-2,0.4951522823,0.21220812100000003,30
Midge,2012-08-02T00:00:00Z,2012,8,2,215,0.5871091347,9.1956852399999997E-2,0.6790659872,0.18391370489999997,31
Midge,2012-08-09T00:00:00Z,2012,8,9,222,0.8346852759,0.3395329936,1.1742182695,0.49515228230000008,32
Midge,2012-08-16T00:00:00Z,2012,8,16,229,0.1202512686,3.5368020200000003E-2,0.1556192887,-1.0185989808,33
Midge,2012-08-23T00:00:00Z,2012,8,23,236,0.2758705573,0,0.2758705573,0.12025126859999999,34
Midge,2012-08-30T00:00:00Z,2012,8,30,243,0.6790659872,0,0.6790659872,0.40319542990000001,35
Midge,2012-09-06T00:00:00Z,2012,9,6,250,0.5658883226,0,0.5658883226,-0.11317766460000001,36
Midge,2012-09-13T00:00:00Z,2012,9,13,257,0.643697967,0,0.643697967,7.7809644400000044E-2,37
Midge,2012-09-20T00:00:00Z,2012,9,20,264,0.3253857855,0,0.3253857855,-0.31831218150000001,38
Midge,2012-09-27T00:00:00Z,2012,9,27,271,0.0212208121,0,0.0212208121,-0.30416497340000004,39
Midge,2012-10-05T00:00:00Z,2012,10,5,279,0.0282944161,0,0.0282944161,7.0736040000000007E-3,40
Midge,2013-04-24T00:00:00Z,2013,4,24,114,0,0,0,-2.8294416100000001E-2,16
Midge,2013-05-02T00:00:00Z,2013,5,2,122,0,0,0,0,17
Midge,2013-05-14T00:00:00Z,2013,5,14,134,0,0,0,0,19
Midge,2013-05-23T00:00:00Z,2013,5,23,143,0,0,0,0,20
Midge,2013-05-30T00:00:00Z,2013,5,30,150,0,0,0,0,21
Midge,2013-06-06T00:00:00Z,2013,6,6,157,0,0,0,0,22
Midge,2013-06-13T00:00:00Z,2013,6,13,164,0.0141472081,7.0736039999999998E-3,0.0212208121,2.12208121E-2,23
Midge,2013-06-20T00:00:00Z,2013,6,20,171,0.0212208121,0,0.0212208121,0,24
Midge,2013-06-27T00:00:00Z,2013,6,27,178,0.0212208121,0,0.0212208121,0,25
Midge,2013-07-03T00:00:00Z,2013,7,3,184,0.0636624363,0,0.0636624363,4.24416242E-2,26
Midge,2013-07-11T00:00:00Z,2013,7,11,192,0.0707360403,0,0.0707360403,7.0736039999999972E-3,27
Midge,2013-07-18T00:00:00Z,2013,7,18,199,0.0778096444,0,0.0778096444,7.0736041000000055E-3,28
Midge,2013-07-25T00:00:00Z,2013,7,25,206,0.3041649734,5.6588832300000003E-2,0.3607538057,0.2829441613,29
Midge,2013-08-01T00:00:00Z,2013,8,1,213,0.1414720807,0.3961218259,0.5375939065,0.17684010080000007,30
Midge,2013-08-08T00:00:00Z,2013,8,8,220,0.3466065976,8.48832484E-2,0.431489846,-0.10610406050000004,31
Midge,2013-08-15T00:00:00Z,2013,8,15,227,0.4668578662,7.7809644400000003E-2,0.5446675105,0.11317766449999994,32
Midge,2013-08-22T00:00:00Z,2013,8,22,234,2.3979517672,0.5092994904,2.9072512576,2.3625837471,33
Midge,2013-08-29T00:00:00Z,2013,8,29,241,1.3439847663,0.2405025371,1.5844873034,-1.3227639542,34
Midge,2013-09-05T00:00:00Z,2013,9,5,248,4.1663527755,4.24416242E-2,4.2087943997,2.6243070963000004,35
Midge,2013-09-11T00:00:00Z,2013,9,11,254,9.2522740753,0.19098730890000001,9.4432613842,5.2344669844999991,36
Midge,2013-09-18T00:00:00Z,2013,9,18,261,81.367667193,0.26879695329999997,81.636464146,72.193202761799995,37
Midge,2013-09-25T00:00:00Z,2013,9,25,268,0.4597842622,0,0.4597842622,-81.176679883799991,38
Midge,2013-10-02T00:00:00Z,2013,10,2,275,0.2263553291,7.0736039999999998E-3,0.2334289331,-0.2263553291,39
Midge,2013-10-09T00:00:00Z,2013,10,9,282,0.0282944161,0,0.0282944161,-0.20513451700000002,40
Midge,2014-05-29T00:00:00Z,2014,5,29,149,0,0,0,-2.8294416100000001E-2,21
Midge,2014-06-05T00:00:00Z,2014,6,5,156,0.007073604,0,0.007073604,7.0736039999999998E-3,22
Midge,2014-06-12T00:00:00Z,2014,6,12,163,0,0,0,-7.0736039999999998E-3,23
Midge,2014-06-19T00:00:00Z,2014,6,19,170,0.0707360403,6.36624363E-2,0.1343984766,0.13439847660000001,24
Midge,2014-06-26T00:00:00Z,2014,6,26,177,0.0919568524,0.13439847660000001,0.2263553291,9.1956852499999991E-2,25
Midge,2014-07-02T00:00:00Z,2014,7,2,183,0.6719923831,0.65077157100000005,1.3227639542,1.0964086251,26
Midge,2014-07-09T00:00:00Z,2014,7,9,190,3.0275025262,0.70028679930000004,3.7277893254,2.4050253711999998,27
Midge,2014-07-17T00:00:00Z,2014,7,17,198,0.7427284235,0.19098730890000001,0.9337157324,-2.7940735929999998,28
Midge,2014-07-23T00:00:00Z,2014,7,23,204,1.0256725848,0.69321319520000002,1.71888578,0.78517004759999987,29
Midge,2014-07-30T00:00:00Z,2014,7,30,211,1.2025126856,9.9030456500000003E-2,1.3015431421,-0.41734263789999981,30
Midge,2014-08-06T00:00:00Z,2014,8,6,218,1.6269289276,7.7809644400000003E-2,1.704738572,0.40319542989999979,31
Midge,2014-08-12T00:00:00Z,2014,8,12,224,0.5517411146,2.8294416100000001E-2,0.5800355307,-1.1247030412999999,32
Midge,2014-08-20T00:00:00Z,2014,8,20,232,2.4403933914,7.0736039999999998E-3,2.4474669954,1.8674314647000001,33
Midge,2014-08-27T00:00:00Z,2014,8,27,239,0.2829441613,2.12208121E-2,0.3041649734,-2.1433020220000003,34
Midge,2014-09-04T00:00:00Z,2014,9,4,247,1.1388502493,7.0736039999999998E-3,1.1459238534,0.84175887999999999,35
Midge,2014-09-10T00:00:00Z,2014,9,10,253,0.4031954299,0,0.4031954299,-0.74272842350000001,36
Midge,2014-09-17T00:00:00Z,2014,9,17,260,1.9452411091,2.12208121E-2,1.9664619212,1.5632664913000001,37
Midge,2014-09-25T00:00:00Z,2014,9,25,268,0.0990304565,0,0.0990304565,-1.8674314647000001,38
Midge,2014-10-03T00:00:00Z,2014,10,3,276,0.0141472081,0,0.0141472081,-8.48832484E-2,39
Midge,2014-10-10T00:00:00Z,2014,10,10,283,0.1273248726,0,0.1273248726,0.1131776645,40
Midge,2015-05-14T00:00:00Z,2015,5,14,134,0,0,0,-0.1273248726,19
Midge,2015-05-21T00:00:00Z,2015,5,21,141,0.007073604,0,0.007073604,7.0736039999999998E-3,20
Midge,2015-05-28T00:00:00Z,2015,5,28,148,0.1131776645,1.4147208099999999E-2,0.1273248726,0.1202512686,21
Midge,2015-06-05T00:00:00Z,2015,6,5,156,0.007073604,0,0.007073604,-0.1202512686,22
Midge,2015-06-11T00:00:00Z,2015,6,11,162,0.0141472081,0,0.0141472081,7.0736040999999994E-3,23
Midge,2015-06-19T00:00:00Z,2015,6,19,170,0.0778096444,1.4147208099999999E-2,0.0919568524,7.7809644299999994E-2,24
Midge,2015-07-02T00:00:00Z,2015,7,2,183,0.0707360403,7.0736039999999998E-3,0.0778096444,-1.4147207999999994E-2,26
Midge,2015-07-09T00:00:00Z,2015,7,9,190,0.0282944161,1.4147208099999999E-2,0.0424416242,-3.5368020200000003E-2,27
Midge,2015-07-16T00:00:00Z,2015,7,16,197,0.1414720807,4.9515228199999997E-2,0.1909873089,0.14854568470000001,28
Midge,2015-07-30T00:00:00Z,2015,7,30,211,1.2378807058,0.16269289279999999,1.4005735986,1.2095862897,30
Midge,2015-08-06T00:00:00Z,2015,8,6,218,0.1061040605,7.7809644400000003E-2,0.1839137049,-1.2166598937000002,31
Midge,2015-08-13T00:00:00Z,2015,8,13,225,0.2617233492,0.1202512686,0.3819746178,0.19806091290000002,32
Midge,2015-08-20T00:00:00Z,2015,8,20,232,0.7215076114,7.7809644400000003E-2,0.7993172557,0.41734263789999998,33
Midge,2015-08-25T00:00:00Z,2015,8,25,237,0.5658883226,9.9030456500000003E-2,0.6649187791,-0.13439847660000004,34
Midge,2015-09-03T00:00:00Z,2015,9,3,246,0.8842005041,6.36624363E-2,0.9478629404,0.2829441613,35
Midge,2015-09-10T00:00:00Z,2015,9,10,253,13.595466952,0.5092994904,14.104766442,13.1569035016,36
Midge,2015-09-17T00:00:00Z,2015,9,17,260,2.1008603978,0,2.1008603978,-12.003906044200001,37
Midge,2015-09-24T00:00:00Z,2015,9,24,267,0.7710228396,0,0.7710228396,-1.3298375581999999,38
Midge,2015-10-02T00:00:00Z,2015,10,2,275,0.3819746178,0,0.3819746178,-0.38904822179999993,39
Midge,2015-10-12T00:00:00Z,2015,10,12,285,0.0636624363,0,0.0636624363,-0.31831218150000001,41
Midge,2016-05-26T00:00:00Z,2016,5,26,147,0.0636624363,3.5368020200000003E-2,0.0990304565,3.5368020200000003E-2,21
Midge,2016-06-03T00:00:00Z,2016,6,3,155,0.0495152282,1.4147208099999999E-2,0.0636624363,-3.5368020200000003E-2,22
Midge,2016-06-16T00:00:00Z,2016,6,16,168,0.0919568524,1.4147208099999999E-2,0.1061040605,4.24416242E-2,24
Midge,2016-06-23T00:00:00Z,2016,6,23,175,1.1176294372,0.48807867830000001,1.6057081155,1.4996040549999998,25
Midge,2016-06-30T00:00:00Z,2016,6,30,182,2.6030862842,0.91956852430000002,3.5226548085,1.9169466930000001,26
Midge,2016-07-07T00:00:00Z,2016,7,7,189,0.212208121,9.1956852399999997E-2,0.3041649734,-3.2184898351000002,27
Midge,2016-07-14T00:00:00Z,2016,7,14,196,5.347644649,3.5155812044000001,8.8632258535,8.5590608800999988,28
Midge,2016-07-21T00:00:00Z,2016,7,21,203,2.9143248616,0.72858121539999998,3.642906077,-5.2203197764999993,29
Midge,2016-07-27T00:00:00Z,2016,7,27,209,5.5103375418,1.8815786727999999,7.3919162146,3.7490101376,30
Midge,2016-08-04T00:00:00Z,2016,8,4,217,1.3864263905,0.23342893310000001,1.6198553236,-5.7720608910000006,31
Midge,2016-08-15T00:00:00Z,2016,8,15,228,3.4519187681499997,0.65430837305,4.1062271412,2.4863718175999998,33
Midge,2016-08-22T00:00:00Z,2016,8,22,235,0.5375939065,4.24416242E-2,0.5800355307,-3.5261916104999997,34
Midge,2016-08-31T00:00:00Z,2016,8,31,244,1.9876827333,0.1980609129,2.1857436462,1.6057081155000001,35
Midge,2016-09-07T00:00:00Z,2016,9,7,251,0.4668578662,8.48832484E-2,0.5517411146,-1.6340025316000002,36
Midge,2016-09-14T00:00:00Z,2016,9,14,258,1.3581319744,8.48832484E-2,1.4430152227,0.89127410809999996,37
Midge,2016-09-21T00:00:00Z,2016,9,21,265,0.9549365445,9.1956852399999997E-2,1.0468933969,-0.39612182579999988,38
Midge,2016-09-28T00:00:00Z,2016,9,28,272,0.0848832484,2.12208121E-2,0.1061040605,-0.94078933640000006,39
Midge,2016-10-05T00:00:00Z,2016,10,5,279,0.1343984766,0,0.1343984766,2.8294416100000011E-2,40
Newbury,2005-07-21T00:00:00Z,2005,7,21,202,0.0212208121,"NA",0.0212208121,"NA",29
Newbury,2005-07-28T00:00:00Z,2005,7,28,209,0.007073604,"NA",0.007073604,-1.4147208099999999E-2,30
Newbury,2005-08-04T00:00:00Z,2005,8,4,216,0,"NA",0,-7.0736039999999998E-3,31
Newbury,2005-08-11T00:00:00Z,2005,8,11,223,0.3536802017,"NA",0.3536802017,0.35368020169999997,32
Newbury,2005-08-18T00:00:00Z,2005,8,18,230,0.1485456847,"NA",0.1485456847,-0.20513451699999996,33
Newbury,2005-08-25T00:00:00Z,2005,8,25,237,2.0159771494,"NA",2.0159771494,1.8674314647000001,34
Newbury,2005-09-03T00:00:00Z,2005,9,3,246,0.8417588799,"NA",0.8417588799,-1.1742182694999999,35
Newbury,2005-09-12T00:00:00Z,2005,9,12,255,11.841213151,"NA",11.841213151,10.999454271099999,37
Newbury,2005-09-20T00:00:00Z,2005,9,20,263,0.0848832484,"NA",0.0848832484,-11.756329902599999,38
Newbury,2007-07-05T00:00:00Z,2007,7,5,186,0.0282944161,2.8294416100000001E-2,0.0565888323,-2.8294416099999997E-2,26
Newbury,2007-07-12T00:00:00Z,2007,7,12,193,0,0,0,-5.6588832300000003E-2,27
Newbury,2007-07-19T00:00:00Z,2007,7,19,200,0.0565888323,0,0.0565888323,5.6588832300000003E-2,28
Newbury,2007-07-26T00:00:00Z,2007,7,26,207,0.0636624363,7.0736039999999998E-3,0.0707360403,1.4147207999999994E-2,29
Newbury,2007-08-02T00:00:00Z,2007,8,2,214,4.484664957,0,4.484664957,4.4139289166999998,30
Newbury,2007-08-09T00:00:00Z,2007,8,9,221,0.6719923831,0,0.6719923831,-3.8126725738999996,31
Newbury,2007-08-16T00:00:00Z,2007,8,16,228,2.2211116664,0,2.2211116664,1.5491192833,32
Newbury,2007-08-23T00:00:00Z,2007,8,23,235,2.0442715656,0,2.0442715656,-0.17684010080000023,33
Newbury,2007-08-30T00:00:00Z,2007,8,30,242,13.531804515,0,13.531804515,11.487532949399998,34
Newbury,2007-09-06T00:00:00Z,2007,9,6,249,28.902746079,0,28.902746079,15.370941564000001,35
Newbury,2007-09-13T00:00:00Z,2007,9,13,256,10.978233459,0,10.978233459,-17.924512620000002,36
Newbury,2007-09-20T00:00:00Z,2007,9,20,263,1.2237334977,0,1.2237334977,-9.7544999613000005,37
Newbury,2008-06-05T00:00:00Z,2008,6,5,157,0,0,0,-1.2237334977000001,22
Newbury,2008-06-12T00:00:00Z,2008,6,12,164,0.0141472081,0,0.0141472081,1.4147208099999999E-2,23
Newbury,2008-06-19T00:00:00Z,2008,6,19,171,0.0707360403,0,0.0707360403,5.6588832199999994E-2,24
Newbury,2008-06-26T00:00:00Z,2008,6,26,178,0.3536802017,7.0736039999999998E-3,0.3607538057,0.29001776540000002,25
Newbury,2008-07-03T00:00:00Z,2008,7,3,185,0.1839137049,0,0.1839137049,-0.17684010079999998,26
Newbury,2008-07-10T00:00:00Z,2008,7,10,192,0.1909873089,7.0736039999999998E-3,0.1980609129,1.4147207999999994E-2,27
Newbury,2008-07-17T00:00:00Z,2008,7,17,199,1.1671446655,0,1.1671446655,0.96908375260000001,28
Newbury,2008-07-24T00:00:00Z,2008,7,24,206,0.1768401008,7.0736039999999998E-3,0.1839137049,-0.98323096059999993,29
Newbury,2008-07-31T00:00:00Z,2008,7,31,213,1.6269289276,0,1.6269289276,1.4430152227000002,30
Newbury,2008-08-07T00:00:00Z,2008,8,7,220,0.5092994904,7.0736039999999998E-3,0.5163730944,-1.1105558332000001,31
Newbury,2008-08-14T00:00:00Z,2008,8,14,227,1.5491192832,3.5368020200000003E-2,1.5844873034,1.068114209,32
Newbury,2008-08-21T00:00:00Z,2008,8,21,234,2.6030862842,1.4147208099999999E-2,2.6172334922,1.0327461888,33
Newbury,2008-08-26T00:00:00Z,2008,8,26,239,0.6719923831,0,0.6719923831,-1.9452411090999999,34
Newbury,2008-09-04T00:00:00Z,2008,9,4,248,0.1414720807,0,0.1414720807,-0.53052030240000003,35
Newbury,2008-09-10T00:00:00Z,2008,9,10,254,0.3112385775,0,0.3112385775,0.1697664968,36
Newbury,2008-09-17T00:00:00Z,2008,9,17,261,0.0707360403,0,0.0707360403,-0.24050253720000001,37
Newbury,2008-09-24T00:00:00Z,2008,9,24,268,0.1556192887,0,0.1556192887,8.48832484E-2,38
Newbury,2009-05-15T00:00:00Z,2009,5,15,135,0,0,0,-0.1556192887,19
Newbury,2009-05-29T00:00:00Z,2009,5,29,149,0,0,0,0,21
Newbury,2009-06-04T00:00:00Z,2009,6,4,155,0,0,0,0,22
Newbury,2009-06-17T00:00:00Z,2009,6,17,168,0.007073604,0,0.007073604,7.0736039999999998E-3,24
Newbury,2009-06-25T00:00:00Z,2009,6,25,176,0.0353680202,0,0.0353680202,2.8294416200000002E-2,25
Newbury,2009-07-02T00:00:00Z,2009,7,2,183,0.007073604,0,0.007073604,-2.8294416200000002E-2,26
Newbury,2009-07-09T00:00:00Z,2009,7,9,190,0.0212208121,7.0736039999999998E-3,0.0282944161,2.12208121E-2,27
Newbury,2009-07-16T00:00:00Z,2009,7,16,197,0.0495152282,7.0736039999999998E-3,0.0565888323,2.8294416200000002E-2,28
Newbury,2009-07-23T00:00:00Z,2009,7,23,204,0.0212208121,0,0.0212208121,-3.5368020200000003E-2,29
Newbury,2009-07-30T00:00:00Z,2009,7,30,211,0.0212208121,0,0.0212208121,0,30
Newbury,2009-08-06T00:00:00Z,2009,8,6,218,0.1556192887,0,0.1556192887,0.13439847659999998,31
Newbury,2009-08-13T00:00:00Z,2009,8,13,225,0.1343984766,0,0.1343984766,-2.1220812099999986E-2,32
Newbury,2009-08-20T00:00:00Z,2009,8,20,232,2.9143248616,3.5368020200000003E-2,2.9496928818,2.8152944052,33
Newbury,2009-08-27T00:00:00Z,2009,8,27,239,3.4519187681,7.0736039999999998E-3,3.4589923722,0.50929949040000011,34
Newbury,2009-09-01T00:00:00Z,2009,9,1,244,1.499604055,0,1.499604055,-1.9593883172,35
Newbury,2009-09-08T00:00:00Z,2009,9,8,251,5.6730304345,0,5.6730304345,4.1734263795000004,36
Newbury,2009-09-15T00:00:00Z,2009,9,15,258,6.7765126637,0,6.7765126637,1.1034822291999999,37
Newbury,2009-09-21T00:00:00Z,2009,9,21,264,41.125933848,0,41.125933848,34.349421184299999,38
Newbury,2009-10-05T00:00:00Z,2009,10,5,278,0.4810050742,0,0.4810050742,-40.644928773800004,40
Newbury,2010-04-15T00:00:00Z,2010,4,15,105,0.0424416242,0,0.0424416242,-0.43856344999999997,15
Newbury,2010-04-30T00:00:00Z,2010,4,30,120,0.007073604,0,0.007073604,-3.5368020200000003E-2,17
Newbury,2010-05-13T00:00:00Z,2010,5,13,133,0,0,0,-7.0736039999999998E-3,19
Newbury,2010-05-25T00:00:00Z,2010,5,25,145,0.0778096444,0,0.0778096444,7.7809644400000003E-2,21
Newbury,2010-06-04T00:00:00Z,2010,6,4,155,0.0353680202,0,0.0353680202,-4.24416242E-2,22
Newbury,2010-06-10T00:00:00Z,2010,6,10,161,0.007073604,0,0.007073604,-2.8294416200000002E-2,23
Newbury,2010-06-15T00:00:00Z,2010,6,15,166,0.0848832484,4.24416242E-2,0.1273248726,0.1202512686,24
Newbury,2010-06-24T00:00:00Z,2010,6,24,175,0.1414720807,3.5368020200000003E-2,0.1768401008,4.9515228200000011E-2,25
Newbury,2010-07-01T00:00:00Z,2010,7,1,182,3.2467842512,1.3793527864999999,4.6261370376,4.4492969368000006,26
Newbury,2010-07-08T00:00:00Z,2010,7,8,189,0.2617233492,0.19098730890000001,0.4527106581,-4.1734263795000004,27
Newbury,2010-07-15T00:00:00Z,2010,7,15,196,0.9407893364,0.65784517509999996,1.5986345115,1.1459238534,28
Newbury,2010-07-22T00:00:00Z,2010,7,22,203,0.7922436517,0.7922436517,1.5844873034,-1.414720810000003E-2,29
Newbury,2010-07-29T00:00:00Z,2010,7,29,210,0.4739314702,0.80639085980000003,1.28032233,-0.30416497340000004,30
Newbury,2010-08-05T00:00:00Z,2010,8,5,217,0.2758705573,2.8294416100000001E-2,0.3041649734,-0.97615735659999991,31
Newbury,2010-08-12T00:00:00Z,2010,8,12,224,1.3015431421,0.82761167189999996,2.129154814,1.8249898406,32
Newbury,2010-08-19T00:00:00Z,2010,8,19,231,2.8577360294,1.5066776589999999,4.3644136884,2.2352588743999999,33
Newbury,2010-08-26T00:00:00Z,2010,8,26,238,3.211416231,5.6588832300000003E-2,3.2680050633,-1.0964086251,34
Newbury,2010-09-02T00:00:00Z,2010,9,2,245,24.46759635,7.0736039999999998E-3,24.474669954,21.206664890700001,35
Newbury,2010-09-09T00:00:00Z,2010,9,9,252,0.0778096444,0,0.0778096444,-24.396860309600001,36
Newbury,2010-09-16T00:00:00Z,2010,9,16,259,0.1343984766,0,0.1343984766,5.6588832200000008E-2,37
Newbury,2010-09-22T00:00:00Z,2010,9,22,265,0.0495152282,0,0.0495152282,-8.4883248400000014E-2,38
Newbury,2010-09-30T00:00:00Z,2010,9,30,273,0,0,0,-4.9515228199999997E-2,39
Newbury,2010-10-07T00:00:00Z,2010,10,7,280,0,0,0,0,40
Newbury,2011-04-28T00:00:00Z,2011,4,28,118,0,0,0,0,17
Newbury,2011-05-05T00:00:00Z,2011,5,5,125,0,0,0,0,18
Newbury,2011-05-12T00:00:00Z,2011,5,12,132,0,0,0,0,19
Newbury,2011-05-19T00:00:00Z,2011,5,19,139,0,0,0,0,20
Newbury,2011-05-26T00:00:00Z,2011,5,26,146,0,0,0,0,21
Newbury,2011-06-02T00:00:00Z,2011,6,2,153,0.007073604,0,0.007073604,7.0736039999999998E-3,22
Newbury,2011-06-10T00:00:00Z,2011,6,10,161,0.0212208121,7.0736039999999998E-3,0.0282944161,2.12208121E-2,23
Newbury,2011-06-16T00:00:00Z,2011,6,16,167,0,0,0,-2.8294416100000001E-2,24
Newbury,2011-06-23T00:00:00Z,2011,6,23,174,0.007073604,0,0.007073604,7.0736039999999998E-3,25
Newbury,2011-06-30T00:00:00Z,2011,6,30,181,0,0,0,-7.0736039999999998E-3,26
Newbury,2011-07-07T00:00:00Z,2011,7,7,188,0.1202512686,1.4147208099999999E-2,0.1343984766,0.13439847660000001,27
Newbury,2011-07-14T00:00:00Z,2011,7,14,195,0.3253857855,0,0.3253857855,0.19098730890000001,28
Newbury,2011-07-21T00:00:00Z,2011,7,21,202,0.2405025371,1.4147208099999999E-2,0.2546497452,-7.0736040300000025E-2,29
Newbury,2011-07-28T00:00:00Z,2011,7,28,209,0.9054213162,0.1697664968,1.075187813,0.82053806780000005,30
Newbury,2011-08-04T00:00:00Z,2011,8,4,216,1.8108426325,0.65784517509999996,2.4686878075,1.3934999944999997,31
Newbury,2011-08-11T00:00:00Z,2011,8,11,223,0.7073604033,0.2546497452,0.9620101485,-1.5066776589999997,32
Newbury,2011-08-18T00:00:00Z,2011,8,18,230,2.6808959285,0.61540355089999998,3.2962994794,2.3342893308999999,33
Newbury,2011-08-25T00:00:00Z,2011,8,25,237,0.5163730944,7.7809644400000003E-2,0.5941827388,-2.7021167406000002,34
Newbury,2011-09-01T00:00:00Z,2011,9,1,244,3.1760482109,4.24416242E-2,3.2184898351,2.6243070962999999,35
Newbury,2011-09-08T00:00:00Z,2011,9,8,251,0.0495152282,0,0.0495152282,-3.1689746069,36
Newbury,2011-09-15T00:00:00Z,2011,9,15,258,0.0848832484,0,0.0848832484,3.5368020200000003E-2,37
Newbury,2011-09-22T00:00:00Z,2011,9,22,265,0,0,0,-8.48832484E-2,38
Newbury,2011-09-29T00:00:00Z,2011,9,29,272,0,0,0,0,39
Newbury,2011-10-06T00:00:00Z,2011,10,6,279,0.007073604,0,0.007073604,7.0736039999999998E-3,40
Newbury,2012-03-29T00:00:00Z,2012,3,29,89,0,0,0,-7.0736039999999998E-3,13
Newbury,2012-04-13T00:00:00Z,2012,4,13,104,0,0,0,0,15
Newbury,2012-04-19T00:00:00Z,2012,4,19,110,0,0,0,0,16
Newbury,2012-05-03T00:00:00Z,2012,5,3,124,0,0,0,0,18
Newbury,2012-05-10T00:00:00Z,2012,5,10,131,0,0,0,0,19
Newbury,2012-05-17T00:00:00Z,2012,5,17,138,0,0,0,0,20
Newbury,2012-05-24T00:00:00Z,2012,5,24,145,0,0,0,0,21
Newbury,2012-05-31T00:00:00Z,2012,5,31,152,0.007073604,0,0.007073604,7.0736039999999998E-3,22
Newbury,2012-06-07T00:00:00Z,2012,6,7,159,0,0,0,-7.0736039999999998E-3,23
Newbury,2012-06-14T00:00:00Z,2012,6,14,166,0.0353680202,7.0736039999999998E-3,0.0424416242,4.24416242E-2,24
Newbury,2012-06-21T00:00:00Z,2012,6,21,173,0.0141472081,0,0.0141472081,-2.8294416100000001E-2,25
Newbury,2012-06-28T00:00:00Z,2012,6,28,180,0.0990304565,0,0.0990304565,8.48832484E-2,26
Newbury,2012-07-05T00:00:00Z,2012,7,5,187,0.1626928928,7.0736039999999998E-3,0.1697664968,7.0736040299999997E-2,27
Newbury,2012-07-12T00:00:00Z,2012,7,12,194,0.5305203025,0.1202512686,0.650771571,0.48100507420000005,28
Newbury,2012-07-19T00:00:00Z,2012,7,19,201,4.0248806948,7.0736039999999998E-3,4.0319542989,3.3811827278999997,29
Newbury,2012-07-26T00:00:00Z,2012,7,26,208,0.8983477122,0.1839137049,1.0822614171,-2.9496928817999999,30
Newbury,2012-08-02T00:00:00Z,2012,8,2,215,0.1626928928,0,0.1626928928,-0.91956852430000002,31
Newbury,2012-08-09T00:00:00Z,2012,8,9,222,0.4102690339,5.6588832300000003E-2,0.4668578662,0.30416497340000004,32
Newbury,2012-08-16T00:00:00Z,2012,8,16,229,0.1556192887,4.24416242E-2,0.1980609129,-0.26879695330000003,33
Newbury,2012-08-23T00:00:00Z,2012,8,23,236,0.6154035509,6.36624363E-2,0.6790659872,0.4810050743,34
Newbury,2012-08-30T00:00:00Z,2012,8,30,243,0.3183121815,0,0.3183121815,-0.36075380569999999,35
Newbury,2012-09-06T00:00:00Z,2012,9,6,250,0.1556192887,0,0.1556192887,-0.16269289280000002,36
Newbury,2012-09-13T00:00:00Z,2012,9,13,257,0.424416242,0,0.424416242,0.26879695329999997,37
Newbury,2012-09-20T00:00:00Z,2012,9,20,264,0.0565888323,0,0.0565888323,-0.3678274097,38
Newbury,2012-09-27T00:00:00Z,2012,9,27,271,0.0141472081,0,0.0141472081,-4.24416242E-2,39
Newbury,2012-10-05T00:00:00Z,2012,10,5,279,0,0,0,-1.4147208099999999E-2,40
Newbury,2013-04-24T00:00:00Z,2013,4,24,114,0,0,0,0,16
Newbury,2013-05-02T00:00:00Z,2013,5,2,122,0,0,0,0,17
Newbury,2013-05-14T00:00:00Z,2013,5,14,134,0,0,0,0,19
Newbury,2013-05-23T00:00:00Z,2013,5,23,143,0,0,0,0,20
Newbury,2013-05-30T00:00:00Z,2013,5,30,150,0,0,0,0,21
Newbury,2013-06-06T00:00:00Z,2013,6,6,157,0,0,0,0,22
Newbury,2013-06-13T00:00:00Z,2013,6,13,164,0.007073604,0,0.007073604,7.0736039999999998E-3,23
Newbury,2013-06-20T00:00:00Z,2013,6,20,171,0.0141472081,0,0.0141472081,7.0736040999999994E-3,24
Newbury,2013-06-27T00:00:00Z,2013,6,27,178,0,0,0,-1.4147208099999999E-2,25
Newbury,2013-07-03T00:00:00Z,2013,7,3,184,0.007073604,0,0.007073604,7.0736039999999998E-3,26
Newbury,2013-07-11T00:00:00Z,2013,7,11,192,0.0282944161,7.0736039999999998E-3,0.0353680202,2.8294416200000002E-2,27
Newbury,2013-07-18T00:00:00Z,2013,7,18,199,0.0282944161,0,0.0282944161,-7.073604100000002E-3,28
Newbury,2013-07-25T00:00:00Z,2013,7,25,206,1.1812918735,0.65784517509999996,1.8391370486,1.8108426325,29
Newbury,2013-08-01T00:00:00Z,2013,8,1,213,0.3253857855,7.0736040299999997E-2,0.3961218259,-1.4430152227000002,30
Newbury,2013-08-08T00:00:00Z,2013,8,8,220,0.0778096444,1.4147208099999999E-2,0.0919568524,-0.30416497349999999,31
Newbury,2013-08-15T00:00:00Z,2013,8,15,227,2.3979517672,0.17684010080000001,2.574791868,2.4828350156000001,32
Newbury,2013-08-22T00:00:00Z,2013,8,22,234,7.9224365171,0.38197461780000003,8.3044111348,5.7296192668000003,33
Newbury,2013-08-29T00:00:00Z,2013,8,29,241,0.1485456847,6.36624363E-2,0.212208121,-8.0922030138000007,34
Newbury,2013-09-05T00:00:00Z,2013,9,5,248,2.3130685188,1.4147208099999999E-2,2.3272157269,2.1150076058999998,35
Newbury,2013-09-11T00:00:00Z,2013,9,11,254,6.0974466765,7.0736040299999997E-2,6.1681827169,3.8409669899999996,36
Newbury,2013-09-18T00:00:00Z,2013,9,18,261,11.133852748,7.0736039999999998E-3,11.140926352,4.9727436350999996,37
Newbury,2013-09-25T00:00:00Z,2013,9,25,268,0.3466065976,7.0736039999999998E-3,0.3536802017,-10.7872461503,38
Newbury,2013-10-02T00:00:00Z,2013,10,2,275,0.6790659872,0,0.6790659872,0.32538578550000002,39
Newbury,2013-10-09T00:00:00Z,2013,10,9,282,0.0282944161,0,0.0282944161,-0.65077157109999995,40
Newbury,2014-05-29T00:00:00Z,2014,5,29,149,0,0,0,-2.8294416100000001E-2,21
Newbury,2014-06-05T00:00:00Z,2014,6,5,156,0,0,0,0,22
Newbury,2014-06-12T00:00:00Z,2014,6,12,163,0,1.4147208099999999E-2,0.0141472081,1.4147208099999999E-2,23
Newbury,2014-06-19T00:00:00Z,2014,6,19,170,0.1909873089,0.1697664968,0.3607538057,0.34660659760000001,24
Newbury,2014-06-26T00:00:00Z,2014,6,26,177,0.0848832484,7.7809644400000003E-2,0.1626928928,-0.1980609129,25
Newbury,2014-07-02T00:00:00Z,2014,7,2,183,0.0212208121,2.12208121E-2,0.0424416242,-0.12025126859999999,26
Newbury,2014-07-09T00:00:00Z,2014,7,9,190,0.0848832484,4.24416242E-2,0.1273248726,8.48832484E-2,27
Newbury,2014-07-23T00:00:00Z,2014,7,23,204,0.0990304565,0,0.0990304565,-2.8294416099999997E-2,29
Newbury,2014-07-30T00:00:00Z,2014,7,30,211,0.8276116719,1.4147208099999999E-2,0.8417588799,0.7427284234,30
Newbury,2014-08-06T00:00:00Z,2014,8,6,218,0.4739314702,0,0.4739314702,-0.3678274097,31
Newbury,2014-08-12T00:00:00Z,2014,8,12,224,0.2334289331,0,0.2334289331,-0.24050253709999997,32
Newbury,2014-08-20T00:00:00Z,2014,8,20,232,4.067322319,7.7809644400000003E-2,4.1451319634,3.9117030303,33
Newbury,2014-08-27T00:00:00Z,2014,8,27,239,22.826520215,0.87712690010000005,23.703647115,19.558515151599998,34
Newbury,2014-09-04T00:00:00Z,2014,9,4,247,6.1398883007,6.36624363E-2,6.203550737,-17.500096377999999,35
Newbury,2014-09-10T00:00:00Z,2014,9,10,253,0.1061040605,0,0.1061040605,-6.0974466764999997,36
Newbury,2014-09-17T00:00:00Z,2014,9,17,260,0.6083299468,7.0736039999999998E-3,0.6154035509,0.5092994904,37
Newbury,2014-09-25T00:00:00Z,2014,9,25,268,0.0141472081,0,0.0141472081,-0.60125634279999995,38
Newbury,2014-10-03T00:00:00Z,2014,10,3,276,0.0212208121,0,0.0212208121,7.0736040000000007E-3,39
Newbury,2014-10-10T00:00:00Z,2014,10,10,283,0.0141472081,0,0.0141472081,-7.0736040000000007E-3,40
Newbury,2015-05-14T00:00:00Z,2015,5,14,134,0,0,0,-1.4147208099999999E-2,19
Newbury,2015-05-21T00:00:00Z,2015,5,21,141,0,0,0,0,20
Newbury,2015-05-28T00:00:00Z,2015,5,28,148,0,0,0,0,21
Newbury,2015-06-05T00:00:00Z,2015,6,5,156,0,0,0,0,22
Newbury,2015-06-11T00:00:00Z,2015,6,11,162,0,0,0,0,23
Newbury,2015-06-19T00:00:00Z,2015,6,19,170,0.007073604,7.0736039999999998E-3,0.0141472081,1.4147208099999999E-2,24
Newbury,2015-07-02T00:00:00Z,2015,7,2,183,0.0282944161,2.8294416100000001E-2,0.0565888323,4.24416242E-2,26
Newbury,2015-07-09T00:00:00Z,2015,7,9,190,0.0778096444,3.5368020200000003E-2,0.1131776645,5.6588832199999994E-2,27
Newbury,2015-07-16T00:00:00Z,2015,7,16,197,0.0778096444,2.12208121E-2,0.0990304565,-1.4147207999999994E-2,28
Newbury,2015-07-23T00:00:00Z,2015,7,23,204,0.3041649734,4.24416242E-2,0.3466065976,0.24757614110000001,29
Newbury,2015-07-30T00:00:00Z,2015,7,30,211,0.6295507589,9.1956852399999997E-2,0.7215076114,0.37490101379999996,30
Newbury,2015-08-06T00:00:00Z,2015,8,6,218,0.1626928928,4.9515228199999997E-2,0.212208121,-0.5092994904,31
Newbury,2015-08-13T00:00:00Z,2015,8,13,225,0.5163730944,0.13439847660000001,0.650771571,0.43856345000000008,32
Newbury,2015-08-20T00:00:00Z,2015,8,20,232,0.3536802017,0.1061040605,0.4597842622,-0.19098730880000003,33
Newbury,2015-08-25T00:00:00Z,2015,8,25,237,0.4597842622,4.24416242E-2,0.5022258863,4.2441624099999964E-2,34
Newbury,2015-09-03T00:00:00Z,2015,9,3,246,12.859812132,0.59418273880000005,13.453994871,12.951768984700001,35
Newbury,2015-09-10T00:00:00Z,2015,9,10,253,1.5986345115,0.13439847660000001,1.7330329881,-11.720961882900001,36
Newbury,2015-09-17T00:00:00Z,2015,9,17,260,25.776213097,0.1202512686,25.896464365,24.1634313769,37
Newbury,2015-09-24T00:00:00Z,2015,9,24,267,2.2069644583,7.0736039999999998E-3,2.2140380624,-23.6824263026,38
Newbury,2015-10-02T00:00:00Z,2015,10,2,275,0.1131776645,0,0.1131776645,-2.1008603979,39
Newbury,2015-10-12T00:00:00Z,2015,10,12,285,0.1485456847,0,0.1485456847,3.5368020200000017E-2,41
Newbury,2016-05-26T00:00:00Z,2016,5,26,147,0.0778096444,3.5368020200000003E-2,0.1131776645,-3.5368020200000017E-2,21
Newbury,2016-06-03T00:00:00Z,2016,6,3,155,0.0141472081,7.0736039999999998E-3,0.0212208121,-9.1956852399999997E-2,22
Newbury,2016-06-16T00:00:00Z,2016,6,16,168,0.3112385775,0.1697664968,0.4810050742,0.45978426210000001,24
Newbury,2016-06-23T00:00:00Z,2016,6,23,175,2.9284720697,0.89127410819999997,3.8197461779,3.3387411036999999,25
Newbury,2016-06-30T00:00:00Z,2016,6,30,182,0.0990304565,4.24416242E-2,0.1414720807,-3.6782740972000001,26
Newbury,2016-07-07T00:00:00Z,2016,7,7,189,0.0141472081,2.12208121E-2,0.0353680202,-0.1061040605,27
Newbury,2016-07-14T00:00:00Z,2016,7,14,196,0.1980609129,0.3678274097,0.5658883226,0.53052030240000003,28
Newbury,2016-07-21T00:00:00Z,2016,7,21,203,0.1768401008,0.17684010080000001,0.3536802017,-0.21220812090000002,29
Newbury,2016-07-27T00:00:00Z,2016,7,27,209,3.5509492246,1.2166598936999999,4.7676091183,4.4139289166000006,30
Newbury,2016-08-04T00:00:00Z,2016,8,4,217,0.8346852759,0.48100507419999999,1.3156903502,-3.4519187681000005,31
Newbury,2016-08-15T00:00:00Z,2016,8,15,228,1.42179441065,0.82407486990000001,2.2458692805,0.9301789303000001,33
Newbury,2016-08-22T00:00:00Z,2016,8,22,235,0.643697967,3.5368020200000003E-2,0.6790659872,-1.5668032933,34
Newbury,2016-08-31T00:00:00Z,2016,8,31,244,3.9399974464,0.21928172500000001,4.1592791715,3.4802131842999997,35
Newbury,2016-09-07T00:00:00Z,2016,9,7,251,0.5941827388,0.1556192887,0.7498020275,-3.4094771439999998,36
Newbury,2016-09-14T00:00:00Z,2016,9,14,258,0.6790659872,2.8294416100000001E-2,0.7073604033,-4.2441624199999972E-2,37
Newbury,2016-09-21T00:00:00Z,2016,9,21,265,0.7993172557,7.7809644400000003E-2,0.8771269001,0.1697664968,38
Newbury,2016-09-28T00:00:00Z,2016,9,28,272,0.1485456847,0,0.1485456847,-0.72858121539999998,39
Newbury,2016-10-05T00:00:00Z,2016,10,5,279,0.0636624363,1.4147208099999999E-2,0.0778096444,-7.0736040300000011E-2,40
