"","YearWeek","Precip_mm","Tmax_C","Tmin_C","Snow_mm"
"1","2005_Week1",18.542,4.444444444,-8.333333333,78.74
"2","2005_Week10",13.97,-3.333333333,-21.11111111,152.4
"3","2005_Week11",18.288,4.444444444,-11.11111111,299.72
"4","2005_Week12",5.08,8.333333333,-7.777777778,127
"5","2005_Week13",42.672,8.333333333,-4.444444444,0
"6","2005_Week14",45.212,11.66666667,0.555555556,0
"7","2005_Week15",0,14.44444444,-4.444444444,0
"8","2005_Week16",4.318,20,-4.444444444,0
"9","2005_Week17",59.182,12.77777778,0,0
"10","2005_Week18",9.398,13.88888889,-2.777777778,0
"11","2005_Week19",4.064,16.11111111,3.888888889,0
"12","2005_Week2",21.844,0,-11.66666667,134.62
"13","2005_Week20",4.572,17.77777778,1.666666667,0
"14","2005_Week21",52.832,12.22222222,5.555555556,0
"15","2005_Week22",4.826,21.66666667,7.777777778,0
"16","2005_Week23",10.922,29.44444444,11.66666667,0
"17","2005_Week24",48.768,31.11111111,17.77777778,0
"18","2005_Week25",31.75,23.33333333,8.888888889,0
"19","2005_Week26",53.848,30.55555556,18.33333333,0
"20","2005_Week27",13.716,27.22222222,12.77777778,0
"21","2005_Week28",31.496,30,13.33333333,0
"22","2005_Week29",26.924,30,15.55555556,0
"23","2005_Week3",11.684,-6.666666667,-19.44444444,50.8
"24","2005_Week30",13.462,30,11.66666667,0
"25","2005_Week31",27.178,28.33333333,13.88888889,0
"26","2005_Week32",0,30.55555556,12.77777778,0
"27","2005_Week33",29.972,26.66666667,12.77777778,0
"28","2005_Week34",11.938,25,7.777777778,0
"29","2005_Week35",81.788,27.77777778,13.88888889,0
"30","2005_Week36",0.508,26.66666667,7.222222222,0
"31","2005_Week37",12.446,25.55555556,8.333333333,0
"32","2005_Week38",8.89,25,7.777777778,0
"33","2005_Week39",28.448,20,1.666666667,0
"34","2005_Week4",14.224,-10.55555556,-26.11111111,365.76
"35","2005_Week40",0,26.11111111,4.444444444,0
"36","2005_Week41",180.594,13.88888889,7.222222222,0
"37","2005_Week42",73.914,13.88888889,5,0
"38","2005_Week43",95.504,7.222222222,-1.111111111,12.7
"39","2005_Week44",0.508,15.55555556,-2.777777778,0
"40","2005_Week45",36.576,11.66666667,2.777777778,0
"41","2005_Week46",43.18,10.55555556,-4.444444444,0
"42","2005_Week47",32.004,4.444444444,-9.444444444,124.46
"43","2005_Week48",35.814,7.222222222,-3.333333333,0
"44","2005_Week49",5.334,-0.555555556,-11.66666667,101.6
"45","2005_Week5",0,2.222222222,-22.22222222,0
"46","2005_Week50",14.478,-1.666666667,-17.77777778,165.1
"47","2005_Week51",19.812,-0.555555556,-15,101.6
"48","2005_Week52",50.292,4.444444444,-6.111111111,45.72
"49","2005_Week53",0,0.555555556,-13.33333333,0
"50","2005_Week6",36.068,8.888888889,-10,154.94
"51","2005_Week7",16.51,1.666666667,-11.11111111,88.9
"52","2005_Week8",7.874,-2.777777778,-17.22222222,127
"53","2005_Week9",12.192,-1.666666667,-18.33333333,152.4
"54","2006_Week1",7.112,0,-13.33333333,88.9
"55","2006_Week10",2.794,2.777777778,-12.22222222,0
"56","2006_Week11",32.512,7.222222222,-6.666666667,7.62
"57","2006_Week12",0,2.777777778,-9.444444444,7.62
"58","2006_Week13",0,13.33333333,-6.111111111,0
"59","2006_Week14",46.482,12.77777778,-5.555555556,12.7
"60","2006_Week15",1.016,17.77777778,-5,0
"61","2006_Week16",0,19.44444444,0,0
"62","2006_Week17",24.892,12.77777778,-2.222222222,0
"63","2006_Week18",21.336,20.55555556,3.333333333,0
"64","2006_Week19",10.16,17.77777778,3.888888889,0
"65","2006_Week2",18.288,5,-7.777777778,33.02
"66","2006_Week20",127.508,12.22222222,6.111111111,0
"67","2006_Week21",6.35,15,3.888888889,0
"68","2006_Week22",15.494,28.88888889,11.66666667,0
"69","2006_Week23",80.518,16.66666667,10.55555556,0
"70","2006_Week24",13.97,23.88888889,7.777777778,0
"71","2006_Week25",22.098,28.33333333,11.66666667,0
"72","2006_Week26",82.804,25.55555556,15,0
"73","2006_Week27",1.016,27.22222222,10.55555556,0
"74","2006_Week28",96.266,29.44444444,12.77777778,0
"75","2006_Week29",5.842,29.44444444,15.55555556,0
"76","2006_Week3",59.69,4.444444444,-10.55555556,101.6
"77","2006_Week30",98.552,30,14.44444444,0
"78","2006_Week31",44.196,30,16.11111111,0
"79","2006_Week32",10.668,25.55555556,8.888888889,0
"80","2006_Week33",1.524,25.55555556,10,0
"81","2006_Week34",37.846,20.55555556,11.11111111,0
"82","2006_Week35",15.494,20,9.444444444,0
"83","2006_Week36",17.272,20,11.66666667,0
"84","2006_Week37",17.018,17.222222225,3.888888889,0
"85","2006_Week38",7.874,22.77777778,8.888888889,0
"86","2006_Week39",27.94,18.33333333,4.444444444,0
"87","2006_Week4",11.938,1.666666667,-11.11111111,139.7
"88","2006_Week40",25.654,15,3.888888889,0
"89","2006_Week41",37.846,17.22222222,-1.111111111,0
"90","2006_Week42",51.054,14.44444444,-1.666666667,0
"91","2006_Week43",23.114,8.333333333,-1.111111111,0
"92","2006_Week44",33.02,10.55555556,-1.666666667,0
"93","2006_Week45",38.354,11.11111111,-3.888888889,0
"94","2006_Week46",62.992,14.44444444,7.777777778,0
"95","2006_Week47",0,6.666666667,-6.111111111,0
"96","2006_Week48",20.066,12.22222222,0,0
"97","2006_Week49",3.302,1.666666667,-9.444444444,76.2
"98","2006_Week5",18.796,4.444444444,-5,50.8
"99","2006_Week50",5.334,6.111111111,-6.111111111,0
"100","2006_Week51",15.748,7.777777778,-6.111111111,0
"101","2006_Week52",26.924,4.722222222,-3.333333333,33.02
"102","2006_Week53",3.556,-2.777777778,-13.33333333,58.42
"103","2006_Week6",19.558,-1.666666667,-11.11111111,7.62
"104","2006_Week7",5.334,3.888888889,-10,38.1
"105","2006_Week8",1.016,-1.111111111,-15.55555556,12.7
"106","2006_Week9",7.112,-6.111111111,-18.33333333,177.8
"107","2007_Week1",33.02,8.888888889,-7.777777778,0
"108","2007_Week10",0.762,0,-25.55555556,0
"109","2007_Week11",37.592,6.666666667,-7.777777778,215.9
"110","2007_Week12",5.08,5.555555556,-16.66666667,12.7
"111","2007_Week13",3.81,8.333333333,-4.444444444,0
"112","2007_Week14",33.528,1.666666667,-7.222222222,228.6
"113","2007_Week15",22.098,3.8888888885,-2.2222222225,152.4
"114","2007_Week16",103.632,10,-2.222222222,101.6
"115","2007_Week17",6.858,17.77777778,-1.111111111,0
"116","2007_Week18",12.192,15.55555556,-1.666666667,0
"117","2007_Week19",14.224,24.44444444,1.111111111,0
"118","2007_Week2",24.638,5,-2.777777778,7.62
"119","2007_Week20",68.834,12.5,4.444444444,0
"120","2007_Week21",3.81,23.33333333,6.111111111,0
"121","2007_Week22",21.336,25.55555556,8.888888889,0
"122","2007_Week23",32.258,20,7.777777778,0
"123","2007_Week24",19.558,25.55555556,10,0
"124","2007_Week25",12.954,23.61111111,9.444444444,0
"125","2007_Week26",0.508,28.88888889,12.22222222,0
"126","2007_Week27",27.686,24.44444444,7.777777778,0
"127","2007_Week28",87.884,25,13.88888889,0
"128","2007_Week29",47.498,24.44444444,12.22222222,0
"129","2007_Week3",12.954,-0.8333333335,-15.833333335,33.02
"130","2007_Week30",4.826,27.77777778,13.888888885,0
"131","2007_Week31",2.286,28.88888889,14.44444444,0
"132","2007_Week32",23.876,25,9.444444444,0
"133","2007_Week33",21.082,26.11111111,8.888888889,0
"134","2007_Week34",9.144,20.55555556,5,0
"135","2007_Week35",7.874,25.555555555,9.444444444,0
"136","2007_Week36",4.826,26.11111111,6.111111111,0
"137","2007_Week37",60.452,18.88888889,6.111111111,0
"138","2007_Week38",0.254,23.33333333,2.777777778,0
"139","2007_Week39",2.286,25,6.111111111,0
"140","2007_Week4",1.778,-7.777777778,-16.66666667,63.5
"141","2007_Week40",4.572,24.16666667,6.111111111,0
"142","2007_Week41",63.246,13.33333333,7.222222222,0
"143","2007_Week42",27.94,16.11111111,1.111111111,0
"144","2007_Week43",40.894,18.88888889,3.333333333,0
"145","2007_Week44",0.254,12.77777778,-1.111111111,0
"146","2007_Week45",14.224,4.7222222225,-3.888888889,0
"147","2007_Week46",40.894,6.111111111,-6.666666667,0
"148","2007_Week47",9.652,2.222222222,-9.444444444,63.5
"149","2007_Week48",31.75,5.555555556,-2.777777778,7.62
"150","2007_Week49",16.51,-3.333333333,-13.33333333,203.2
"151","2007_Week5",8.382,-1.666666667,-16.66666667,152.4
"152","2007_Week50",23.622,1.111111111,-14.44444444,241.3
"153","2007_Week51",23.114,-2.777777778,-12.77777778,241.3
"154","2007_Week52",30.734,2.777777778,-3.333333333,63.5
"155","2007_Week53",6.858,2.222222222,-2.777777778,121.92
"156","2007_Week6",0,-8.333333333,-20,7.62
"157","2007_Week7",35.56,-4.444444444,-16.11111111,317.5
"158","2007_Week8",1.27,-1.666666667,-15,25.4
"159","2007_Week9",30.734,2.777777778,-6.666666667,203.2
"160","2008_Week1",10.668,-2.777777778,-17.22222222,139.7
"161","2008_Week10",57.912,6.666666667,-8.333333333,0
"162","2008_Week11",5.588,3.333333333,-10,12.7
"163","2008_Week12",18.034,2.222222222,-11.11111111,20.32
"164","2008_Week13",13.208,5.277777778,-11.11111111,101.6
"165","2008_Week14",18.034,6.666666667,-2.222222222,7.62
"166","2008_Week15",9.398,13.33333333,-3.333333333,0
"167","2008_Week16",0,21.66666667,-2.777777778,0
"168","2008_Week17",1.016,22.22222222,2.222222222,0
"169","2008_Week18",60.706,8.3333333335,-0.555555556,0
"170","2008_Week19",0.508,20,0,0
"171","2008_Week2",14.732,5.555555556,-3.888888889,25.4
"172","2008_Week20",2.286,17.22222222,3.333333333,0
"173","2008_Week21",0.508,18.33333333,3.333333333,0
"174","2008_Week22",2.54,23.88888889,4.444444444,0
"175","2008_Week23",20.574,20,12.77777778,0
"176","2008_Week24",23.368,27.22222222,11.66666667,0
"177","2008_Week25",12.7,22.22222222,8.333333333,0
"178","2008_Week26",55.88,23.88888889,14.44444444,0
"179","2008_Week27",1.27,26.66666667,11.66666667,0
"180","2008_Week28",17.272,27.77777778,16.66666667,0
"181","2008_Week29",25.908,28.88888889,13.88888889,0
"182","2008_Week3",14.732,-1.1111111115,-13.33333333,190.5
"183","2008_Week30",81.026,25.55555556,14.44444444,0
"184","2008_Week31",17.526,26.11111111,13.88888889,0
"185","2008_Week32",50.8,23.88888889,13.33333333,0
"186","2008_Week33",16.51,23.61111111,11.11111111,0
"187","2008_Week34",7.874,27.22222222,10,0
"188","2008_Week35",0,24.44444444,8.333333333,0
"189","2008_Week36",67.31,26.66666667,12.22222222,0
"190","2008_Week37",44.958,20,8.333333333,0
"191","2008_Week38",0,20.833333335,2.5,0
"192","2008_Week39",34.798,18.88888889,7.222222222,0
"193","2008_Week4",1.016,-3.888888889,-18.33333333,25.4
"194","2008_Week40",19.812,15,1.666666667,0
"195","2008_Week41",4.318,18.88888889,0,0
"196","2008_Week42",15.494,13.88888889,3.333333333,0
"197","2008_Week43",56.388,13.88888889,-4.444444444,0
"198","2008_Week44",16.002,8.333333333,-5.555555556,0
"199","2008_Week45",16.764,16.11111111,3.333333333,0
"200","2008_Week46",19.558,7.777777778,-2.222222222,0
"201","2008_Week47",0.254,-2.777777778,-9.444444444,7.62
"202","2008_Week48",45.212,3.888888889,-5,25.4
"203","2008_Week49",0.508,3.888888889,-7.777777778,25.4
"204","2008_Week5",26.924,1.666666667,-10.55555556,38.1
"205","2008_Week50",84.328,0.555555556,-9.444444444,88.9
"206","2008_Week51",40.132,-0.555555556,-7.222222222,571.5
"207","2008_Week52",6.858,2.222222222,-13.88888889,0
"208","2008_Week53",0.508,1.666666667,-6.9444444445,12.7
"209","2008_Week6",61.976,1.111111111,-5,330.2
"210","2008_Week7",58.166,0.555555556,-18.88888889,139.7
"211","2008_Week8",10.16,-2.5,-16.11111111,60.96
"212","2008_Week9",23.368,0.555555556,-15,254
"213","2009_Week1",8.128,-4.444444444,-13.33333333,114.3
"214","2009_Week10",29.718,5,-7.777777778,114.3
"215","2009_Week11",5.08,8.888888889,-7.777777778,0
"216","2009_Week12",3.302,5.555555556,-8.888888889,0
"217","2009_Week13",19.304,10.55555556,-1.666666667,0
"218","2009_Week14",44.45,9.444444444,-1.111111111,0
"219","2009_Week15",0.508,10.55555556,-3.888888889,0
"220","2009_Week16",7.62,14.44444444,-3.333333333,0
"221","2009_Week17",9.906,22.77777778,3.888888889,0
"222","2009_Week18",6.858,16.66666667,1.111111111,0
"223","2009_Week19",37.846,17.22222222,6.111111111,0
"224","2009_Week2",18.542,-3.888888889,-17.77777778,190.5
"225","2009_Week20",17.526,18.05555556,2.777777778,0
"226","2009_Week21",1.27,23.88888889,4.444444444,0
"227","2009_Week22",32.766,18.33333333,6.666666667,0
"228","2009_Week23",18.288,21.66666667,7.777777778,0
"229","2009_Week24",40.132,21.11111111,10,0
"230","2009_Week25",16.51,21.666666665,15.55555556,0
"231","2009_Week26",25.654,23.88888889,15.55555556,0
"232","2009_Week27",65.024,22.22222222,12.22222222,0
"233","2009_Week28",5.334,23.33333333,9.444444444,0
"234","2009_Week29",33.274,26.11111111,10.55555556,0
"235","2009_Week3",7.112,-5.555555556,-22.77777778,127
"236","2009_Week30",35.306,25.277777775,15.55555556,0
"237","2009_Week31",75.184,27.22222222,13.33333333,0
"238","2009_Week32",31.242,24.44444444,9.444444444,0
"239","2009_Week33",0,30,15.55555556,0
"240","2009_Week34",37.592,26.66666667,15.55555556,0
"241","2009_Week35",37.338,20.55555556,7.222222222,0
"242","2009_Week36",0,24.44444444,6.666666667,0
"243","2009_Week37",13.716,20,8.333333333,0
"244","2009_Week38",1.524,19.44444444,4.444444444,0
"245","2009_Week39",14.224,17.77777778,6.111111111,0
"246","2009_Week4",1.27,-4.444444444,-23.33333333,12.7
"247","2009_Week40",41.148,12.5,3.888888889,0
"248","2009_Week41",15.494,12.22222222,-1.111111111,0
"249","2009_Week42",0,7.222222222,-5,0
"250","2009_Week43",79.502,12.77777778,1.111111111,0
"251","2009_Week44",21.844,10.55555556,2.222222222,0
"252","2009_Week45",0,7.5,-3.333333333,0
"253","2009_Week46",23.114,9.444444444,-3.888888889,0
"254","2009_Week47",24.13,11.11111111,-1.111111111,0
"255","2009_Week48",14.732,8.333333333,-0.555555556,0
"256","2009_Week49",23.114,1.666666667,-5,139.7
"257","2009_Week5",22.606,-1.666666667,-17.77777778,223.52
"258","2009_Week50",35.306,0.555555556,-8.333333333,256.54
"259","2009_Week51",0,-6.666666667,-16.66666667,0
"260","2009_Week52",18.034,0,-9.444444444,50.8
"261","2009_Week53",0,-5.555555556,-18.33333333,0
"262","2009_Week6",0,0,-16.66666667,7.62
"263","2009_Week7",7.874,1.111111111,-10,0
"264","2009_Week8",21.336,0,-10,355.6
"265","2009_Week9",8.382,2.777777778,-12.22222222,101.6
"266","2010_Week1",9.144,-3.333333333,-8.888888889,241.3
"267","2010_Week10",0,8.888888889,-7.222222222,0
"268","2010_Week11",62.738,5.555555556,-4.444444444,50.8
"269","2010_Week12",36.576,12.77777778,-2.777777778,0
"270","2010_Week13",37.846,7.777777778,-3.888888889,0
"271","2010_Week14",2.794,21.66666667,0,0
"272","2010_Week15",5.08,14.44444444,-2.222222222,0
"273","2010_Week16",33.02,12.22222222,-0.555555556,0
"274","2010_Week17",13.97,17.77777778,0,0
"275","2010_Week18",6.35,24.44444444,3.333333333,0
"276","2010_Week19",16.256,11.66666667,0,0
"277","2010_Week2",0.508,-5.555555556,-16.11111111,7.62
"278","2010_Week20",16.002,18.88888889,3.333333333,0
"279","2010_Week21",9.398,26.66666667,10,0
"280","2010_Week22",6.096,25,10,0
"281","2010_Week23",37.592,20.55555556,8.333333333,0
"282","2010_Week24",8.89,20,10,0
"283","2010_Week25",11.938,27.22222222,10,0
"284","2010_Week26",7.874,25.55555556,11.11111111,0
"285","2010_Week27",0.254,30,12.77777778,0
"286","2010_Week28",30.226,30.555555555,18.055555555,0
"287","2010_Week29",19.812,30,14.44444444,0
"288","2010_Week3",14.986,3.0555555555,-4.444444444,254
"289","2010_Week30",7.62,25.55555556,11.11111111,0
"290","2010_Week31",25.4,27.77777778,12.77777778,0
"291","2010_Week32",13.208,27.22222222,15.55555556,0
"292","2010_Week33",5.08,25.833333335,11.66666667,0
"293","2010_Week34",20.828,22.22222222,13.88888889,0
"294","2010_Week35",0,30,10.55555556,0
"295","2010_Week36",3.81,25,11.11111111,0
"296","2010_Week37",14.478,16.66666667,7.222222222,0
"297","2010_Week38",16.51,20.27777778,4.444444444,0
"298","2010_Week39",34.544,22.77777778,10.55555556,0
"299","2010_Week4",20.828,2.222222222,-12.22222222,0
"300","2010_Week40",110.998,15,7.777777778,0
"301","2010_Week41",0.508,15.55555556,-1.666666667,0
"302","2010_Week42",63.5,10.55555556,-1.666666667,0
"303","2010_Week43",65.278,10,-0.555555556,0
"304","2010_Week44",1.778,8.333333333,-2.777777778,0
"305","2010_Week45",35.306,5.555555556,-1.111111111,0
"306","2010_Week46",14.732,12.77777778,-4.444444444,0
"307","2010_Week47",0.762,7.222222222,-3.888888889,0
"308","2010_Week48",25.146,3.8888888885,-5.555555556,25.4
"309","2010_Week49",0,-2.222222222,-6.666666667,12.7
"310","2010_Week5",1.27,-2.777777778,-15.55555556,20.32
"311","2010_Week50",34.036,-2.777777778,-12.77777778,50.8
"312","2010_Week51",1.27,-2.5,-14.44444444,38.1
"313","2010_Week52",11.176,-1.666666667,-14.44444444,381
"314","2010_Week53",0,4.444444444,-13.33333333,0
"315","2010_Week6",1.016,-3.888888889,-11.66666667,38.1
"316","2010_Week7",6.604,0,-8.333333333,114.3
"317","2010_Week8",42.418,2.777777778,-3.333333333,203.2
"318","2010_Week9",32.258,3.333333333,-1.111111111,63.5
"319","2011_Week1",0.254,3.888888889,-13.33333333,0
"320","2011_Week10",61.976,2.777777778,-12.22222222,50.8
"321","2011_Week11",11.684,6.111111111,-1.666666667,25.4
"322","2011_Week12",7.62,3.333333333,-7.777777778,101.6
"323","2011_Week13",4.318,2.222222222,-6.666666667,76.2
"324","2011_Week14",12.954,7.777777778,-3.333333333,20.32
"325","2011_Week15",22.606,15,0,0
"326","2011_Week16",21.082,8.611111111,1.666666667,0
"327","2011_Week17",30.48,14.44444444,2.777777778,0
"328","2011_Week18",9.906,17.22222222,0,0
"329","2011_Week19",0,18.88888889,2.222222222,0
"330","2011_Week2",20.828,-3.888888889,-13.33333333,279.4
"331","2011_Week20",59.69,13.88888889,7.777777778,0
"332","2011_Week21",16.51,22.5,9.444444444,0
"333","2011_Week22",0.254,28.88888889,14.44444444,0
"334","2011_Week23",22.098,26.66666667,7.777777778,0
"335","2011_Week24",34.798,17.77777778,9.444444444,0
"336","2011_Week25",49.784,23.88888889,9.444444444,0
"337","2011_Week26",19.05,23.88888889,12.22222222,0
"338","2011_Week27",6.858,27.77777778,12.22222222,0
"339","2011_Week28",33.02,26.66666667,11.11111111,0
"340","2011_Week29",11.684,28.88888889,12.77777778,0
"341","2011_Week3",17.78,-4.444444444,-23.33333333,279.4
"342","2011_Week30",19.812,27.22222222,13.88888889,0
"343","2011_Week31",18.542,26.66666667,13.61111111,0
"344","2011_Week32",19.812,27.22222222,13.33333333,0
"345","2011_Week33",63.246,24.44444444,11.11111111,0
"346","2011_Week34",27.178,25.55555556,12.77777778,0
"347","2011_Week35",101.092,25,12.22222222,0
"348","2011_Week36",85.344,24.16666667,12.77777778,0
"349","2011_Week37",4.064,23.88888889,9.444444444,0
"350","2011_Week38",17.272,17.77777778,2.222222222,0
"351","2011_Week39",39.624,24.44444444,13.88888889,0
"352","2011_Week4",5.588,-5.555555556,-23.33333333,101.6
"353","2011_Week40",57.404,15,8.888888889,0
"354","2011_Week41",6.096,21.38888889,5.555555556,0
"355","2011_Week42",48.006,15.55555556,5,0
"356","2011_Week43",16.764,11.11111111,-0.555555556,50.8
"357","2011_Week44",17.018,8.888888889,-5,228.6
"358","2011_Week45",6.35,15,-5,0
"359","2011_Week46",16.002,11.388888887,-2.2222222225,0
"360","2011_Week47",33.782,4.444444444,-3.888888889,127
"361","2011_Week48",20.828,8.333333333,-3.333333333,0
"362","2011_Week49",46.99,7.777777778,-5,63.5
"363","2011_Week5",25.654,-4.444444444,-17.77777778,325.12
"364","2011_Week50",4.572,5.5555555555,-9.444444444,0
"365","2011_Week51",22.606,8.333333333,-10,25.4
"366","2011_Week52",20.066,1.111111111,-11.66666667,25.4
"367","2011_Week53",0.508,1.111111111,-6.666666667,0
"368","2011_Week6",14.224,-0.555555556,-21.66666667,38.1
"369","2011_Week7",0,0,-18.33333333,7.62
"370","2011_Week8",1.27,0.555555556,-19.44444444,7.62
"371","2011_Week9",44.704,-0.555555556,-12.77777778,444.5
"372","2012_Week1",7.874,0,-10,0
"373","2012_Week10",4.826,6.111111111,-8.333333333,50.8
"374","2012_Week11",3.302,12.77777778,-1.666666667,0
"375","2012_Week12",0,25,1.666666667,0
"376","2012_Week13",4.572,7.222222222,-2.777777778,0
"377","2012_Week14",2.286,10.2777777765,-2.777777778,0
"378","2012_Week15",1.27,10.55555556,-2.777777778,0
"379","2012_Week16",0,22.77777778,3.888888889,0
"380","2012_Week17",49.022,15,0,0
"381","2012_Week18",29.464,11.66666667,5.555555556,0
"382","2012_Week19",46.228,18.33333333,5,0
"383","2012_Week2",12.954,1.666666667,-8.333333333,152.4
"384","2012_Week20",42.672,24.44444444,7.777777778,0
"385","2012_Week21",2.54,26.66666667,15,0
"386","2012_Week22",34.036,26.11111111,12.77777778,0
"387","2012_Week23",40.386,18.88888889,8.888888889,0
"388","2012_Week24",17.018,25.833333335,9.1666666665,0
"389","2012_Week25",0,27.22222222,10,0
"390","2012_Week26",5.588,28.33333333,13.33333333,0
"391","2012_Week27",8.128,30,15,0
"392","2012_Week28",0.762,27.77777778,10.55555556,0
"393","2012_Week29",5.08,31.11111111,15,0
"394","2012_Week3",5.08,-2.777777778,-18.88888889,50.8
"395","2012_Week30",25.4,28.33333333,15,0
"396","2012_Week31",12.192,29.44444444,16.66666667,0
"397","2012_Week32",74.168,32.22222222,16.66666667,0
"398","2012_Week33",16.256,27.77777778,15,0
"399","2012_Week34",0.254,28.33333333,8.333333333,0
"400","2012_Week35",16.51,28.33333333,12.77777778,0
"401","2012_Week36",10.922,27.22222222,15.55555556,0
"402","2012_Week37",20.574,27.77777778,7.222222222,0
"403","2012_Week38",38.1,20,2.777777778,0
"404","2012_Week39",39.37,17.77777778,3.333333333,0
"405","2012_Week4",39.624,1.666666667,-5,12.7
"406","2012_Week40",20.32,17.22222222,9.444444444,0
"407","2012_Week41",11.43,12.77777778,2.222222222,0
"408","2012_Week42",33.02,16.66666667,3.888888889,0
"409","2012_Week43",0,16.66666667,2.222222222,0
"410","2012_Week44",111.506,13.33333333,8.888888889,0
"411","2012_Week45",3.302,5.555555556,0.555555556,0
"412","2012_Week46",9.144,8.888888889,-3.888888889,0
"413","2012_Week47",0,8.888888889,-6.666666667,0
"414","2012_Week48",0.254,3.333333333,-6.666666667,0
"415","2012_Week49",13.97,8.888888889,-3.888888889,12.7
"416","2012_Week5",1.016,2.777777778,-6.666666667,20.32
"417","2012_Week50",14.478,6.111111111,-6.111111111,0
"418","2012_Week51",54.61,2.777777778,-1.666666667,78.74
"419","2012_Week52",15.24,0,-8.888888889,198.12
"420","2012_Week53",6.604,-3.8888888885,-11.38888889,76.2
"421","2012_Week6",0,2.222222222,-12.77777778,0
"422","2012_Week7",1.27,2.222222222,-10,0
"423","2012_Week8",14.986,3.333333333,-6.111111111,88.9
"424","2012_Week9",24.13,-1.111111111,-7.222222222,292.1
"425","2013_Week1",0,0.555555556,-12.77777778,0
"426","2013_Week10",2.286,5,-3.333333333,38.1
"427","2013_Week11",17.526,1.666666667,-8.333333333,7.62
"428","2013_Week12",13.716,2.777777778,-9.444444444,177.8
"429","2013_Week13",12.954,8.888888889,-5,12.7
"430","2013_Week14",0.254,11.66666667,-3.888888889,0
"431","2013_Week15",34.544,11.11111111,0,25.4
"432","2013_Week16",18.034,16.66666667,-1.666666667,0
"433","2013_Week17",0.254,15,-1.111111111,0
"434","2013_Week18",0,23.33333333,1.666666667,0
"435","2013_Week19",17.78,23.33333333,10,0
"436","2013_Week2",4.572,5,-7.777777778,0
"437","2013_Week20",6.858,18.88888889,1.111111111,0
"438","2013_Week21",86.614,21.11111111,11.11111111,0
"439","2013_Week22",33.528,30,11.66666667,0
"440","2013_Week23",35.56,22.77777778,8.888888889,0
"441","2013_Week24",39.37,23.33333333,8.333333333,0
"442","2013_Week25",24.892,26.66666667,10.55555556,0
"443","2013_Week26",61.468,28.88888889,17.22222222,0
"444","2013_Week27",31.75,31.11111111,17.77777778,0
"445","2013_Week28",14.478,28.33333333,17.22222222,0
"446","2013_Week29",22.86,32.77777778,17.77777778,0
"447","2013_Week3",6.096,2.222222222,-10,76.2
"448","2013_Week30",66.802,25.55555556,12.77777778,0
"449","2013_Week31",9.652,26.66666667,12.22222222,0
"450","2013_Week32",12.192,25.55555556,9.444444444,0
"451","2013_Week33",19.558,25,10,0
"452","2013_Week34",5.334,27.77777778,10,0
"453","2013_Week35",63.246,28.88888889,16.66666667,0
"454","2013_Week36",2.54,21.11111111,6.666666667,0
"455","2013_Week37",43.434,20.55555556,10.55555556,0
"456","2013_Week38",15.748,21.66666667,4.444444444,0
"457","2013_Week39",0,18.33333333,5.555555556,0
"458","2013_Week4",1.016,-7.777777778,-18.33333333,12.7
"459","2013_Week40",7.874,22.22222222,6.111111111,0
"460","2013_Week41",11.938,18.61111111,1.666666667,0
"461","2013_Week42",10.16,17.22222222,6.111111111,0
"462","2013_Week43",0.508,10,-1.666666667,0
"463","2013_Week44",25.908,11.11111111,-2.777777778,0
"464","2013_Week45",5.588,7.222222222,-3.888888889,0
"465","2013_Week46",13.462,8.333333333,-5.555555556,0
"466","2013_Week47",4.064,2.777777778,-9.444444444,50.8
"467","2013_Week48",33.02,-1.666666667,-12.22222222,0
"468","2013_Week49",6.858,4.444444444,-2.222222222,38.1
"469","2013_Week5",37.592,-2.222222222,-8.333333333,101.6
"470","2013_Week50",20.574,-3.888888889,-12.77777778,314.96
"471","2013_Week51",7.62,3.333333333,-5.555555556,50.8
"472","2013_Week52",29.464,3.888888889,-11.11111111,165.1
"473","2013_Week53",0,1.666666667,-19.44444444,0
"474","2013_Week6",22.606,-2.222222222,-14.44444444,304.8
"475","2013_Week7",4.572,5,-7.222222222,58.42
"476","2013_Week8",10.16,1.111111111,-8.888888889,63.5
"477","2013_Week9",17.526,2.777777778,-1.666666667,114.3
"478","2014_Week1",31.496,-7.222222222,-17.77777778,190.5
"479","2014_Week10",2.032,0,-22.22222222,45.72
"480","2014_Week11",32.004,1.666666667,-16.66666667,71.12
"481","2014_Week12",13.716,3.333333333,-11.66666667,101.6
"482","2014_Week13",43.688,4.444444444,-3.888888889,0
"483","2014_Week14",13.462,10,-3.888888889,0
"484","2014_Week15",8.128,16.66666667,1.111111111,0
"485","2014_Week16",21.082,11.66666667,-5,76.2
"486","2014_Week17",24.892,11.66666667,1.666666667,0
"487","2014_Week18",24.13,12.22222222,2.777777778,0
"488","2014_Week19",2.286,22.22222222,5,0
"489","2014_Week2",28.194,0,-14.44444444,12.7
"490","2014_Week20",35.814,18.33333333,7.222222222,0
"491","2014_Week21",40.64,21.11111111,8.888888889,0
"492","2014_Week22",9.652,20.55555556,6.111111111,0
"493","2014_Week23",11.684,28.33333333,10,0
"494","2014_Week24",29.972,21.66666667,10.55555556,0
"495","2014_Week25",14.732,24.44444444,7.222222222,0
"496","2014_Week26",61.976,26.66666667,12.77777778,0
"497","2014_Week27",73.914,27.77777778,13.88888889,0
"498","2014_Week28",14.986,27.77777778,13.33333333,0
"499","2014_Week29",25.4,25.55555556,11.66666667,0
"500","2014_Week3",17.526,3.333333333,-5.555555556,88.9
"501","2014_Week30",78.232,25.55555556,14.44444444,0
"502","2014_Week31",1.016,26.11111111,11.66666667,0
"503","2014_Week32",14.732,26.66666667,10.55555556,0
"504","2014_Week33",57.912,20.55555556,10.55555556,0
"505","2014_Week34",17.018,24.44444444,11.11111111,0
"506","2014_Week35",12.954,26.11111111,13.33333333,0
"507","2014_Week36",11.938,27.77777778,11.11111111,0
"508","2014_Week37",10.16,17.22222222,6.111111111,0
"509","2014_Week38",2.54,18.33333333,2.777777778,0
"510","2014_Week39",0.508,22.77777778,5.555555556,0
"511","2014_Week4",2.794,-10,-21.11111111,50.8
"512","2014_Week40",39.878,17.22222222,5.555555556,0
"513","2014_Week41",26.162,14.44444444,0,0
"514","2014_Week42",35.052,19.44444444,7.222222222,0
"515","2014_Week43",75.692,10.55555556,5,0
"516","2014_Week44",11.176,9.444444444,-0.555555556,0
"517","2014_Week45",7.62,10,-1.111111111,0
"518","2014_Week46",23.114,3.333333333,-3.333333333,20.32
"519","2014_Week47",7.112,3.333333333,-6.666666667,0
"520","2014_Week48",24.892,2.222222222,-4.444444444,279.4
"521","2014_Week49",30.734,0,-12.22222222,76.2
"522","2014_Week5",1.524,-1.111111111,-15.55555556,25.4
"523","2014_Week50",54.61,1.111111111,-3.888888889,101.6
"524","2014_Week51",20.32,1.666666667,-3.333333333,33.02
"525","2014_Week52",30.988,6.111111111,-3.333333333,0
"526","2014_Week53",0,1.111111111,-15,0
"527","2014_Week6",16.51,-3.333333333,-17.77777778,228.6
"528","2014_Week7",37.084,-2.777777778,-13.88888889,388.62
"529","2014_Week8",29.21,2.222222222,-8.333333333,165.1
"530","2014_Week9",0.508,-5,-19.44444444,7.62
"531","2015_Week1",17.018,-1.666666667,-13.33333333,58.42
"532","2015_Week10",0,2.222222222,-14.44444444,0
"533","2015_Week11",6.096,2.222222222,-5.555555556,25.4
"534","2015_Week12",0.508,-2.222222222,-12.22222222,7.62
"535","2015_Week13",13.462,5.555555556,-6.111111111,27.94
"536","2015_Week14",1.27,7.777777778,-4.444444444,0
"537","2015_Week15",21.082,8.888888889,-3.333333333,76.2
"538","2015_Week16",20.32,15.55555556,-0.555555556,0
"539","2015_Week17",7.112,10,0.555555556,0
"540","2015_Week18",0,21.66666667,2.777777778,0
"541","2015_Week19",1.016,26.11111111,5.555555556,0
"542","2015_Week2",2.794,-7.777777778,-21.11111111,58.42
"543","2015_Week20",4.826,22.22222222,9.444444444,0
"544","2015_Week21",0.254,20,5,0
"545","2015_Week22",64.77,27.22222222,10.55555556,0
"546","2015_Week23",17.526,22.77777778,11.11111111,0
"547","2015_Week24",24.638,26.11111111,12.22222222,0
"548","2015_Week25",44.958,25,13.88888889,0
"549","2015_Week26",62.484,23.33333333,11.11111111,0
"550","2015_Week27",14.732,25,11.11111111,0
"551","2015_Week28",4.826,26.11111111,12.22222222,0
"552","2015_Week29",47.752,27.22222222,12.77777778,0
"553","2015_Week3",41.656,-1.666666667,-17.77777778,12.7
"554","2015_Week30",2.032,25,11.66666667,0
"555","2015_Week31",24.892,28.33333333,12.77777778,0
"556","2015_Week32",19.05,24.44444444,10,0
"557","2015_Week33",9.652,28.88888889,13.33333333,0
"558","2015_Week34",21.082,27.77777778,15.55555556,0
"559","2015_Week35",0.254,25.55555556,11.66666667,0
"560","2015_Week36",3.81,29.44444444,11.66666667,0
"561","2015_Week37",77.216,23.33333333,10.55555556,0
"562","2015_Week38",2.032,26.11111111,9.444444444,0
"563","2015_Week39",45.974,22.22222222,3.333333333,0
"564","2015_Week4",12.192,-0.555555556,-13.88888889,248.92
"565","2015_Week40",38.608,13.88888889,2.777777778,0
"566","2015_Week41",22.86,18.33333333,2.777777778,0
"567","2015_Week42",4.318,13.33333333,-0.555555556,0
"568","2015_Week43",3.81,13.33333333,-5,0
"569","2015_Week44",24.638,15.55555556,-0.555555556,0
"570","2015_Week45",21.59,13.33333333,-0.555555556,0
"571","2015_Week46",5.588,10.55555556,-1.666666667,0
"572","2015_Week47",25.908,7.777777778,-4.444444444,0
"573","2015_Week48",8.89,5.555555556,-7.777777778,0
"574","2015_Week49",10.668,5,-4.444444444,0
"575","2015_Week5",14.986,-6.666666667,-23.88888889,287.02
"576","2015_Week50",7.112,9.444444444,0.555555556,0
"577","2015_Week51",20.32,5.555555556,-1.666666667,7.62
"578","2015_Week52",55.626,8.888888889,-2.777777778,139.7
"579","2015_Week53",3.556,0.555555556,-4.444444444,0
"580","2015_Week6",21.082,-6.111111111,-17.22222222,368.3
"581","2015_Week7",9.906,-5,-17.77777778,147.32
"582","2015_Week8",8.128,-5,-26.11111111,165.1
"583","2015_Week9",5.842,-2.222222222,-18.88888889,58.42
"584","2016_Week1",0,2.777777778,-10.55555556,0
"585","2016_Week10",0,3.333333333,-9.444444444,0
"586","2016_Week11",32.512,13.33333333,-1.666666667,7.62
"587","2016_Week12",1.778,6.111111111,-4.444444444,25.4
"588","2016_Week13",21.844,7.222222222,-1.111111111,0
"589","2016_Week14",18.034,6.111111111,-9.444444444,76.2
"590","2016_Week15",23.622,10,-3.888888889,0
"591","2016_Week16",1.27,15,-2.777777778,0
"592","2016_Week17",8.636,12.77777778,-2.222222222,0
"593","2016_Week18",21.336,10.55555556,3.888888889,0
"594","2016_Week19",4.064,13.88888889,1.666666667,0
"595","2016_Week2",29.464,1.111111111,-10.55555556,58.42
"596","2016_Week20",15.24,19.44444444,3.333333333,0
"597","2016_Week21",11.43,22.22222222,8.333333333,0
"598","2016_Week22",2.794,28.88888889,12.77777778,0
"599","2016_Week23",34.798,25,11.66666667,0
"600","2016_Week24",4.064,18.88888889,8.333333333,0
"601","2016_Week25",8.382,27.22222222,8.333333333,0
"602","2016_Week26",16.002,28.33333333,11.66666667,0
"603","2016_Week27",42.418,27.77777778,8.888888889,0
"604","2016_Week28",33.274,25,13.33333333,0
"605","2016_Week29",11.43,28.33333333,14.44444444,0
"606","2016_Week3",11.43,-3.888888889,-13.33333333,139.7
"607","2016_Week30",0,30.55555556,13.33333333,0
"608","2016_Week31",20.828,27.22222222,15.55555556,0
"609","2016_Week32",11.938,28.88888889,11.66666667,0
"610","2016_Week33",33.528,27.22222222,17.77777778,0
"611","2016_Week34",19.304,28.33333333,10.55555556,0
"612","2016_Week35",6.096,26.66666667,12.77777778,0
"613","2016_Week36",0.762,25.55555556,8.333333333,0
"614","2016_Week37",17.018,26.11111111,6.111111111,0
"615","2016_Week38",16.002,23.33333333,7.777777778,0
"616","2016_Week39",9.906,18.33333333,4.444444444,0
"617","2016_Week4",0,-0.555555556,-13.88888889,0
"618","2016_Week40",2.286,16.66666667,5,0
"619","2016_Week41",2.286,20,2.777777778,0
"620","2016_Week42",4.318,18.88888889,1.666666667,0
"621","2016_Week43",24.13,11.11111111,1.666666667,0
"622","2016_Week44",34.798,6.666666667,2.777777778,0
"623","2016_Week45",11.938,10,-5,0
"624","2016_Week46",10.414,10.55555556,-2.222222222,0
"625","2016_Week47",14.224,5.555555556,-3.333333333,7.62
"626","2016_Week48",34.29,3.333333333,-1.111111111,0
"627","2016_Week49",8.382,2.777777778,-4.444444444,127
"628","2016_Week5",24.13,6.111111111,-3.888888889,0
"629","2016_Week50",11.684,0.555555556,-8.888888889,203.2
"630","2016_Week51",29.972,-4.444444444,-21.66666667,190.5
"631","2016_Week52",6.096,5,-6.111111111,38.1
"632","2016_Week53",7.366,0.5555555555,-8.6111111115,127
"633","2016_Week6",4.572,1.111111111,-9.444444444,88.9
"634","2016_Week7",19.812,-5.555555556,-20.55555556,71.12
"635","2016_Week8",51.562,3.333333333,-10.55555556,33.02
"636","2016_Week9",22.098,5.555555556,-6.666666667,0
