year,week,temp_Coffin_mean,temp_Fichter_mean,temp_Midge_mean,temp_OldNewbury_mean,light_Coffin_mean,light_Fichter_mean,light_Midge_mean,light_OldNewbury_mean,temp_Coffin_median,temp_Fichter_median,temp_Midge_median,temp_OldNewbury_median,light_Coffin_median,light_Fichter_median,light_Midge_median,light_OldNewbury_median,temp_Coffin_max,temp_Fichter_max,temp_Midge_max,temp_OldNewbury_max,light_Coffin_max,light_Fichter_max,light_Midge_max,light_OldNewbury_max
2009,20,NA,NA,13.327966709346992,NA,NA,NA,4492.803201024328,NA,NA,NA,12.98,NA,NA,NA,1119.5,NA,-Inf,-Inf,15.664,-Inf,-Inf,-Inf,121245.2,-Inf
2009,21,NA,NA,15.725554563492063,NA,NA,NA,4280.819940476191,NA,NA,NA,15.664,NA,NA,NA,1087.2,NA,-Inf,-Inf,18.045,-Inf,-Inf,-Inf,209423.6,-Inf
2009,22,NA,NA,15.189975198412698,NA,NA,NA,1590.9085317460317,NA,NA,NA,15.187,NA,NA,NA,640.45,NA,-Inf,-Inf,16.808,-Inf,-Inf,-Inf,93689.5,-Inf
2009,23,NA,NA,17.180594246031745,NA,NA,NA,1078.050496031746,NA,NA,NA,16.808,NA,NA,NA,602.8,NA,-Inf,-Inf,19.187,-Inf,-Inf,-Inf,7577.8,-Inf
2009,24,NA,NA,NA,NA,NA,NA,NA,NA,NA,NA,NA,NA,NA,NA,NA,NA,-Inf,-Inf,19.948,-Inf,-Inf,-Inf,6544.5,-Inf
2009,26,20.146806553911205,NA,NA,19.13417441860465,4113.197674418605,NA,NA,3445.592706131078,20.234,NA,NA,19.377,861.15,NA,NA,828.8,22.621,19.377,18.711,22.238,66133.8,7577.8,5166.7,42711.4
2009,27,19.646646825396825,NA,NA,18.087613095238094,3672.8703373015874,NA,NA,1131.9230158730159,19.567,NA,NA,18.331,624.3,NA,NA,172.2,21.091,-Inf,-Inf,20.805,55111.5,-Inf,-Inf,26178
2009,28,NA,NA,NA,NA,NA,NA,NA,NA,NA,NA,NA,NA,NA,NA,NA,NA,22.142,-Inf,-Inf,21.378,60622.6,-Inf,-Inf,60622.6
2009,29,21.34838591269841,NA,NA,20.97297023809524,3869.68501984127,NA,NA,2959.897123015873,21.378,NA,NA,20.996,775,NA,NA,699.7,22.621,-Inf,-Inf,23.1,68889.3,-Inf,-Inf,44089.2
2009,30,21.879378968253967,NA,NA,19.856131944444446,2762.2375992063494,NA,NA,3545.6232142857143,21.76,NA,NA,19.758,479,NA,NA,613.55,23.966,-Inf,-Inf,22.525,60622.6,-Inf,-Inf,63378.2
2009,31,22.862935515873016,NA,NA,20.968872023809524,2340.1781746031747,NA,NA,976.5193452380953,22.812,NA,NA,20.71,452.1,NA,NA,204.5,24.158,-Inf,-Inf,23.581,34444.7,-Inf,-Inf,11711.2
2009,32,22.77149107142857,NA,NA,22.83989880952381,2866.77003968254,NA,NA,528.8544642857142,22.717,NA,NA,22.812,446.70000000000005,NA,NA,75.3,24.448,-Inf,-Inf,24.641,30311.3,-Inf,-Inf,7233.4
2009,33,23.98258134920635,NA,NA,24.36607738095238,4571.853273809524,NA,NA,3899.07371031746,23.869,NA,NA,24.738,753.5,NA,NA,565.1,25.805,-Inf,-Inf,26.977,38578,-Inf,-Inf,60622.6
2009,34,24.89187896825397,NA,NA,24.31329365079365,2155.3762896825397,NA,NA,1490.6699404761905,24.835,NA,NA,24.255,252.95,NA,NA,166.85,26.195,-Inf,-Inf,25.902,37200.2,-Inf,-Inf,33066.9
2009,35,NA,NA,NA,21.217710317460316,NA,NA,NA,3363.023115079365,NA,NA,NA,20.996,NA,NA,NA,398.3,24.448,-Inf,-Inf,24.641,52355.9,-Inf,-Inf,35822.5
2009,36,21.421724206349207,NA,NA,NA,3682.161111111111,NA,NA,NA,21.378,NA,NA,NA,344.4,NA,NA,NA,22.525,-Inf,-Inf,23.292,55111.5,-Inf,-Inf,52355.9
2009,37,20.054624007936507,NA,NA,20.019747023809526,2863.661507936508,NA,NA,2107.5041666666666,20.043,NA,NA,19.948,236.8,NA,NA,172.2,21.855,-Inf,-Inf,21.282,31689.1,-Inf,-Inf,26178
2009,38,18.603083993660857,NA,NA,18.490740095087162,2517.145958795563,NA,NA,2055.642472266244,18.711,NA,NA,18.521,10.8,NA,NA,10.8,20.424,-Inf,-Inf,19.948,26178,-Inf,-Inf,26178
2010,21,18.34025,20.31645,18.81395,21.0345,9108.28,9479.28,1526.5116666666668,4789.428333333333,18.236,20.186,19.5195,20.901,877.25,3229.2,710.45,586.65,19.472,21.378,19.853,21.951,77156.1,57867,11711.2,27555.7
2010,22,18.853988095238094,20.294905753968255,19.636603174603174,20.202068452380953,7549.722817460318,5279.529662698413,3122.454761904762,3247.800297619048,19.092,20.138,19.758,20.329,1377.8,968.8,1151.7,1001,22.621,22.429,22.142,22.429,110223,93689.5,55111.5,44089.2
2010,23,NA,19.278040674603176,NA,19.09286607142857,NA,3604.837003968254,NA,3218.520138888889,NA,18.806,NA,18.5685,NA,570.5,NA,694.3,22.333,22.908,22.717,23.004,74400.5,63378.2,71644.9,46844.8
2010,24,NA,17.740033730158732,NA,17.322454365079366,NA,2909.653869047619,NA,2594.434623015873,NA,17.57,NA,17.189,NA,715.8,NA,775,19.187,19.472,19.662,20.138,79911.6,68889.3,74400.5,44089.2
2010,25,20.01901488095238,20.588169642857142,21.074044642857142,20.530665674603174,8850.848313492064,3987.704761904762,3325.27251984127,3802.60248015873,20.043,20.615,21.378,20.805,1808.3,172.2,629.7,914.9,23.581,23.677,23.196,23.581,126756.4,115734.1,68889.3,154312.1
2010,26,NA,22.18037996031746,22.787000992063493,22.248782738095237,NA,5777.800595238095,3533.729365079365,3232.0813492063494,NA,22.046,22.812,22.333,NA,952.6,941.85,909.55,23.484,24.448,24.158,24.255,77156.1,176356.7,63378.2,66133.8
2010,27,22.89532837301587,22.996330357142856,23.32180257936508,23.132931547619048,10974.957242063492,8717.962896825396,4620.163095238096,7161.6429563492065,22.238,22.908,22.956000000000003,23.1,2583.4,1108.7,1636.1,1463.9,28.258,27.272,26.781,27.173,88178.4,187379,85422.8,126756.4
2010,28,25.876489969126983,24.741447089930556,NA,NA,5968.324503968254,5174.480357142857,NA,NA,25.708,24.641,NA,NA,1108.7,1027.95,NA,NA,28.45611111,27.665,27.37,26.488,74400.5,159823.3,49600.3,82667.2
2010,29,25.71199074066468,25.51995094798611,26.514493496319446,25.50484071875992,721.6140873015873,608.7906746031746,326.2718253968254,409.5595238095238,25.61,25.31888889,26.48777778,25.51277778,188,114.5,144,77,27.56722222,27.76388889,27.76388889,27.37,14336,20480,3200,5120
2010,30,24.246091854731077,24.498510181484065,24.888231850428287,24.551549911543823,1107.101892430279,1336.2486055776892,400.975796812749,886.5599601593625,24.255,24.44777778,24.835,24.44777778,144,82,87.5,54,26.195,26.78111111,26.39,26.09722222,42711.4,57867,30311.3,49600.3
2010,31,23.843781746031745,23.93886507936508,24.325935515873017,23.890855158730158,7792.766666666666,5047.186111111111,4004.3848214285713,6161.843948412698,23.773,23.869,24.351,23.773,1334.75,850.4,1291.65,1216.3,25.513,25.513,25.513,25.805,165334.4,110223,68889.3,126756.4
2010,32,24.058948412698413,24.12498511904762,NA,24.58130357142857,9715.050892857143,5063.470138888889,NA,6874.497420634921,23.966,24.158,NA,24.545,1307.8000000000002,710.4,NA,1130.2,26.097,25.708,26.097,26.781,110223,85422.8,93689.5,68889.3
2010,33,24.19474107142857,23.913243055555558,24.388280753968253,23.820877976190477,8147.0566468253965,5486.351587301588,3917.345238095238,6023.631349206349,24.062,23.773,24.351,23.773,1420.85,635.1,1087.15,947.2,26.39,25.902,25.416,25.708,88178.4,220445.9,93689.5,93689.5
2010,34,22.45925892857143,22.366698412698412,NA,NA,6108.824801587301,2838.2674603174605,NA,NA,22.333,22.046,NA,NA,608.15,226,NA,NA,24.931,24.738,25.319,25.513,110223,99200.7,115734.1,93689.5
2010,35,21.882900793650794,22.137933531746032,22.59042857142857,22.62237996031746,11476.613194444444,4926.540376984127,2856.646031746032,6513.07123015873,21.855,21.951,22.381,22.429,974.15,495.1,731.9,602.8,24.158,25.416,25.028,25.902,170845.6,60622.6,66133.8,93689.5
2010,36,21.806700396825395,NA,NA,NA,6294.8885912698415,NA,NA,NA,21.473,NA,NA,NA,570.5,NA,NA,NA,25.028,25.028,24.835,25.416,104711.8,74400.5,42711.4,60622.6
2010,37,19.622304563492065,19.441544642857142,19.700790674603173,19.49700992063492,4498.287896825397,1215.6024801587303,1865.1000992063491,3699.2130952380953,19.662,19.472,19.662,19.567,193.8,64.6,161.5,183,21.378,20.519,20.901,21.091,104711.8,28933.5,14466.8,49600.3
2010,38,NA,NA,NA,NA,NA,NA,NA,NA,NA,NA,NA,NA,NA,NA,NA,NA,19.853,18.616,19.092,19.187,121245.2,27555.7,9300.1,49600.3
2011,22,NA,15.932423645320197,18.257837438423646,16.137339901477834,NA,6469.033497536946,1804.3669950738915,2760.928078817734,NA,15.76,18.045,16.046,NA,1334.7,635.1,344.4,15.282,16.999,20.329,17.379,46844.8,66133.8,21355.7,38578
2011,23,NA,18.421997023809524,18.696462301587303,18.61982638888889,NA,6214.980257936508,2612.684126984127,2553.9294642857144,NA,18.4735,18.14,18.426,NA,818.1,613.5,204.5,20.329,23.196,23.388,22.142,34444.7,121245.2,39955.8,52355.9
2011,24,NA,NA,NA,NA,NA,NA,NA,NA,NA,NA,NA,NA,NA,NA,NA,NA,20.329,21.091,20.424,20.615,34444.7,79911.6,42711.4,39955.8
2011,25,NA,19.55430257936508,19.98803273809524,18.393046626984127,NA,633.5263888888888,1483.6857142857143,2559.3760912698413,NA,19.472,20.043,19.092,NA,113,479,581.3,21.664,21.569,21.76,22.429,27555.7,8266.7,28933.5,37200.2
2011,26,NA,NA,NA,NA,NA,NA,NA,NA,NA,NA,NA,NA,NA,NA,NA,NA,22.142,21.951,22.429,20.901,28933.5,57867,28933.5,38578
2011,27,NA,22.70222619047619,22.89058234126984,22.024118055555554,NA,6026.866865079365,3698.872023809524,3278.1699404761903,NA,23.004,22.812,22.238,NA,941.85,1162.5,995.65,23.677,25.513,24.641,25.222,41333.6,198401.3,52355.9,49600.3
2011,28,NA,NA,NA,NA,NA,NA,NA,NA,NA,NA,NA,NA,NA,NA,NA,NA,24.448,25.708,25.805,25.61,115734.1,132267.5,52355.9,57867
2011,29,NA,25.200939484126984,25.178055555555556,25.30787003968254,NA,1847.6632936507935,3512.4367063492064,4839.584424603175,NA,25.028,25.125,25.222,NA,376.75,1108.7,1377.8,25.708,27.075,27.173,28.06,41333.6,52355.9,37200.2,55111.5
2011,30,NA,NA,NA,NA,NA,NA,NA,NA,NA,NA,NA,NA,NA,NA,NA,NA,26,27.272,26.879,27.764,22044.6,19977.9,30311.3,57867
2011,31,NA,24.514121031746033,24.746645833333332,24.412123015873014,NA,783.0561507936508,3600.438392857143,3867.228869047619,NA,24.448,24.835,24.351,NA,118.4,925.7,1071,25.805,25.805,25.805,26.097,34444.7,15155.7,52355.9,44089.2
2011,32,NA,NA,NA,NA,NA,NA,NA,NA,NA,NA,NA,NA,NA,NA,NA,NA,25.416,25.222,25.708,25.319,68889.3,176356.7,26178,71644.9
2011,33,NA,23.09489384920635,23.3271626984127,21.54128373015873,NA,4363.557738095238,1359.697023809524,3125.189484126984,NA,23.004,23.484,22.189999999999998,NA,645.85,554.35,635.1,24.158,25.416,24.545,24.545,3616.7,104711.8,10333.4,74400.5
2011,34,NA,NA,NA,NA,NA,NA,NA,NA,NA,NA,NA,NA,NA,NA,NA,NA,23.773,25.125,24.931,24.738,46844.8,88178.4,10677.8,49600.3
2011,35,NA,21.869387896825398,21.826967261904763,20.415234126984128,NA,1131.9443452380951,895.2229166666667,2020.9969246031746,NA,21.855,21.664,20.234,NA,150.7,231.4,21.5,23.1,23.388,23.484,23.773,49600.3,17911.2,8611.2,30311.3
2011,36,NA,NA,NA,NA,NA,NA,NA,NA,NA,NA,NA,NA,NA,NA,NA,NA,23.292,23.677,23.966,22.717,9644.5,16533.4,6544.5,22044.6
2011,37,NA,20.730620039682538,21.261184523809522,19.66736507936508,NA,1391.7114087301588,767.286011904762,1360.8609126984127,NA,20.805,21.282,19.758,NA,156.1,156.1,107.6,21.855,22.525,22.717,21.473,34444.7,15844.5,5166.7,39955.8
2011,38,NA,NA,NA,NA,NA,NA,NA,NA,NA,NA,NA,NA,NA,NA,NA,NA,19.758,20.329,19.948,19.948,28933.5,34444.7,6544.5,14466.8
2012,21,NA,16.09961111111111,19.114566666666665,NA,NA,4781.021944444445,2418.182222222222,NA,NA,16.046,19.092,NA,NA,1324,1006.4,NA,20.234,17.95,20.234,-Inf,8266.7,60622.6,31689.1,-Inf
2012,22,NA,NA,NA,NA,NA,NA,NA,NA,NA,NA,NA,NA,NA,NA,NA,NA,21.76,20.71,21.378,-Inf,42711.4,82667.2,49600.3,-Inf
2012,23,NA,17.001412698412697,17.32275,NA,NA,2652.2271825396824,2440.408134920635,NA,NA,16.903,17.284,NA,NA,597.4,753.5,NA,18.901,18.711,19.282,-Inf,5166.7,46844.8,52355.9,-Inf
2012,24,NA,NA,NA,NA,NA,NA,NA,NA,NA,NA,NA,NA,NA,NA,NA,NA,20.043,19.948,20.615,22.333,10333.4,33066.9,33066.9,99200.7
2012,25,NA,NA,NA,20.862125992063493,NA,NA,NA,3910.2757936507937,NA,NA,NA,21.664,NA,NA,NA,602.75,-Inf,-Inf,-Inf,25.222,-Inf,-Inf,-Inf,82667.2
2012,26,NA,NA,NA,22.640737103174605,NA,NA,NA,5686.938789682539,NA,NA,NA,22.621,NA,NA,NA,1049.5,-Inf,-Inf,-Inf,24.835,-Inf,-Inf,-Inf,159823.3
2012,27,NA,NA,NA,23.850012896825397,NA,NA,NA,6565.332539682539,NA,NA,NA,23.869,NA,NA,NA,1184,24.158,24.738,24.641,25.222,74400.5,66133.8,49600.3,77156.1
2012,28,NA,24.336001984126984,NA,NA,NA,7613.663095238096,NA,NA,NA,24.351,NA,NA,NA,925.7,NA,NA,25.416,26.585,26.585,26.585,148801,104711.8,55111.5,104711.8
2012,29,24.9165128968254,25.321833333333334,25.646815476190476,25.5473878968254,7556.781150793651,5748.659325396826,3721.232341269841,5334.40634920635,24.835,25.222,25.708,25.61,1372.4,963.4,1463.9,1054.85,26.781,26.683,26.683,27.075,93689.5,104711.8,55111.5,93689.5
2012,30,24.127599206349206,24.14723015873016,NA,23.914394841269843,5090.434424603174,3876.926388888889,NA,2246.505357142857,23.966,23.773,NA,23.677,888,775,NA,419.8,26.097,26.39,26.683,26.195,71644.9,110223,126756.4,34444.7
2012,31,24.1895128968254,24.137234126984126,24.68625892857143,23.949434523809526,6175.24503968254,5532.53621031746,3085.699503968254,3701.9261904761906,24.062,23.966,24.545,23.677,1135.6,1103.3000000000002,1027.95,694.25,26.585,26.39,26.292,26.39,99200.7,115734.1,60622.6,104711.8
2012,32,25.17532242063492,24.80043154761905,NA,24.561339285714286,6373.8875992063495,4655.1550595238095,NA,4253.8892857142855,25.222,24.835,NA,24.448,699.7,629.7,NA,258.3,26.585,26.292,26.585,26.879,115734.1,85422.8,30311.3,104711.8
2012,33,25.041122023809525,24.937170634920633,25.422,24.82043650793651,6799.918055555556,4885.427281746031,2120.6493055555557,1397.6911706349206,25.028,24.835,25.416,24.738,629.7,678.1,651.2,161.5,26.39,26.195,26.488,26.097,110223,79911.6,38578,71644.9
2012,34,NA,24.489858134920635,NA,24.565112103174602,NA,6165.21746031746,NA,1734.0339285714285,NA,24.351,NA,24.448,NA,694.3,NA,269.1,26.097,25.61,25.708,26,159823.3,82667.2,16533.4,39955.8
2012,35,23.804449404761904,23.652016865079364,24.20832142857143,23.62699404761905,8596.463293650793,5995.235912698413,1701.3770833333333,2800.7122023809525,23.869,23.677,24.158,23.581,775,565.1,538.2,279.9,26,25.902,25.708,25.222,115734.1,143289.8,30311.3,49600.3
2012,36,22.80787400793651,22.483777777777778,22.891133928571428,22.326719246031747,5096.660119047619,4134.780555555555,1179.8697420634921,1860.9040674603175,22.717,22.429,22.908,22.189999999999998,306.79999999999995,322.9,166.85,188.4,24.545,23.773,24.062,23.966,93689.5,115734.1,8266.7,42711.4
2012,37,21.435896825396824,21.144345238095237,21.76385515873016,20.878910714285713,6970.133333333333,6065.1278769841265,1006.7176587301587,NA,21.378,21.091,21.855,20.71,355.2,312.2,285.25,NA,23.484,23.388,23.196,22.812,143289.8,143289.8,7233.4,42711.4
2012,38,NA,19.550669642857144,NA,NA,NA,7057.760317460317,NA,NA,NA,19.567,NA,NA,NA,118.39999999999999,NA,NA,21.664,21.951,21.569,21.282,79911.6,115734.1,15844.5,34444.7
2012,39,NA,NA,NA,NA,NA,NA,NA,NA,NA,NA,NA,NA,NA,NA,NA,NA,-Inf,19.948,19.853,-Inf,-Inf,148801,37200.2,-Inf
2013,21,NA,12.893775280898875,13.491038523274478,11.804460674157303,NA,2739.7125200642054,1733.9123595505619,3257.0898876404494,NA,12.787,13.173,11.819,NA,505.9,559.7,624.3,-Inf,14.325,15.855,13.365,-Inf,74400.5,22044.6,42711.4
2013,22,NA,NA,NA,NA,NA,NA,NA,NA,NA,NA,NA,NA,NA,NA,NA,NA,19.472,21.664,21.664,19.662,10752,66133.8,41333.6,35822.5
2013,23,NA,16.87839484126984,NA,16.25577876984127,NA,NA,NA,252.86111111111111,NA,16.903,NA,16.523,NA,NA,NA,65,19.187,19.758,20.901,19.282,8192,-Inf,44089.2,3712
2013,24,NA,NA,NA,NA,NA,NA,NA,NA,NA,NA,NA,NA,NA,NA,NA,NA,18.236,18.806,18.806,18.521,115734.1,85422.8,52355.9,88178.4
2013,25,18.567520833333333,19.448444444444444,19.81911408730159,19.504505952380953,4947.886904761905,2456.979861111111,2104.5999007936507,5479.261011904762,18.426,19.662,19.662,19.472,1044.1,430.6,834.2,823.45,20.901,23.292,23.1,23.484,99200.7,49600.3,37200.2,66133.8
2013,26,NA,NA,NA,NA,NA,NA,NA,NA,NA,NA,NA,NA,NA,NA,NA,NA,23.773,23.677,24.255,24.158,71644.9,30311.3,27555.7,60622.6
2013,27,23.971746031746033,24.13410218253968,25.31234027777778,22.99828968253968,5235.352777777778,2027.4897817460317,1601.8318452380952,3666.304265873016,23.725,24.545,25.902,24.545,963.4,312.2,592,570.5,26.488,26.585,27.468,26.488,82667.2,55111.5,22044.6,52355.9
2013,28,NA,NA,NA,NA,NA,NA,NA,NA,NA,NA,NA,NA,NA,NA,NA,NA,26.683,26,26.683,25.902,88178.4,79911.6,44089.2,57867
2013,29,26.11162599206349,26.478076388888887,26.85205753968254,26.971737103174604,4869.869543650793,4087.9661706349207,1904.4725198412698,4296.292460317461,26.097,26.488,26.977,27.124,1022.55,543.6,613.5,495.1,27.272,28.357,28.258,29.053,132267.5,154312.1,26178,60622.6
2013,30,NA,NA,NA,NA,NA,NA,NA,NA,NA,NA,NA,NA,NA,NA,NA,NA,26.097,25.61,25.61,24.448,88178.4,46844.8,33066.9,79911.6
2013,31,23.75274007936508,23.50883035714286,24.184198412698414,23.60449603174603,6763.035615079365,1630.3122023809524,1894.990476190476,4786.011805555556,23.773,23.484,24.255,23.581,640.45,258.3,269.1,559.75,25.222,24.835,25.222,25.028,99200.7,39955.8,55111.5,63378.2
2013,32,NA,NA,NA,NA,NA,NA,NA,NA,NA,NA,NA,NA,NA,NA,NA,NA,24.158,23.966,23.773,24.062,104711.8,46844.8,27555.7,49600.3
2013,33,21.906237103174604,21.937260912698413,22.22920734126984,22.192739087301586,5467.205555555555,3218.904265873016,1451.4791666666667,4397.120337301587,22.046,21.951,22.238,22.238,737.3,570.5,538.2,742.7,23.196,23.004,23.292,23.196,121245.2,88178.4,14466.8,55111.5
2013,34,NA,NA,NA,NA,NA,NA,NA,NA,NA,NA,NA,NA,NA,NA,NA,NA,23.773,24.931,24.545,25.125,115734.1,77156.1,12400.1,68889.3
2013,35,23.32720734126984,23.276585317460317,23.36869246031746,22.92152976190476,4005.6457341269843,2458.8811507936507,1493.668253968254,3099.143253968254,23.388,23.292,23.581,23.004,441.35,317.54999999999995,344.4,479,24.738,25.222,24.545,24.545,148801,60622.6,8266.7,77156.1
2013,36,NA,NA,NA,NA,NA,NA,NA,NA,NA,NA,NA,NA,NA,NA,NA,NA,24.351,23.677,23.773,23.388,104711.8,187379,7233.4,49600.3
2013,37,20.200153769841272,20.28483134920635,20.882962301587302,NA,3085.6790674603176,2513.6618055555555,1095.039880952381,NA,20.234,20.043,20.519,NA,48.45,64.6,86.1,NA,21.473,22.525,22.429,-Inf,82667.2,63378.2,8266.7,-Inf
2013,38,NA,NA,19.062786282306163,NA,NA,NA,953.2954274353876,NA,NA,NA,19.092,NA,NA,NA,64.6,NA,19.948,19.948,20.138,-Inf,77156.1,99200.7,17222.3,-Inf
2013,39,NA,NA,17.34712962962963,NA,NA,NA,610.8046296296296,NA,NA,NA,17.379,NA,NA,NA,0,NA,-Inf,-Inf,17.855,-Inf,-Inf,-Inf,6544.5,-Inf
2014,22,NA,NA,16.053314359637774,NA,NA,NA,1945.951358344114,NA,NA,NA,15.951,NA,NA,NA,958,NA,-Inf,-Inf,18.806,-Inf,-Inf,-Inf,18600.1,-Inf
2014,23,NA,NA,18.74637213930348,NA,NA,NA,528.4933333333333,NA,NA,NA,18.331,NA,NA,NA,64.6,NA,21.282,21.951,21.569,21.664,71644.9,79911.6,9644.5,88178.4
2014,24,NA,NA,NA,NA,NA,NA,NA,NA,NA,NA,NA,NA,NA,NA,NA,NA,20.901,21.091,22.046,21.664,99200.7,99200.7,44089.2,74400.5
2014,25,19.277603174603176,19.768834325396824,19.942208333333333,19.276035714285715,6818.125,6515.51746031746,2178.697619047619,7130.257837301588,19.187,19.662,19.853,19.187,1367.05,974.15,1049.5,1205.6,22.429,22.142,21.569,21.091,99200.7,132267.5,35822.5,88178.4
2014,26,NA,NA,NA,NA,NA,NA,NA,NA,NA,NA,NA,NA,NA,NA,NA,NA,24.448,24.931,25.708,20.71,57867,104711.8,77156.1,16533.4
2014,27,22.404900793650793,22.86148908730159,23.2976001984127,NA,5900.124007936508,4879.062996031746,2411.05128968254,NA,22.333,22.908,23.004,NA,871.9,500.5,430.6,NA,25.902,25.319,25.805,-Inf,99200.7,88178.4,66133.8,-Inf
2014,28,NA,NA,NA,NA,NA,NA,NA,NA,NA,NA,NA,NA,NA,NA,NA,NA,25.319,25.416,26.097,23.677,85422.8,154312.1,66133.8,66133.8
2014,29,24.037483134920635,23.837068452380954,24.504756944444445,22.420548611111112,6564.500099206349,6404.386607142857,3363.24623015873,5425.773511904762,24.062,23.677,24.545,22.333,1108.7,1033.3,941.85,1135.6,25.902,25.805,26,25.416,93689.5,110223,41333.6,88178.4
2014,30,NA,NA,NA,NA,NA,NA,NA,NA,NA,NA,NA,NA,NA,NA,NA,NA,25.222,26.195,26.488,25.61,49600.3,79911.6,46844.8,34444.7
2014,31,23.465021825396825,23.37506547619048,23.77590376984127,21.386882936507938,5328.0525793650795,3240.4,2880.650496031746,4139.031150793651,23.484,23.292,23.773,21.187,1463.9,834.2,974.15,1205.55,24.738,25.028,24.931,24.545,49600.3,99200.7,44089.2,46844.8
2014,32,NA,NA,NA,NA,NA,NA,NA,NA,NA,NA,NA,NA,NA,NA,NA,NA,25.805,25.513,25.028,25.805,115734.1,93689.5,42711.4,60622.6
2014,33,21.928916666666666,21.573206349206348,22.123292658730158,19.71720734126984,4783.75873015873,3859.6375,1582.9745039682539,NA,21.855,21.473,22.046,19.567,414.4,333.7,301.4,NA,23.677,23.388,23.966,22.717,66133.8,60622.6,20666.8,1550
2014,34,NA,NA,NA,NA,NA,NA,NA,NA,NA,NA,NA,NA,NA,NA,NA,NA,23.581,24.738,23.196,23.966,115734.1,115734.1,74400.5,99200.7
2014,35,22.04151587301587,22.48319642857143,22.563795634920634,22.36926091269841,5416.58869047619,5540.256646825397,1903.4044642857143,5378.359523809524,21.951,22.429,22.429,22.333,457.5,548.95,414.4,495.1,23.484,24.738,23.966,24.255,66133.8,159823.3,34444.7,77156.1
2014,36,NA,NA,NA,NA,NA,NA,NA,NA,NA,NA,NA,NA,NA,NA,NA,NA,24.545,25.513,24.835,24.158,85422.8,126756.4,44089.2,55111.5
2014,37,20.50961408730159,20.114165674603175,20.36082738095238,19.773498015873017,4381.391369047619,4839.957936507936,1129.3608134920635,1020.9954365079365,20.234,19.9005,19.9955,19.377,172.2,183,177.6,10.8,23.484,23.1,22.238,22.046,88178.4,93689.5,11711.2,22044.6
2014,38,NA,NA,NA,NA,NA,NA,NA,NA,NA,NA,NA,NA,NA,NA,NA,NA,19.377,18.616,19.662,18.996,10677.8,1119.5,26178,19977.9
2014,39,NA,NA,17.65578095238095,NA,NA,NA,1236.777619047619,NA,NA,NA,17.665,NA,NA,NA,0,NA,-Inf,-Inf,18.045,-Inf,-Inf,-Inf,10333.4,-Inf
2015,23,17.445222503160558,16.48615549936789,17.379930467762325,15.205116308470291,5113.997345132743,4670.619342604298,2800.275600505689,5351.633628318584,17.475,16.332,17.284,14.9,1334.7,979.5,914.9,1184,18.521,18.616,19.092,18.331,60622.6,104711.8,42711.4,71644.9
2015,24,NA,18.72742757936508,19.125729166666666,18.05025396825397,NA,4863.515178571429,3381.443849206349,5799.424107142857,NA,18.616,18.996,18.045,NA,882.65,1044.1,1054.9,20.901,20.71,20.519,21.378,71644.9,132267.5,57867,110223
2015,25,NA,NA,NA,NA,NA,NA,NA,NA,NA,NA,NA,NA,NA,NA,NA,NA,22.812,22.429,22.142,21.951,115734.1,126756.4,79911.6,74400.5
2015,26,20.934081349206348,20.758900793650792,20.931046626984127,18.73727281746032,5499.635615079365,3256.9196428571427,3197.685615079365,2587.4714285714285,20.805,20.71,20.901,18.521,855.75,538.2,731.9,371.35,23.196,23.004,22.333,22.429,93689.5,71644.9,55111.5,35822.5
2015,27,NA,NA,NA,NA,NA,NA,NA,NA,NA,NA,NA,NA,NA,NA,NA,NA,23.292,23.484,23.484,23.004,88178.4,79911.6,77156.1,104711.8
2015,28,23.275190476190478,22.75954761904762,23.55396130952381,22.29599900793651,8478.007837301588,5775.814484126984,3708.7063492063494,4120.342857142857,23.196,22.812,23.581,22.142,1808.3,1108.7,1060.25,1022.55,25.61,25.416,24.835,24.545,126756.4,99200.7,52355.9,49600.3
2015,29,NA,NA,NA,NA,NA,NA,NA,NA,NA,NA,NA,NA,NA,NA,NA,NA,26,26.488,25.416,25.416,159823.3,143289.8,41333.6,20666.8
2015,30,24.013537698412698,23.762145833333335,23.962664682539682,24.024623015873015,8152.984722222222,6548.759623015873,2980.912599206349,5826.708432539683,23.966,23.484,23.9175,23.869,1463.9,769.6,984.9,1329.35,26.292,26.195,26.292,26.879,115734.1,132267.5,52355.9,99200.7
2015,31,NA,NA,NA,NA,NA,NA,NA,NA,NA,NA,NA,NA,NA,NA,NA,NA,26.292,27.37,26.781,26.977,176356.7,126756.4,93689.5,85422.8
2015,32,NA,NA,NA,NA,NA,NA,NA,NA,NA,NA,NA,NA,NA,NA,NA,NA,26,26.195,25.125,25.805,132267.5,104711.8,44089.2,85422.8
2015,33,24.27207043650794,24.602585317460317,24.752801587301587,24.947738095238094,9953.67251984127,6767.9047619047615,1936.7873015873015,7837.081448412699,24.158,24.448,24.545,24.931,1130.25,753.5,549,850.35,26.879,27.862,26.683,27.665,148801,231468.2,38578,110223
2015,34,NA,NA,NA,NA,NA,NA,NA,NA,NA,NA,NA,NA,NA,NA,NA,NA,27.173,27.075,26.488,25.319,99200.7,126756.4,41333.6,46844.8
2015,35,23.89163392857143,23.738155753968254,24.159233134920637,24.096612103174603,8379.603571428572,5472.278571428571,2932.1,2205.394047619048,23.869,23.581,24.158,24.062,850.35,575.9,613.5,387.5,25.805,25.513,24.931,25.416,93689.5,93689.5,63378.2,60622.6
2015,36,24.24970138888889,24.628164682539683,24.368695436507938,24.72059623015873,8465.481646825398,4971.763988095238,1773.0521825396825,3413.13621031746,24.158,24.448,24.448,24.738,618.9,382.1,403.65,387.5,26,26.683,25.708,26.097,170845.6,74400.5,17222.3,88178.4
2015,37,NA,NA,NA,NA,NA,NA,NA,NA,NA,NA,NA,NA,NA,NA,NA,NA,25.028,25.708,25.416,24.738,85422.8,176356.7,34444.7,16533.4
2015,38,21.77629265873016,22.043234126984128,22.24375496031746,21.790748015873017,4921.851686507936,5625.310813492063,1302.3116071428572,1835.371130952381,21.76,22.046,22.429,21.664,204.55,145.3,107.6,123.75,23.196,24.738,23.677,24.158,68889.3,99200.7,18600.1,15155.7
2015,39,NA,NA,20.912625,NA,NA,NA,1452.86,NA,NA,NA,20.901,NA,NA,NA,48.449999999999996,NA,21.473,22.333,21.473,21.664,34444.7,41333.6,15844.5,7233.4
2016,22,NA,17.97487616099071,NA,NA,NA,5891.184210526316,NA,NA,NA,17.665,NA,NA,NA,850.4,NA,NA,-Inf,20.234,-Inf,18.996,-Inf,71644.9,-Inf,37200.2
2016,23,NA,18.619823412698413,NA,NA,NA,1521.4123015873015,NA,NA,NA,18.806,NA,NA,NA,188.4,NA,NA,-Inf,21.187,22.333,20.043,-Inf,46844.8,23422.4,55111.5
2016,24,NA,NA,NA,NA,NA,NA,NA,NA,NA,NA,NA,NA,NA,NA,NA,NA,18.331,18.331,18.045,20.234,79911.6,79911.6,20666.8,68889.3
2016,25,19.22987400793651,19.615757936507936,20.12806746031746,NA,10103.406746031746,6137.774404761904,2687.166964285714,NA,19.282,19.662,20.805,NA,1679.15,721.2,871.9,NA,21.378,22.238,23.1,22.142,165334.4,85422.8,28933.5,231468.2
2016,26,NA,NA,NA,NA,NA,NA,NA,NA,NA,NA,NA,NA,NA,NA,NA,NA,24.545,23.1,24.351,23.773,187379,82667.2,42711.4,99200.7
2016,27,22.52572023809524,22.54069642857143,23.243438492063493,NA,8395.83621031746,3366.9416666666666,3382.702083333333,NA,22.429,22.333,23.196,NA,1006.4,263.70000000000005,1044.1,NA,24.738,24.931,25.028,26,170845.6,66133.8,46844.8,74400.5
2016,28,22.63694146825397,22.220768849206348,23.176271825396825,21.50867361111111,2836.494246031746,4670.417261904762,2583.66001984127,5429.392162698413,22.621,22.429,23.1,21.378,1097.9,1044.1,1027.95,1259.4,24.545,25.319,24.835,24.158,24800.2,66133.8,30311.3,68889.3
2016,29,NA,NA,NA,NA,NA,NA,NA,NA,NA,NA,NA,NA,NA,NA,NA,NA,25.513,25.513,25.61,25.416,132267.5,79911.6,49600.3,132267.5
2016,30,24.06971626984127,24.418520833333332,24.777349206349207,24.91205654761905,9929.690178571429,4932.44632936508,3772.7043650793653,4821.66626984127,23.966,24.351,24.738,24.835,1765.25,645.8,1350.9,527.4,25.902,26.292,26,26.488,148801,82667.2,63378.2,104711.8
2016,31,NA,NA,NA,NA,NA,NA,NA,NA,NA,NA,NA,NA,NA,NA,NA,NA,26.683,26.292,26,26.585,104711.8,176356.7,34444.7,170845.6
2016,32,24.515909722222222,24.708993055555556,25.316276785714287,24.89219345238095,8375.064781746032,6849.402182539682,2451.3636904761906,7410.600892857143,24.448,24.545,25.222,24.738,1302.4,845,914.9,828.8,26,26.585,26.488,26.683,121245.2,132267.5,34444.7,132267.5
2016,33,24.63566765873016,24.719749007936507,25.280228174603174,24.874772817460318,5540.4161706349205,4181.637301587301,2427.261607142857,4759.453670634921,24.545,24.641,25.319,24.835,920.3,742.7,753.45,618.9,26.292,26.879,26.781,27.468,126756.4,77156.1,33066.9,93689.5
2016,34,NA,NA,NA,NA,NA,NA,NA,NA,NA,NA,NA,NA,NA,NA,NA,NA,26.195,25.805,25.028,25.902,165334.4,104711.8,30311.3,242490.5
2016,35,NA,NA,NA,NA,NA,NA,NA,NA,NA,NA,NA,NA,NA,NA,NA,NA,25.708,25.513,24.835,25.708,82667.2,126756.4,30311.3,110223
2016,36,NA,22.94006746031746,22.824296626984125,22.875467261904763,NA,1450.8497023809523,1658.0220238095237,5771.169642857143,NA,22.812,22.812,22.717,NA,21.5,409,387.5,24.641,24.448,23.773,24.448,148801,71644.9,17911.2,88178.4
2016,37,22.605444444444444,22.612055555555557,22.800083333333333,22.549777777777777,4766.063591269842,4742.262301587301,2067.2988095238097,4507.993849206349,22.717,22.717,22.717,22.476999999999997,360.6,258.3,252.95,279.85,24.351,24.738,24.448,24.545,77156.1,187379,60622.6,68889.3
2016,38,NA,NA,NA,NA,NA,NA,NA,NA,NA,NA,NA,NA,NA,NA,NA,NA,23.004,24.255,22.908,23.292,52355.9,170845.6,20666.8,77156.1
2016,39,NA,20.350101631116686,20.40888582183187,19.963119196988707,NA,438.3249686323714,926.5915934755333,441.6060225846926,NA,20.234,20.138,19.853,NA,0,21.5,0,21.855,22.238,22.429,21.664,38578,5166.7,6200,8266.7
